时间（ms）,X坐标（mm）,Y坐标（mm）,压力（0-1）,速度（mm/s）,角度（度）,落笔情况（1落笔/0抬笔）
0,49.837502,113.874999,0.270508,0.000000,0.000000,1
10,49.837502,113.874999,0.270508,0.000000,0.000000,1
20,49.837502,113.874999,0.270508,0.000000,0.000000,1
30,49.837502,113.874999,0.270508,0.000000,0.000000,1
40,49.837502,113.874999,0.270508,0.000000,0.000000,1
50,49.837502,113.874999,0.270508,0.000000,0.000000,1
60,49.837502,113.874999,0.270508,0.000000,0.000000,1
70,49.837502,113.874999,0.270508,0.000000,0.000000,1
80,49.837502,113.874999,0.270508,0.000000,0.000000,1
90,49.837502,113.750000,0.684570,12.499952,-90.000000,1
100,50.062503,113.375000,0.780273,43.732228,-59.036051,1
110,50.062503,113.375000,0.780273,0.000000,0.000000,1
120,50.287500,112.500000,0.829102,90.346423,-75.579430,1
130,50.287500,112.500000,0.829102,0.000000,0.000000,1
140,50.400003,111.875000,0.851563,63.504537,-79.795729,1
150,50.512502,110.749998,0.870117,113.061226,-84.289501,1
160,50.512502,110.749998,0.870117,0.000000,0.000000,1
170,50.625000,109.374999,0.892578,137.959351,-85.322650,1
180,50.625000,109.374999,0.892578,0.000000,0.000000,1
190,50.737503,107.874999,0.893555,150.421309,-85.710716,1
200,50.850002,106.125000,0.895508,175.361128,-86.321815,1
210,50.850002,106.125000,0.895508,0.000000,0.000000,1
220,50.962500,105.499998,0.897461,63.504586,-79.796209,1
230,50.962500,105.499998,0.897461,0.000000,0.000000,1
240,50.962500,104.749998,0.900391,75.000000,-90.000000,1
250,51.075003,103.875000,0.908203,88.220105,-82.673356,1
260,51.075003,103.875000,0.908203,0.000000,0.000000,1
270,51.075003,102.874998,0.913086,100.000191,-90.000000,1
280,51.075003,102.874998,0.913086,0.000000,0.000000,1
290,51.187502,101.625000,0.919922,125.505024,-84.857306,1
300,51.187502,100.875000,0.924805,75.000000,-90.000000,1
310,51.187502,100.875000,0.924805,0.000000,0.000000,1
320,51.300000,100.125000,0.931641,75.839031,-81.469363,1
330,51.300000,100.125000,0.931641,0.000000,0.000000,1
340,51.300000,99.499998,0.935547,62.500191,-90.000000,1
350,51.300000,98.499999,0.940430,99.999905,-90.000000,1
360,51.300000,98.499999,0.940430,0.000000,0.000000,1
370,51.300000,97.749999,0.942383,75.000000,-90.000000,1
380,51.300000,97.749999,0.942383,0.000000,0.000000,1
390,51.187502,96.999999,0.948242,75.839031,-98.530637,1
400,51.075003,96.499998,0.953125,51.250055,-102.680173,1
410,51.075003,96.499998,0.953125,0.000000,0.000000,1
420,50.962500,96.000000,0.954102,51.249889,-102.680805,1
430,50.962500,96.000000,0.954102,0.000000,0.000000,1
440,50.850002,95.749998,0.892578,27.414744,-114.227255,1
450,50.625000,96.124998,0.129883,43.732228,120.963949,1
460,50.625000,96.124998,0.000000,0.000000,0.000000,0
470,50.512502,96.750000,0.000000,63.504586,100.203791,0
480,50.512502,96.750000,0.000000,0.000000,0.000000,0
490,50.512502,98.499999,0.000000,174.999905,90.000000,0
500,51.412503,101.749998,0.000000,337.231328,74.521329,0
510,51.412503,101.749998,0.000000,0.000000,0.000000,0
520,52.650000,103.875000,0.000000,245.907114,59.785583,0
530,52.650000,103.875000,0.000000,0.000000,0.000000,0
540,54.112503,105.874998,0.000000,247.768211,53.823772,0
550,55.237502,107.749998,0.000000,218.660608,59.036282,0
560,55.237502,107.749998,0.000000,0.000000,0.000000,0
570,55.575002,109.125000,0.000000,141.581655,76.209152,0
580,55.575002,109.125000,0.000000,0.000000,0.000000,0
590,55.125003,109.624998,0.000000,67.267864,131.987212,0
600,55.462503,110.124999,0.000000,60.324722,55.980701,0
610,55.462503,110.124999,0.000000,0.000000,0.000000,0
620,54.450003,110.250000,0.000000,102.018699,172.962006,0
630,54.450003,110.250000,0.000000,0.000000,0.000000,0
640,52.762503,110.374998,0.000000,169.212316,175.763670,0
650,52.200002,110.749998,0.000000,67.604229,146.310013,0
660,52.200002,110.749998,0.000000,0.000000,0.000000,0
670,51.750003,111.000000,0.000000,51.478093,150.945118,0
680,51.750003,111.000000,0.000000,0.000000,0.000000,0
690,51.412503,111.125000,0.000000,35.990434,159.676934,0
700,51.300000,111.249999,0.000000,16.817224,131.988191,0
710,51.300000,111.249999,0.000000,0.000000,0.000000,0
720,50.962500,111.249999,0.000000,33.750000,180.000000,0
730,50.962500,111.249999,0.000000,0.000000,0.000000,0
740,50.737503,111.375000,0.000000,25.738822,150.944839,0
750,50.625000,111.624999,0.000000,27.414694,114.228481,0
760,50.625000,111.624999,0.000000,0.000000,0.000000,0
770,50.625000,111.624999,0.000000,0.000000,0.000000,0
780,50.625000,111.624999,0.000000,0.000000,0.000000,0
790,50.625000,111.624999,0.000000,0.000000,0.000000,0
800,50.625000,111.624999,0.000000,0.000000,0.000000,0
810,50.512502,111.750000,0.000000,16.816986,131.986560,0
820,50.400003,111.750000,0.000000,11.249828,180.000000,0
830,50.400003,111.750000,0.000000,0.000000,0.000000,0
840,50.175002,111.875000,0.000000,25.739202,150.945674,0
850,50.175002,111.875000,0.000000,0.000000,0.000000,0
860,50.062503,111.875000,0.000000,11.249828,180.000000,0
870,50.062503,111.999999,0.000000,12.499952,90.000000,0
880,50.062503,111.999999,0.000000,0.000000,0.000000,0
890,50.062503,111.999999,0.000000,0.000000,0.000000,0
900,50.062503,111.999999,0.262695,0.000000,0.000000,1
910,50.062503,111.999999,0.262695,0.000000,0.000000,1
920,50.062503,111.999999,0.262695,0.000000,0.000000,1
930,50.062503,111.999999,0.262695,0.000000,0.000000,1
940,50.062503,111.999999,0.262695,0.000000,0.000000,1
950,50.062503,111.999999,0.262695,0.000000,0.000000,1
960,50.062503,111.999999,0.262695,0.000000,0.000000,1
970,51.412503,112.625000,0.659180,148.765776,24.842406,1
980,51.412503,112.625000,0.659180,0.000000,0.000000,1
990,52.200002,112.875000,0.710938,82.622865,17.612645,1
1000,53.100003,113.124999,0.739258,93.407848,15.524026,1
1010,53.100003,113.124999,0.739258,0.000000,0.000000,1
1020,54.225002,113.375000,0.753906,115.244148,12.528849,1
1030,54.225002,113.375000,0.753906,0.000000,0.000000,1
1040,55.575002,113.625000,0.765625,137.295311,10.491497,1
1050,57.712500,113.874999,0.782227,215.206841,6.670933,1
1060,57.712500,113.874999,0.782227,0.000000,0.000000,1
1070,58.950002,114.000000,0.790039,124.379891,5.767925,1
1080,58.950002,114.000000,0.790039,0.000000,0.000000,1
1090,59.962502,114.125000,0.791992,102.018681,7.037914,1
1100,60.750000,114.125000,0.798828,78.749828,0.000000,1
1110,60.750000,114.125000,0.798828,0.000000,0.000000,1
1120,61.650002,114.249999,0.798828,90.864073,7.907118,1
1130,61.650002,114.249999,0.798828,0.000000,0.000000,1
1140,62.437500,114.249999,0.798828,78.749828,0.000000,1
1150,63.225003,114.249999,0.798828,78.750343,0.000000,1
1160,63.225003,114.249999,0.798828,0.000000,0.000000,1
1170,63.900003,114.249999,0.800781,67.500000,0.000000,1
1180,63.900003,114.249999,0.800781,0.000000,0.000000,1
1190,64.575003,114.249999,0.801758,67.500000,0.000000,1
1200,65.362502,114.249999,0.803711,78.749828,0.000000,1
1210,65.362502,114.249999,0.803711,0.000000,0.000000,1
1220,65.812500,114.125000,0.804688,46.703676,-15.524111,1
1230,65.812500,114.125000,0.804688,0.000000,0.000000,1
1240,66.150000,114.125000,0.802734,33.750000,0.000000,1
1250,66.262503,114.000000,0.802734,16.817224,-48.011809,1
1260,66.262503,114.000000,0.802734,0.000000,0.000000,1
1270,66.487500,113.874999,0.820313,25.738822,-29.055161,1
1280,66.487500,113.874999,0.820313,0.000000,0.000000,1
1290,66.487500,113.750000,0.823242,12.499952,-90.000000,1
1300,66.600003,113.499999,0.826172,27.414825,-65.771641,1
1310,66.600003,113.499999,0.826172,0.000000,0.000000,1
1320,66.712502,113.250000,0.829102,27.414483,-65.772500,1
1330,66.712502,113.250000,0.829102,0.000000,0.000000,1
1340,66.712502,112.875000,0.833008,37.500000,-90.000000,1
1350,66.712502,112.374999,0.833008,50.000095,-90.000000,1
1360,66.712502,112.374999,0.833008,0.000000,0.000000,1
1370,66.375002,111.750000,0.833008,71.030279,-118.369083,1
1380,66.375002,111.750000,0.833008,0.000000,0.000000,1
1390,66.150000,111.125000,0.834961,66.426754,-109.799002,1
1400,65.812500,110.499999,0.837891,71.030405,-118.369028,1
1410,65.812500,110.499999,0.837891,0.000000,0.000000,1
1420,65.250003,109.624998,0.837891,104.020626,-122.735039,1
1430,65.250003,109.624998,0.837891,0.000000,0.000000,1
1440,64.912503,108.999999,0.840820,71.030279,-118.369083,1
1450,64.462500,108.375000,0.840820,77.014732,-125.754136,1
1460,64.462500,108.375000,0.840820,0.000000,0.000000,1
1470,64.012502,107.749998,0.840820,77.014663,-125.753701,1
1480,64.012502,107.749998,0.840820,0.000000,0.000000,1
1490,63.562503,106.999998,0.840820,87.464190,-120.963660,1
1500,62.775000,105.999999,0.839844,127.285496,-128.220580,1
1510,62.775000,105.999999,0.839844,0.000000,0.000000,1
1520,62.325002,105.375000,0.838867,77.014431,-125.753825,1
1530,62.325002,105.375000,0.838867,0.000000,0.000000,1
1540,61.987502,104.874999,0.835938,60.324722,-124.019299,1
1550,61.425000,104.374998,0.834961,75.260158,-138.366493,1
1560,61.425000,104.374998,0.834961,0.000000,0.000000,1
1570,60.862503,103.749999,0.828125,84.084850,-131.987082,1
1580,60.862503,103.749999,0.828125,0.000000,0.000000,1
1590,59.850003,102.999999,0.827148,126.002232,-143.471145,1
1600,59.062500,102.499998,0.829102,93.282507,-147.587757,1
1610,59.062500,102.499998,0.829102,0.000000,0.000000,1
1620,58.500003,102.000000,0.828125,75.259583,-138.366396,1
1630,58.500003,102.000000,0.828125,0.000000,0.000000,1
1640,58.050000,101.625000,0.829102,58.577136,-140.194644,1
1650,57.487503,100.999998,0.829102,84.085062,-131.986952,1
1660,57.487503,100.999998,0.829102,0.000000,0.000000,1
1670,57.037500,100.500000,0.829102,67.268208,-131.987539,1
1680,57.037500,100.500000,0.829102,0.000000,0.000000,1
1690,56.475003,100.125000,0.829102,67.603801,-146.309771,1
1700,56.025000,99.750000,0.829102,58.577136,-140.194644,1
1710,56.025000,99.750000,0.829102,0.000000,0.000000,1
1720,55.462503,99.249999,0.827148,75.259773,-138.366233,1
1730,55.462503,99.249999,0.827148,0.000000,0.000000,1
1740,54.675000,98.749998,0.828125,93.282507,-147.587757,1
1750,54.225002,98.499999,0.825195,51.477954,-150.945396,1
1760,54.225002,98.499999,0.825195,0.000000,0.000000,1
1770,53.775003,98.250000,0.787109,51.477954,-150.945396,1
1780,53.775003,98.250000,0.787109,0.000000,0.000000,1
1790,53.325000,98.124999,0.748047,46.704211,-164.475889,1
1800,52.650000,97.875000,0.690430,71.980867,-159.676934,1
1810,52.650000,97.875000,0.690430,0.000000,0.000000,1
1820,52.312500,97.875000,0.680664,33.750000,180.000000,1
1830,52.312500,97.875000,0.680664,0.000000,0.000000,1
1840,52.200002,97.875000,0.680664,11.249828,180.000000,1
1850,52.087503,97.875000,0.680664,11.249828,180.000000,1
1860,52.087503,97.875000,0.680664,0.000000,0.000000,1
1870,52.087503,97.875000,0.680664,0.000000,0.000000,1
1880,52.087503,97.875000,0.680664,0.000000,0.000000,1
1890,52.087503,97.875000,0.680664,0.000000,0.000000,1
1900,52.312500,97.875000,0.690430,22.499657,0.000000,1
1910,52.312500,97.875000,0.690430,0.000000,0.000000,1
1920,52.875002,98.124999,0.724609,61.555479,23.962343,1
1930,52.875002,98.124999,0.724609,0.000000,0.000000,1
1940,53.662500,98.374998,0.757813,82.622822,17.612551,1
1950,55.800003,99.124998,0.778320,226.526399,19.334780,1
1960,55.800003,99.124998,0.778320,0.000000,0.000000,1
1970,57.037500,99.375000,0.783203,126.249701,11.421302,1
1980,57.037500,99.375000,0.783203,0.000000,0.000000,1
1990,57.712500,99.624999,0.784180,71.980867,20.323066,1
2000,58.275002,99.624999,0.787109,56.250172,0.000000,1
2010,58.275002,99.624999,0.787109,0.000000,0.000000,1
2020,59.062500,99.750000,0.791992,79.735738,9.019409,1
2030,59.062500,99.750000,0.791992,0.000000,0.000000,1
2040,60.187503,99.999999,0.799805,115.244620,12.528724,1
2050,60.862503,100.125000,0.804688,68.647668,10.491555,1
2060,60.862503,100.125000,0.804688,0.000000,0.000000,1
2070,61.537503,100.125000,0.808594,67.500000,0.000000,1
2080,61.537503,100.125000,0.808594,0.000000,0.000000,1
2090,62.212503,100.249998,0.806641,68.647616,10.491320,1
2100,63.000002,100.374999,0.808594,79.735738,9.019409,1
2110,63.000002,100.374999,0.808594,0.000000,0.000000,1
2120,63.787500,100.374999,0.808594,78.749828,0.000000,1
2130,63.787500,100.374999,0.808594,0.000000,0.000000,1
2140,64.575003,100.500000,0.809570,79.736246,9.019351,1
2150,64.912503,100.500000,0.807617,33.750000,0.000000,1
2160,64.912503,100.500000,0.807617,0.000000,0.000000,1
2170,65.025002,100.500000,0.807617,11.249828,0.000000,1
2180,65.025002,100.500000,0.807617,0.000000,0.000000,1
2190,64.912503,100.500000,0.000000,11.249828,180.000000,0
2200,64.687502,100.500000,0.000000,22.500172,180.000000,0
2210,64.687502,100.500000,0.000000,0.000000,0.000000,0
2220,64.350002,100.500000,0.000000,33.750000,180.000000,0
2230,64.350002,100.500000,0.000000,0.000000,0.000000,0
2240,64.350002,100.500000,0.000000,0.000000,0.000000,0
2250,64.462500,100.500000,0.000000,11.249828,0.000000,0
2260,64.462500,100.500000,0.000000,0.000000,0.000000,0
2270,64.462500,100.500000,0.000000,0.000000,0.000000,0
2280,64.462500,100.500000,0.000000,0.000000,0.000000,0
2290,64.462500,100.500000,0.000000,0.000000,0.000000,0
2300,64.462500,100.500000,0.000000,0.000000,0.000000,0
2310,64.462500,100.500000,0.000000,0.000000,0.000000,0
2320,64.462500,100.500000,0.000000,0.000000,0.000000,0
2330,64.462500,100.500000,0.000000,0.000000,0.000000,0
2340,64.462500,100.500000,0.000000,0.000000,0.000000,0
2350,64.462500,100.500000,0.000000,0.000000,0.000000,0
2360,64.462500,100.500000,0.000000,0.000000,0.000000,0
2370,64.462500,100.500000,0.000000,0.000000,0.000000,0
2380,64.462500,100.500000,0.000000,0.000000,0.000000,0
2390,64.462500,100.500000,0.000000,0.000000,0.000000,0
2400,64.462500,100.500000,0.000000,0.000000,0.000000,0
2410,64.462500,100.500000,0.000000,0.000000,0.000000,0
2420,64.462500,100.500000,0.000000,0.000000,0.000000,0
2430,64.462500,100.500000,0.000000,0.000000,0.000000,0
2440,64.462500,100.500000,0.000000,0.000000,0.000000,0
2450,64.462500,100.500000,0.000000,0.000000,0.000000,0
2460,64.462500,100.500000,0.000000,0.000000,0.000000,0
2470,52.987500,86.625000,0.000000,1800.531172,-129.591668,0
2480,52.987500,86.625000,0.000000,0.000000,0.000000,0
2490,52.200002,86.625000,0.000000,78.749828,180.000000,0
2500,51.525002,86.749998,0.000000,68.647616,169.508680,0
2510,51.525002,86.749998,0.000000,0.000000,0.000000,0
2520,51.412503,86.874996,0.000000,16.816773,131.987212,0
2530,51.412503,86.874996,0.000000,0.000000,0.000000,0
2540,51.187502,87.124998,0.000000,33.634317,131.987212,0
2550,51.187502,87.375000,0.000000,25.000191,90.000000,0
2560,51.187502,87.375000,0.000000,0.000000,0.000000,0
2570,51.525002,88.125000,0.000000,82.243921,65.772255,0
2580,51.525002,88.125000,0.000000,0.000000,0.000000,0
2590,52.762503,89.124999,0.000000,159.104010,38.940947,0
2600,53.100003,89.499999,0.000000,50.451090,48.012788,0
2610,53.100003,89.499999,0.000000,0.000000,0.000000,0
2620,53.212502,89.499999,0.000000,11.249828,0.000000,0
2630,53.212502,89.499999,0.000000,0.000000,0.000000,0
2640,53.212502,89.749998,0.000000,24.999905,90.000000,0
2650,53.100003,90.000000,0.000000,27.414744,114.227255,0
2660,53.100003,90.000000,0.000000,0.000000,0.000000,0
2670,52.650000,90.124998,0.000000,46.704134,164.476227,0
2680,52.650000,90.124998,0.000000,0.000000,0.000000,0
2690,52.200002,90.249999,0.000000,46.703714,164.475720,0
2700,51.862502,90.375000,0.000000,35.990483,159.676721,0
2710,51.862502,90.375000,0.000000,0.000000,0.000000,0
2720,51.412503,90.375000,0.000000,44.999828,180.000000,0
2730,51.412503,90.375000,0.000000,0.000000,0.000000,0
2740,51.075003,90.499998,0.000000,35.990384,159.677148,0
2750,50.850002,90.624999,0.000000,25.739272,150.945396,0
2760,50.850002,90.624999,0.000000,0.000000,0.000000,0
2770,50.737503,90.624999,0.000000,11.249828,180.000000,0
2780,50.737503,90.624999,0.000000,0.000000,0.000000,0
2790,50.512502,90.624999,0.000000,22.500172,180.000000,0
2800,50.400003,90.375000,0.000000,27.414483,-114.227500,0
2810,50.400003,90.375000,0.390625,0.000000,0.000000,1
2820,50.400003,90.375000,0.390625,0.000000,0.000000,1
2830,50.400003,90.375000,0.390625,0.000000,0.000000,1
2840,50.400003,90.375000,0.390625,0.000000,0.000000,1
2850,50.400003,90.375000,0.390625,0.000000,0.000000,1
2860,50.400003,90.375000,0.390625,0.000000,0.000000,1
2870,51.300000,90.375000,0.631836,89.999657,0.000000,1
2880,52.312500,90.499998,0.688477,102.018664,7.037834,1
2890,52.312500,90.499998,0.688477,0.000000,0.000000,1
2900,53.325000,90.874998,0.714844,107.971350,20.323137,1
2910,53.325000,90.874998,0.714844,0.000000,0.000000,1
2920,54.787503,91.249998,0.742188,150.981499,14.381362,1
2930,54.787503,91.249998,0.742188,0.000000,0.000000,1
2940,56.250002,91.624998,0.751953,150.981000,14.381411,1
2950,58.050000,92.124999,0.762695,186.815277,15.524153,1
2960,58.050000,92.124999,0.762695,0.000000,0.000000,1
2970,59.175003,92.374998,0.766602,115.244620,12.528724,1
2980,59.175003,92.374998,0.766602,0.000000,0.000000,1
2990,60.300002,92.749998,0.771484,118.585249,18.434975,1
3000,61.425000,93.124998,0.777344,118.585249,18.434975,1
3010,61.425000,93.124998,0.777344,0.000000,0.000000,1
3020,62.437500,93.499998,0.779297,107.971350,20.323137,1
3030,62.437500,93.499998,0.779297,0.000000,0.000000,1
3040,63.337502,93.750000,0.786133,93.407925,15.524196,1
3050,64.125000,93.999999,0.787109,82.622822,17.612551,1
3060,64.125000,93.999999,0.787109,0.000000,0.000000,1
3070,64.800000,94.125000,0.788086,68.647668,10.491555,1
3080,64.800000,94.125000,0.788086,0.000000,0.000000,1
3090,65.250003,94.249998,0.788086,46.704134,15.523773,1
3100,65.362502,94.249998,0.789063,11.249828,0.000000,1
3110,65.362502,94.249998,0.789063,0.000000,0.000000,1
3120,65.362502,94.249998,0.789063,0.000000,0.000000,1
3130,65.362502,94.249998,0.789063,0.000000,0.000000,1
3140,65.362502,94.249998,0.789063,0.000000,0.000000,1
3150,65.137500,94.249998,0.000000,22.500172,180.000000,0
3160,65.137500,94.249998,0.000000,0.000000,0.000000,0
3170,64.687502,94.125000,0.000000,46.703638,-164.476058,0
3180,64.687502,94.125000,0.000000,0.000000,0.000000,0
3190,64.237503,94.125000,0.000000,44.999828,180.000000,0
3200,63.562503,93.874998,0.000000,71.980966,-159.676721,0
3210,63.562503,93.874998,0.000000,0.000000,0.000000,0
3220,62.550003,93.249999,0.000000,118.986556,-148.313671,0
3230,62.550003,93.249999,0.000000,0.000000,0.000000,0
3240,60.637502,91.374999,0.000000,267.829943,-135.567292,0
3250,57.712500,89.250000,0.000000,361.541920,-144.001783,0
3260,57.712500,89.250000,0.000000,0.000000,0.000000,0
3270,52.987500,86.124996,0.000000,566.491605,-146.520288,0
3280,52.987500,86.124996,0.000000,0.000000,0.000000,0
3290,50.962500,84.624996,0.000000,252.004464,-143.471145,0
3300,49.275000,83.499996,0.000000,202.812259,-146.309932,0
3310,49.275000,83.499996,0.000000,0.000000,0.000000,0
3320,47.812502,82.624998,0.000000,170.426609,-149.108339,0
3330,47.812502,82.624998,0.000000,0.000000,0.000000,0
3340,46.800002,82.125000,0.000000,112.922732,-153.718676,0
3350,46.350003,81.874998,0.000000,51.478093,-150.945118,0
3360,46.350003,81.874998,0.000000,0.000000,0.000000,0
3370,46.012503,81.624996,0.000000,42.000858,-143.470936,0
3380,46.012503,81.624996,0.000000,0.000000,0.000000,0
3390,45.787502,81.624996,0.000000,22.500172,180.000000,0
3400,45.675003,81.499998,0.000000,16.816773,-131.987212,0
3410,45.675003,81.499998,0.000000,0.000000,0.000000,0
3420,45.675003,81.499998,0.000000,0.000000,0.000000,0
3430,45.675003,81.499998,0.000000,0.000000,0.000000,0
3440,45.675003,81.499998,0.000000,0.000000,0.000000,0
3450,45.450002,81.499998,0.000000,22.500172,180.000000,0
3460,45.450002,81.499998,0.000000,0.000000,0.000000,0
3470,45.225000,81.375000,0.000000,25.739133,-150.945953,0
3480,45.225000,81.375000,0.000000,0.000000,0.000000,0
3490,45.000003,81.375000,0.000000,22.499657,180.000000,0
3500,44.662503,81.249996,0.000000,35.990583,-159.676294,0
3510,44.662503,81.249996,0.000000,0.000000,0.000000,0
3520,44.437502,81.124998,0.000000,25.739133,-150.945953,0
3530,44.437502,81.124998,0.000000,0.000000,0.000000,0
3540,44.325003,81.000000,0.000000,16.816773,-131.987212,0
3550,44.325003,81.000000,0.000000,0.000000,0.000000,0
3560,44.325003,81.000000,0.453125,0.000000,0.000000,1
3570,44.325003,81.000000,0.453125,0.000000,0.000000,1
3580,44.325003,81.000000,0.453125,0.000000,0.000000,1
3590,45.000003,81.249996,0.596680,71.980768,20.322852,1
3600,45.562500,81.499998,0.629883,61.555125,23.962781,1
3610,45.562500,81.499998,0.629883,0.000000,0.000000,1
3620,46.687503,81.874998,0.667969,118.585738,18.434896,1
3630,48.375003,82.374996,0.714844,176.001544,16.504302,1
3640,48.375003,82.374996,0.714844,0.000000,0.000000,1
3650,51.187502,83.250000,0.747070,294.546741,17.281579,1
3660,51.187502,83.250000,0.747070,0.000000,0.000000,1
3670,52.875002,83.749998,0.757813,176.001544,16.504302,1
3680,52.875002,83.749998,0.757813,0.000000,0.000000,1
3690,54.675000,84.375000,0.761719,190.541891,19.148209,1
3700,56.250002,84.874998,0.763672,165.246135,17.612497,1
3710,56.250002,84.874998,0.763672,0.000000,0.000000,1
3720,58.387500,85.624998,0.764648,226.525913,19.334823,1
3730,59.625002,85.999998,0.764648,129.307212,16.858377,1
3740,59.625002,85.999998,0.764648,0.000000,0.000000,1
3750,60.750000,86.374998,0.770508,118.585249,18.434975,1
3760,60.750000,86.374998,0.770508,0.000000,0.000000,1
3770,61.537503,86.625000,0.775391,82.623399,17.612632,1
3780,62.100000,86.874996,0.780273,61.554893,23.962294,1
3790,62.100000,86.874996,0.780273,0.000000,0.000000,1
3800,62.887503,87.124998,0.784180,82.623399,17.612632,1
3810,62.887503,87.124998,0.784180,0.000000,0.000000,1
3820,64.350002,87.624999,0.793945,154.560738,18.874604,1
3830,65.250003,87.999999,0.794922,97.500158,22.619826,1
3840,65.250003,87.999999,0.794922,0.000000,0.000000,1
3850,66.150000,88.249998,0.796875,93.407352,15.524111,1
3860,66.150000,88.249998,0.796875,0.000000,0.000000,1
3870,66.937503,88.500000,0.799805,82.623399,17.612632,1
3880,66.937503,88.500000,0.799805,0.000000,0.000000,1
3890,68.062502,88.875000,0.799805,118.585249,18.434975,1
3900,68.625003,89.124999,0.800781,61.555479,23.962343,1
3910,68.625003,89.124999,0.800781,0.000000,0.000000,1
3920,69.300003,89.250000,0.800781,68.647668,10.491555,1
3930,69.300003,89.250000,0.800781,0.000000,0.000000,1
3940,69.750002,89.374998,0.800781,46.703638,15.523942,1
3950,70.200000,89.625000,0.795898,51.478093,29.054882,1
3960,70.200000,89.625000,0.795898,0.000000,0.000000,1
3970,70.875000,89.749998,0.790039,68.647616,10.491320,1
3980,70.875000,89.749998,0.790039,0.000000,0.000000,1
3990,71.212500,89.874999,0.791016,35.990483,20.323279,1
4000,71.550000,90.000000,0.790039,35.990483,20.323279,1
4010,71.550000,90.000000,0.790039,0.000000,0.000000,1
4020,71.887500,90.000000,0.788086,33.750000,0.000000,1
4030,72.337503,90.000000,0.787109,45.000343,0.000000,1
4040,72.337503,90.000000,0.787109,0.000000,0.000000,1
4050,72.562500,90.000000,0.787109,22.499657,0.000000,1
4060,72.562500,90.000000,0.787109,0.000000,0.000000,1
4070,72.562500,90.124998,0.717773,12.499809,90.000000,1
4080,72.450002,90.124998,0.000000,11.249828,180.000000,0
4090,72.450002,90.124998,0.000000,0.000000,0.000000,0
4100,71.325003,90.249999,0.000000,113.192154,173.659751,0
4110,71.325003,90.249999,0.000000,0.000000,0.000000,0
4120,69.750002,90.375000,0.000000,157.995432,175.462198,0
4130,69.750002,90.375000,0.000000,0.000000,0.000000,0
4140,67.725002,90.375000,0.000000,202.500000,180.000000,0
4150,65.587503,90.499998,0.000000,214.115003,176.653230,0
4160,65.587503,90.499998,0.000000,0.000000,0.000000,0
4170,63.000002,90.499998,0.000000,258.750172,180.000000,0
4180,63.000002,90.499998,0.000000,0.000000,0.000000,0
4190,60.525003,90.499998,0.000000,247.499828,180.000000,0
4200,58.275002,90.249999,0.000000,226.384789,-173.659837,0
4210,58.275002,90.249999,0.000000,0.000000,0.000000,0
4220,57.937502,90.000000,0.000000,42.000687,-143.471249,0
4230,57.825003,89.625000,0.000000,39.151100,-106.699004,0
4240,57.825003,89.625000,0.000000,0.000000,0.000000,0
4250,57.825003,89.625000,0.000000,0.000000,0.000000,0
4260,57.825003,89.625000,0.000000,0.000000,0.000000,0
4270,57.825003,89.625000,0.000000,0.000000,0.000000,0
4280,57.825003,89.625000,0.000000,0.000000,0.000000,0
4290,58.275002,90.000000,0.000000,58.576741,39.805679,0
4300,58.387500,90.124998,0.000000,16.816773,48.012788,0
4310,58.387500,90.124998,0.000000,0.000000,0.000000,0
4320,58.275002,90.124998,0.000000,11.249828,180.000000,0
4330,58.050000,90.124998,0.000000,22.500172,180.000000,0
4340,58.050000,90.124998,0.000000,0.000000,0.000000,0
4350,57.825003,90.124998,0.000000,22.499657,180.000000,0
4360,57.825003,90.124998,0.000000,0.000000,0.000000,0
4370,57.600002,90.124998,0.000000,22.500172,180.000000,0
4380,57.487503,90.249999,0.000000,16.816986,131.986560,0
4390,57.487503,90.249999,0.000000,0.000000,0.000000,0
4400,57.487503,90.249999,0.000000,0.000000,0.000000,0
4410,57.487503,90.499998,0.000000,24.999905,90.000000,0
4420,57.487503,90.624999,0.000000,12.500095,90.000000,0
4430,57.487503,90.624999,0.000000,0.000000,0.000000,0
4440,57.487503,90.624999,0.000000,0.000000,0.000000,0
4450,57.375000,90.874998,0.000000,27.414694,114.228481,0
4460,57.262502,90.999999,0.000000,16.816986,131.986560,0
4470,57.262502,90.999999,0.000000,0.000000,0.000000,0
4480,57.262502,91.249998,0.000000,24.999905,90.000000,0
4490,57.262502,91.374999,0.000000,12.500095,90.000000,0
4500,57.262502,91.374999,0.000000,0.000000,0.000000,0
4510,57.262502,91.624998,0.000000,24.999905,90.000000,0
4520,57.262502,91.624998,0.000000,0.000000,0.000000,0
4530,57.262502,91.624998,0.000000,0.000000,0.000000,0
4540,57.262502,91.624998,0.000000,0.000000,0.000000,0
4550,57.150003,91.624998,0.180664,11.249828,180.000000,1
4560,57.150003,91.624998,0.180664,0.000000,0.000000,1
4570,57.150003,91.624998,0.180664,0.000000,0.000000,1
4580,57.150003,91.624998,0.180664,0.000000,0.000000,1
4590,57.150003,91.624998,0.180664,0.000000,0.000000,1
4600,57.150003,91.624998,0.180664,0.000000,0.000000,1
4610,57.150003,91.624998,0.180664,0.000000,0.000000,1
4620,56.700000,91.125000,0.577148,67.268208,-131.987539,1
4630,56.475003,90.624999,0.633789,54.829227,-114.227377,1
4640,56.475003,90.624999,0.633789,0.000000,0.000000,1
4650,56.025000,89.874999,0.729492,87.464455,-120.963949,1
4660,56.025000,89.874999,0.729492,0.000000,0.000000,1
4670,55.800003,89.250000,0.769531,66.426445,-109.798626,1
4680,55.462503,88.500000,0.803711,82.243921,-114.227745,1
4690,55.462503,88.500000,0.803711,0.000000,0.000000,1
4700,55.125003,87.874998,0.825195,71.030531,-118.368973,1
4710,55.125003,87.874998,0.825195,0.000000,0.000000,1
4720,54.900002,87.249999,0.840820,66.426620,-109.799044,1
4730,54.562502,86.124996,0.856445,117.453722,-106.699204,1
4740,54.562502,86.124996,0.856445,0.000000,0.000000,1
4750,54.337500,85.374996,0.860352,78.302348,-106.699365,1
4760,54.337500,85.374996,0.860352,0.000000,0.000000,1
4770,54.112503,84.624996,0.867188,78.302200,-106.699004,1
4780,53.662500,83.499996,0.880859,121.166336,-111.801560,1
4790,53.662500,83.499996,0.880859,0.000000,0.000000,1
4800,53.437503,82.875000,0.886719,66.426176,-109.798709,1
4810,53.437503,82.875000,0.886719,0.000000,0.000000,1
4820,53.100003,82.249998,0.888672,71.030531,-118.368973,1
4830,52.875002,81.624996,0.891602,66.426889,-109.798960,1
4840,52.875002,81.624996,0.891602,0.000000,0.000000,1
4850,52.650000,80.874996,0.897461,78.302348,-106.699365,1
4860,52.650000,80.874996,0.897461,0.000000,0.000000,1
4870,52.312500,80.124996,0.898438,82.243921,-114.227745,1
4880,51.862502,79.125000,0.907227,109.658143,-114.227745,1
4890,51.862502,79.125000,0.907227,0.000000,0.000000,1
4900,51.637500,78.624996,0.909180,54.829699,-114.227745,1
4910,51.637500,78.624996,0.909180,0.000000,0.000000,1
4920,51.300000,78.000000,0.911133,71.030028,-118.369193,1
4930,50.850002,77.124996,0.914063,98.393604,-117.215921,1
4940,50.850002,77.124996,0.914063,0.000000,0.000000,1
4950,50.400003,76.500000,0.915039,77.014199,-125.753949,1
4960,50.400003,76.500000,0.915039,0.000000,0.000000,1
4970,49.950000,75.750000,0.916016,87.464455,-120.963949,1
4980,49.387503,74.874996,0.917969,104.020866,-122.734954,1
4990,49.387503,74.874996,0.917969,0.000000,0.000000,1
5000,48.712503,74.250000,0.917969,91.991588,-137.202772,1
5010,48.712503,74.250000,0.917969,0.000000,0.000000,1
5020,48.262500,73.624998,0.921875,77.014964,-125.754012,1
5030,47.587500,72.999996,0.921875,91.991977,-137.202511,1
5040,47.587500,72.999996,0.921875,0.000000,0.000000,1
5050,47.362503,72.624996,0.900391,43.731963,-120.963371,1
5060,47.362503,72.624996,0.900391,0.000000,0.000000,1
5070,47.137502,72.499998,0.790039,25.739133,-150.945953,1
5080,46.912500,73.125000,0.000000,66.426889,109.798960,0
5090,46.912500,73.125000,0.000000,0.000000,0.000000,0
5100,47.025003,73.624998,0.000000,51.249889,77.319195,0
5110,47.025003,73.624998,0.000000,0.000000,0.000000,0
5120,47.812502,74.874996,0.000000,147.737902,57.789089,0
5130,49.275000,76.624998,0.000000,228.065953,50.114078,0
5140,49.275000,76.624998,0.000000,0.000000,0.000000,0
5150,50.737503,78.124998,0.000000,209.497406,45.725157,0
5160,50.737503,78.124998,0.000000,0.000000,0.000000,0
5170,52.087503,79.125000,0.000000,168.003090,36.528908,0
5180,53.887502,79.749996,0.000000,190.541703,19.148046,0
5190,53.887502,79.749996,0.000000,0.000000,0.000000,0
5200,54.562502,79.875000,0.000000,68.647721,10.491790,0
5210,54.562502,79.875000,0.000000,0.000000,0.000000,0
5220,54.675000,80.124996,0.000000,27.414222,65.772255,0
5230,54.675000,80.124996,0.000000,0.000000,0.000000,0
5240,54.900002,80.124996,0.000000,22.500172,0.000000,0
5250,54.787503,80.124996,0.000000,11.249828,180.000000,0
5260,54.787503,80.124996,0.000000,0.000000,0.000000,0
5270,54.112503,80.124996,0.000000,67.500000,180.000000,0
5280,53.550002,80.124996,0.000000,56.250172,180.000000,0
5290,53.550002,80.124996,0.000000,0.000000,0.000000,0
5300,53.100003,79.999998,0.000000,46.703638,-164.476058,0
5310,53.100003,79.999998,0.000000,0.000000,0.000000,0
5320,52.537502,79.999998,0.000000,56.250172,180.000000,0
5330,51.975000,79.999998,0.000000,56.250172,180.000000,0
5340,51.975000,79.999998,0.000000,0.000000,0.000000,0
5350,51.750003,79.999998,0.000000,22.499657,180.000000,0
5360,51.750003,79.999998,0.000000,0.000000,0.000000,0
5370,51.525002,79.999998,0.000000,22.500172,180.000000,0
5380,51.412503,79.999998,0.000000,11.249828,180.000000,0
5390,51.412503,79.999998,0.000000,0.000000,0.000000,0
5400,51.075003,80.124996,0.000000,35.990384,159.677148,0
5410,51.075003,80.124996,0.000000,0.000000,0.000000,0
5420,50.850002,80.124996,0.000000,22.500172,180.000000,0
5430,50.737503,80.250000,0.299805,16.817199,131.985908,1
5440,50.737503,80.250000,0.299805,0.000000,0.000000,1
5450,50.737503,80.250000,0.299805,0.000000,0.000000,1
5460,50.737503,80.250000,0.299805,0.000000,0.000000,1
5470,50.737503,80.250000,0.299805,0.000000,0.000000,1
5480,50.737503,80.250000,0.299805,0.000000,0.000000,1
5490,50.737503,80.250000,0.299805,0.000000,0.000000,1
5500,51.075003,80.250000,0.641602,33.750000,0.000000,1
5510,51.075003,80.250000,0.641602,0.000000,0.000000,1
5520,51.525002,80.250000,0.673828,44.999828,0.000000,1
5530,52.087503,80.250000,0.709961,56.250172,0.000000,1
5540,52.087503,80.250000,0.709961,0.000000,0.000000,1
5550,52.875002,80.250000,0.746094,78.749828,0.000000,1
5560,52.875002,80.250000,0.746094,0.000000,0.000000,1
5570,53.325000,80.124996,0.756836,46.703791,-15.524618,1
5580,53.775003,79.999998,0.771484,46.704134,-15.523773,1
5590,53.775003,79.999998,0.771484,0.000000,0.000000,1
5600,54.112503,79.749996,0.791992,42.000858,-36.529064,1
5610,54.112503,79.749996,0.791992,0.000000,0.000000,1
5620,54.450003,79.624998,0.811523,35.990384,-20.322852,1
5630,54.787503,79.500000,0.838867,35.990384,-20.322852,1
5640,54.787503,79.500000,0.838867,0.000000,0.000000,1
5650,55.350000,79.374996,0.857422,57.621900,-12.529252,1
5660,55.350000,79.374996,0.857422,0.000000,0.000000,1
5670,55.687500,79.249998,0.863281,35.990384,-20.322852,1
5680,56.025000,79.125000,0.873047,35.990384,-20.322852,1
5690,56.025000,79.125000,0.873047,0.000000,0.000000,1
5700,56.475003,78.874998,0.881836,51.478543,-29.054604,1
5710,56.475003,78.874998,0.881836,0.000000,0.000000,1
5720,56.925002,78.624996,0.889648,51.478093,-29.054882,1
5730,57.262502,78.499998,0.892578,35.990384,-20.322852,1
5740,57.262502,78.499998,0.892578,0.000000,0.000000,1
5750,57.600002,78.375000,0.894531,35.990384,-20.322852,1
5760,57.600002,78.375000,0.894531,0.000000,0.000000,1
5770,57.937502,78.124998,0.895508,42.000858,-36.529064,1
5780,58.275002,77.874996,0.905273,42.000858,-36.529064,1
5790,58.275002,77.874996,0.905273,0.000000,0.000000,1
5800,58.612502,77.749998,0.910156,35.990384,-20.322852,1
5810,58.612502,77.749998,0.910156,0.000000,0.000000,1
5820,59.062500,77.499996,0.921875,51.478093,-29.054882,1
5830,59.512503,77.124996,0.925781,58.577136,-39.805356,1
5840,59.512503,77.124996,0.925781,0.000000,0.000000,1
5850,60.412500,76.749996,0.925781,97.499683,-22.619943,1
5860,60.412500,76.749996,0.925781,0.000000,0.000000,1
5870,60.862503,76.500000,0.925781,51.478266,-29.054047,1
5880,61.200003,76.249998,0.928711,42.000858,-36.529064,1
5890,61.200003,76.249998,0.928711,0.000000,0.000000,1
5900,61.537503,75.999996,0.929688,42.000858,-36.529064,1
5910,61.537503,75.999996,0.929688,0.000000,0.000000,1
5920,61.875003,75.750000,0.927734,42.000517,-36.528437,1
5930,62.325002,75.375000,0.929688,58.576741,-39.805679,1
5940,62.325002,75.375000,0.929688,0.000000,0.000000,1
5950,62.775000,74.874996,0.930664,67.268289,-48.013114,1
5960,62.775000,74.874996,0.930664,0.000000,0.000000,1
5970,63.112500,74.625000,0.930664,42.000517,-36.528437,1
5980,63.450000,74.250000,0.932617,50.451090,-48.012788,1
5990,63.450000,74.250000,0.932617,0.000000,0.000000,1
6000,63.900003,73.875000,0.932617,58.577136,-39.805356,1
6010,63.900003,73.875000,0.932617,0.000000,0.000000,1
6020,64.237503,73.749996,0.935547,35.990583,-20.323706,1
6030,64.575003,73.500000,0.941406,42.000517,-36.528437,1
6040,64.575003,73.500000,0.941406,0.000000,0.000000,1
6050,64.800000,73.249998,0.946289,33.633972,-48.013440,1
6060,64.800000,73.249998,0.946289,0.000000,0.000000,1
6070,65.137500,73.125000,0.948242,35.990384,-20.322852,1
6080,65.475000,72.874998,0.952148,42.000858,-36.529064,1
6090,65.475000,72.874998,0.952148,0.000000,0.000000,1
6100,65.925003,72.499998,0.956055,58.577136,-39.805356,1
6110,65.925003,72.499998,0.956055,0.000000,0.000000,1
6120,66.262503,72.375000,0.958984,35.990384,-20.322852,1
6130,66.600003,72.124998,0.959961,42.000858,-36.529064,1
6140,66.600003,72.124998,0.959961,0.000000,0.000000,1
6150,66.937503,71.874996,0.960938,42.000858,-36.529064,1
6160,66.937503,71.874996,0.960938,0.000000,0.000000,1
6170,67.500000,71.625000,0.960938,61.554893,-23.962294,1
6180,67.837500,71.374998,0.963867,42.000858,-36.529064,1
6190,67.837500,71.374998,0.963867,0.000000,0.000000,1
6200,68.175000,71.250000,0.966797,35.990384,-20.322852,1
6210,68.175000,71.250000,0.966797,0.000000,0.000000,1
6220,68.512500,70.999998,0.970703,42.000858,-36.529064,1
6230,68.962503,70.875000,0.972656,46.704134,-15.523773,1
6240,68.962503,70.875000,0.972656,0.000000,0.000000,1
6250,69.525000,70.500000,0.976563,67.603801,-33.690229,1
6260,69.862500,70.249998,0.975586,42.000858,-36.529064,1
6270,69.862500,70.249998,0.975586,0.000000,0.000000,1
6280,70.312503,70.125000,0.976563,46.704134,-15.523773,1
6290,70.312503,70.125000,0.976563,0.000000,0.000000,1
6300,70.650003,69.874998,0.976563,42.000858,-36.529064,1
6310,70.650003,69.874998,0.976563,0.000000,0.000000,1
6320,71.212500,69.624996,0.977539,61.555125,-23.962781,1
6330,71.550000,69.499998,0.977539,35.990384,-20.322852,1
6340,71.550000,69.499998,0.977539,0.000000,0.000000,1
6350,71.775002,69.375000,0.975586,25.739133,-29.054047,1
6360,71.775002,69.375000,0.975586,0.000000,0.000000,1
6370,72.000003,69.249996,0.976563,25.739411,-29.055161,1
6380,72.225000,69.124998,0.976563,25.738683,-29.054604,1
6390,72.225000,69.124998,0.976563,0.000000,0.000000,1
6400,72.450002,69.000000,0.975586,25.739133,-29.054047,1
6410,72.450002,69.000000,0.975586,0.000000,0.000000,1
6420,72.450002,69.000000,0.975586,0.000000,0.000000,1
6430,72.450002,69.000000,0.975586,0.000000,0.000000,1
6440,72.450002,69.000000,0.975586,0.000000,0.000000,1
6450,72.450002,69.000000,0.975586,0.000000,0.000000,1
6460,72.450002,69.000000,0.975586,0.000000,0.000000,1
6470,72.450002,69.000000,0.975586,0.000000,0.000000,1
6480,72.562500,69.000000,0.958984,11.249828,0.000000,1
6490,72.562500,69.000000,0.958984,0.000000,0.000000,1
6500,72.562500,69.124998,0.946289,12.499809,90.000000,1
6510,72.562500,69.124998,0.946289,0.000000,0.000000,1
6520,72.675003,69.499998,0.935547,39.151248,73.300275,1
6530,72.787502,70.374996,0.911133,88.220039,82.673688,1
6540,72.787502,70.374996,0.911133,0.000000,0.000000,1
6550,72.787502,72.499998,0.678711,212.500191,90.000000,1
6560,72.787502,72.874998,0.000000,37.500000,90.000000,0
6570,72.787502,73.374996,0.000000,49.999809,90.000000,0
6580,72.787502,74.124996,0.000000,75.000000,90.000000,0
6590,72.787502,74.124996,0.000000,0.000000,0.000000,0
6600,72.787502,75.000000,0.000000,87.500381,90.000000,0
6610,72.787502,75.000000,0.000000,0.000000,0.000000,0
6620,73.012503,76.999998,0.000000,201.261475,83.581159,0
6630,73.350003,77.749998,0.000000,82.243921,65.772255,0
6640,73.350003,77.749998,0.000000,0.000000,0.000000,0
6650,73.350003,77.749998,0.000000,0.000000,0.000000,0
6660,73.350003,77.749998,0.000000,0.000000,0.000000,0
6670,73.350003,77.749998,0.000000,0.000000,0.000000,0
6680,73.350003,77.749998,0.000000,0.000000,0.000000,0
6690,73.350003,77.749998,0.000000,0.000000,0.000000,0
6700,73.350003,77.749998,0.000000,0.000000,0.000000,0
6710,73.350003,77.749998,0.000000,0.000000,0.000000,0
6720,73.350003,77.749998,0.000000,0.000000,0.000000,0
6730,73.350003,77.749998,0.000000,0.000000,0.000000,0
6740,73.350003,77.749998,0.000000,0.000000,0.000000,0
6750,73.350003,77.749998,0.000000,0.000000,0.000000,0
6760,73.350003,77.749998,0.000000,0.000000,0.000000,0
6770,73.350003,77.749998,0.000000,0.000000,0.000000,0
6780,73.350003,77.749998,0.000000,0.000000,0.000000,0
6790,73.350003,77.749998,0.000000,0.000000,0.000000,0
6800,73.350003,77.749998,0.000000,0.000000,0.000000,0
6810,73.350003,77.749998,0.000000,0.000000,0.000000,0
6820,73.350003,77.749998,0.000000,0.000000,0.000000,0
6830,73.350003,77.749998,0.000000,0.000000,0.000000,0
6840,73.350003,77.749998,0.000000,0.000000,0.000000,0
6850,73.350003,77.749998,0.000000,0.000000,0.000000,0
6860,73.350003,77.749998,0.000000,0.000000,0.000000,0
6870,73.350003,77.749998,0.000000,0.000000,0.000000,0
6880,73.350003,77.749998,0.000000,0.000000,0.000000,0
6890,73.350003,77.749998,0.000000,0.000000,0.000000,0
6900,73.350003,77.749998,0.000000,0.000000,0.000000,0
6910,73.350003,77.749998,0.000000,0.000000,0.000000,0
6920,73.350003,77.749998,0.000000,0.000000,0.000000,0
6930,73.350003,77.749998,0.000000,0.000000,0.000000,0
6940,73.350003,77.749998,0.000000,0.000000,0.000000,0
6950,73.350003,77.749998,0.000000,0.000000,0.000000,0
6960,73.350003,77.749998,0.000000,0.000000,0.000000,0
6970,73.350003,77.749998,0.000000,0.000000,0.000000,0
6980,73.350003,77.749998,0.000000,0.000000,0.000000,0
6990,73.350003,77.749998,0.000000,0.000000,0.000000,0
7000,73.350003,77.749998,0.000000,0.000000,0.000000,0
7010,73.350003,77.749998,0.000000,0.000000,0.000000,0
7020,73.350003,77.749998,0.000000,0.000000,0.000000,0
7030,73.350003,77.749998,0.000000,0.000000,0.000000,0
7040,73.350003,77.749998,0.000000,0.000000,0.000000,0
7050,73.350003,77.749998,0.000000,0.000000,0.000000,0
7060,73.350003,77.749998,0.000000,0.000000,0.000000,0
7070,73.350003,77.749998,0.000000,0.000000,0.000000,0
7080,73.350003,77.749998,0.000000,0.000000,0.000000,0
7090,73.350003,77.749998,0.000000,0.000000,0.000000,0
7100,73.350003,77.749998,0.000000,0.000000,0.000000,0
7110,91.687507,102.499998,0.000000,3080.302797,53.464912,0
7120,91.687507,102.499998,0.000000,0.000000,0.000000,0
7130,91.575003,102.499998,0.000000,11.250343,180.000000,0
7140,91.575003,102.499998,0.000000,0.000000,0.000000,0
7150,91.575003,102.375000,0.000000,12.499809,-90.000000,0
7160,91.575003,102.375000,0.000000,0.000000,0.000000,0
7170,91.350007,102.375000,0.000000,22.499657,180.000000,0
7180,91.350007,102.375000,0.000000,0.000000,0.000000,0
7190,91.350007,102.375000,0.000000,0.000000,0.000000,0
7200,91.350007,102.375000,0.000000,0.000000,0.000000,0
7210,91.350007,102.375000,0.000000,0.000000,0.000000,0
7220,91.237503,102.249999,0.000000,16.817331,-131.987865,0
7230,91.125000,102.124998,0.000000,16.817331,-131.987865,0
7240,91.125000,102.124998,0.000000,0.000000,0.000000,0
7250,91.012507,102.124998,0.000000,11.249313,180.000000,0
7260,91.012507,102.124998,0.000000,0.000000,0.000000,0
7270,91.012507,102.124998,0.000000,0.000000,0.000000,0
7280,91.012507,102.124998,0.000000,0.000000,0.000000,0
7290,91.012507,102.124998,0.000000,0.000000,0.000000,0
7300,91.012507,102.000000,0.000000,12.499809,-90.000000,0
7310,91.012507,102.000000,0.000000,0.000000,0.000000,0
7320,91.125000,101.874999,0.000000,16.816642,-48.014744,0
7330,91.125000,101.874999,0.000000,0.000000,0.000000,0
7340,91.125000,101.874999,0.000000,0.000000,0.000000,0
7350,91.350007,101.749998,0.000000,25.739722,-29.054047,0
7360,91.350007,101.749998,0.000000,0.000000,0.000000,0
7370,91.462500,101.749998,0.000000,11.249313,0.000000,0
7380,91.462500,101.749998,0.000000,0.000000,0.000000,0
7390,91.687507,101.749998,0.000000,22.500687,0.000000,0
7400,91.800000,101.749998,0.000000,11.249313,0.000000,0
7410,91.800000,101.749998,0.000000,0.000000,0.000000,0
7420,92.025007,102.000000,0.000000,33.634661,48.012135,0
7430,92.362507,102.375000,0.000000,50.451090,48.012788,0
7440,92.362507,102.375000,0.000000,0.000000,0.000000,0
7450,92.475000,102.624999,0.000000,27.414272,65.773482,0
7460,92.475000,102.624999,0.000000,0.000000,0.000000,0
7470,92.700007,102.999999,0.000000,43.732492,59.035472,0
7480,92.587503,103.249998,0.000000,27.414694,114.228481,0
7490,92.587503,103.249998,0.000000,0.000000,0.000000,0
7500,91.800000,103.500000,0.000000,82.623399,162.387368,0
7510,91.800000,103.500000,0.000000,0.000000,0.000000,0
7520,91.125000,103.749999,0.000000,71.980867,159.676934,0
7530,89.775000,103.999998,0.000000,137.295285,169.508562,0
7540,89.775000,103.999998,0.000000,0.000000,0.000000,0
7550,89.212503,104.124999,0.000000,57.621838,167.471026,0
7560,89.212503,104.124999,0.000000,0.000000,0.000000,0
7570,88.987507,104.250000,0.000000,25.738822,150.944839,0
7580,88.762500,104.250000,0.000000,22.500687,180.000000,0
7590,88.762500,104.250000,0.000000,0.000000,0.000000,0
7600,89.100000,104.250000,0.000000,33.750000,0.000000,0
7610,89.437500,104.250000,0.000000,33.750000,0.000000,0
7620,89.437500,104.250000,0.000000,0.000000,0.000000,0
7630,89.662507,104.374998,0.000000,25.739583,29.053491,0
7640,89.662507,104.374998,0.000000,0.000000,0.000000,0
7650,89.775000,104.499999,0.000000,16.816642,48.014744,0
7660,89.775000,104.499999,0.000000,0.000000,0.000000,0
7670,90.000007,104.374998,0.000000,25.739722,-29.054047,0
7680,89.887503,104.124999,0.000000,27.414694,-114.228481,0
7690,89.887503,104.124999,0.000000,0.000000,0.000000,0
7700,89.887503,104.124999,0.000000,0.000000,0.000000,0
7710,89.662507,104.124999,0.000000,22.499657,180.000000,0
7720,89.662507,104.124999,0.000000,0.000000,0.000000,0
7730,89.662507,104.124999,0.000000,0.000000,0.000000,0
7740,89.662507,104.124999,0.000000,0.000000,0.000000,0
7750,89.775000,104.250000,0.000000,16.816642,48.014744,0
7760,89.775000,104.250000,0.000000,0.000000,0.000000,0
7770,90.000007,104.499999,0.000000,33.634449,48.011809,0
7780,90.112500,104.625000,0.000000,16.816642,48.014744,0
7790,90.112500,104.625000,0.000000,0.000000,0.000000,0
7800,90.450000,104.749998,0.000000,35.990384,20.322852,0
7810,90.450000,104.749998,0.000000,0.000000,0.000000,0
7820,90.787500,104.874999,0.249023,35.990483,20.323279,1
7830,90.787500,104.874999,0.249023,0.000000,0.000000,1
7840,90.787500,104.874999,0.249023,0.000000,0.000000,1
7850,90.787500,104.874999,0.249023,0.000000,0.000000,1
7860,90.787500,104.874999,0.249023,0.000000,0.000000,1
7870,90.787500,104.874999,0.249023,0.000000,0.000000,1
7880,91.125000,105.000000,0.477539,35.990483,20.323279,1
7890,91.125000,105.000000,0.477539,0.000000,0.000000,1
7900,91.125000,105.000000,0.477539,0.000000,0.000000,1
7910,91.125000,105.000000,0.477539,0.000000,0.000000,1
7920,91.125000,105.000000,0.477539,0.000000,0.000000,1
7930,91.125000,105.000000,0.477539,0.000000,0.000000,1
7940,91.125000,105.000000,0.477539,0.000000,0.000000,1
7950,91.125000,105.000000,0.477539,0.000000,0.000000,1
7960,90.900003,104.874999,0.771484,25.738822,-150.944839,1
7970,90.900003,104.874999,0.771484,0.000000,0.000000,1
7980,90.562503,104.625000,0.770508,42.000687,-143.471249,1
7990,90.562503,104.625000,0.770508,0.000000,0.000000,1
8000,89.775000,104.124999,0.776367,93.282507,-147.587757,1
8010,89.212503,103.875000,0.785156,61.555009,-156.037462,1
8020,89.212503,103.875000,0.785156,0.000000,0.000000,1
8030,88.537503,103.500000,0.786133,77.217226,-150.945396,1
8040,88.537503,103.500000,0.786133,0.000000,0.000000,1
8050,87.862503,103.125000,0.785156,77.217226,-150.945396,1
8060,87.187503,102.750000,0.788086,77.217226,-150.945396,1
8070,87.187503,102.750000,0.788086,0.000000,0.000000,1
8080,86.287502,102.124998,0.790039,109.573285,-145.222138,1
8090,86.287502,102.124998,0.790039,0.000000,0.000000,1
8100,85.725000,101.874999,0.790039,61.555479,-156.037657,1
8110,85.725000,101.874999,0.790039,0.000000,0.000000,1
8120,85.275002,101.499999,0.790039,58.576741,-140.194321,1
8130,84.712500,101.250000,0.790039,61.555479,-156.037657,1
8140,84.712500,101.250000,0.790039,0.000000,0.000000,1
8150,83.925002,100.749999,0.792969,93.282072,-147.587587,1
8160,83.925002,100.749999,0.792969,0.000000,0.000000,1
8170,83.362500,100.500000,0.794922,61.555479,-156.037657,1
8180,82.912502,100.125000,0.795898,58.576741,-140.194321,1
8190,82.912502,100.125000,0.795898,0.000000,0.000000,1
8200,82.462503,99.874998,0.795898,51.478093,-150.945118,1
8210,82.462503,99.874998,0.795898,0.000000,0.000000,1
8220,82.125003,99.624999,0.795898,42.000687,-143.471249,1
8230,81.562502,99.249999,0.792969,67.604229,-146.310013,1
8240,81.562502,99.249999,0.792969,0.000000,0.000000,1
8250,81.112503,99.124998,0.771484,46.703714,-164.475720,1
8260,80.775003,98.874999,0.680664,42.000687,-143.471249,1
8270,80.775003,98.874999,0.680664,0.000000,0.000000,1
8280,80.212502,98.874999,0.000000,56.250172,180.000000,0
8290,80.212502,98.874999,0.000000,0.000000,0.000000,0
8300,80.100003,98.874999,0.000000,11.249828,180.000000,0
8310,80.100003,98.874999,0.000000,0.000000,0.000000,0
8320,80.100003,98.874999,0.000000,0.000000,0.000000,0
8330,80.100003,98.874999,0.000000,0.000000,0.000000,0
8340,80.100003,98.874999,0.000000,0.000000,0.000000,0
8350,80.100003,98.874999,0.333008,0.000000,0.000000,1
8360,80.100003,98.874999,0.333008,0.000000,0.000000,1
8370,80.100003,98.874999,0.333008,0.000000,0.000000,1
8380,80.100003,98.874999,0.333008,0.000000,0.000000,1
8390,80.100003,98.874999,0.333008,0.000000,0.000000,1
8400,80.100003,98.874999,0.333008,0.000000,0.000000,1
8410,80.100003,98.874999,0.333008,0.000000,0.000000,1
8420,80.662500,98.374998,0.598633,75.259773,-41.633767,1
8430,80.887502,98.124999,0.635742,33.634104,-48.012461,1
8440,80.887502,98.124999,0.635742,0.000000,0.000000,1
8450,81.112503,97.749999,0.683594,43.732228,-59.036051,1
8460,81.112503,97.749999,0.683594,0.000000,0.000000,1
8470,81.225002,97.249998,0.732422,51.250055,-77.319827,1
8480,81.337500,96.750000,0.765625,51.249776,-77.319757,1
8490,81.337500,96.750000,0.765625,0.000000,0.000000,1
8500,81.450003,96.249999,0.791016,51.250168,-77.319265,1
8510,81.450003,96.249999,0.791016,0.000000,0.000000,1
8520,81.562502,95.625000,0.811523,63.504305,-79.796163,1
8530,81.562502,94.624998,0.827148,100.000191,-90.000000,1
8540,81.562502,94.624998,0.827148,0.000000,0.000000,1
8550,81.675000,93.999999,0.834961,63.504305,-79.796163,1
8560,81.675000,93.999999,0.834961,0.000000,0.000000,1
8570,81.675000,93.249999,0.840820,75.000000,-90.000000,1
8580,81.675000,92.499999,0.846680,75.000000,-90.000000,1
8590,81.675000,92.499999,0.846680,0.000000,0.000000,1
8600,81.675000,91.374999,0.858398,112.500000,-90.000000,1
8610,81.675000,91.374999,0.858398,0.000000,0.000000,1
8620,81.675000,90.624999,0.869141,75.000000,-90.000000,1
8630,81.787503,90.000000,0.875977,63.504396,-79.795706,1
8640,81.787503,90.000000,0.875977,0.000000,0.000000,1
8650,81.787503,89.250000,0.881836,75.000000,-90.000000,1
8660,81.787503,88.624998,0.885742,62.500191,-90.000000,1
8670,81.787503,88.624998,0.885742,0.000000,0.000000,1
8680,81.787503,87.999999,0.890625,62.499905,-90.000000,1
8690,81.787503,87.999999,0.890625,0.000000,0.000000,1
8700,81.787503,87.124998,0.900391,87.500095,-90.000000,1
8710,81.675000,86.625000,0.904297,51.249889,-102.680805,1
8720,81.675000,86.625000,0.904297,0.000000,0.000000,1
8730,81.675000,85.999998,0.907227,62.500191,-90.000000,1
8740,81.675000,85.999998,0.907227,0.000000,0.000000,1
8750,81.675000,85.500000,0.907227,49.999809,-90.000000,1
8760,81.562502,84.750000,0.908203,75.839031,-98.530637,1
8770,81.562502,84.750000,0.908203,0.000000,0.000000,1
8780,81.450003,84.124998,0.909180,63.504586,-100.203791,1
8790,81.450003,84.124998,0.909180,0.000000,0.000000,1
8800,81.337500,83.625000,0.910156,51.249889,-102.680805,1
8810,81.337500,83.625000,0.910156,0.000000,0.000000,1
8820,81.225002,82.999998,0.910156,63.504586,-100.203791,1
8830,81.112503,82.374996,0.910156,63.504586,-100.203791,1
8840,81.112503,82.374996,0.910156,0.000000,0.000000,1
8850,81.000000,81.624996,0.913086,75.839107,-98.531022,1
8860,81.000000,81.124998,0.913086,49.999809,-90.000000,1
8870,81.000000,81.124998,0.913086,0.000000,0.000000,1
8880,80.887502,80.499996,0.913086,63.504586,-100.203791,1
8890,80.887502,80.499996,0.913086,0.000000,0.000000,1
8900,80.775003,80.124996,0.913086,39.151100,-106.699004,1
8910,80.662500,79.374996,0.914063,75.839107,-98.531022,1
8920,80.662500,79.374996,0.914063,0.000000,0.000000,1
8930,80.550002,78.999996,0.912109,39.151100,-106.699004,1
8940,80.550002,78.999996,0.912109,0.000000,0.000000,1
8950,80.437503,78.624996,0.912109,39.151100,-106.699004,1
8960,80.437503,78.624996,0.912109,0.000000,0.000000,1
8970,80.437503,78.375000,0.912109,24.999619,-90.000000,1
8980,80.437503,78.124998,0.910156,25.000191,-90.000000,1
8990,80.437503,78.124998,0.910156,0.000000,0.000000,1
9000,80.325000,77.749998,0.912109,39.151248,-106.699725,1
9010,80.325000,77.499996,0.912109,25.000191,-90.000000,1
9020,80.325000,77.499996,0.912109,0.000000,0.000000,1
9030,80.212502,77.374998,0.913086,16.816773,-131.987212,1
9040,80.212502,77.374998,0.913086,0.000000,0.000000,1
9050,80.212502,77.124996,0.915039,25.000191,-90.000000,1
9060,80.100003,76.999998,0.915039,16.816773,-131.987212,1
9070,80.100003,76.999998,0.915039,0.000000,0.000000,1
9080,79.987500,76.875000,0.907227,16.817118,-131.988517,1
9090,79.987500,76.875000,0.907227,0.000000,0.000000,1
9100,79.987500,76.875000,0.907227,0.000000,0.000000,1
9110,79.987500,76.875000,0.907227,0.000000,0.000000,1
9120,79.987500,76.875000,0.907227,0.000000,0.000000,1
9130,79.875002,76.875000,0.877930,11.249828,180.000000,1
9140,79.875002,76.875000,0.877930,0.000000,0.000000,1
9150,79.875002,77.374998,0.857422,49.999809,90.000000,1
9160,79.875002,79.374996,0.825195,199.999809,90.000000,1
9170,79.875002,79.374996,0.825195,0.000000,0.000000,1
9180,80.100003,80.874996,0.738281,151.678139,81.469170,1
9190,80.100003,80.874996,0.738281,0.000000,0.000000,1
9200,80.662500,82.374996,0.000000,160.199950,69.444070,0
9210,80.775003,82.875000,0.000000,51.250448,77.319336,0
9220,80.775003,82.875000,0.000000,0.000000,0.000000,0
9230,81.112503,83.749998,0.000000,93.783149,68.907619,0
9240,81.112503,83.749998,0.000000,0.000000,0.000000,0
9250,81.787503,85.875000,0.000000,222.963183,72.377718,0
9260,82.125003,87.000000,0.000000,117.453448,73.300756,0
9270,82.125003,87.000000,0.000000,0.000000,0.000000,0
9280,82.012500,87.874998,0.000000,88.220105,97.326644,0
9290,82.012500,87.874998,0.000000,0.000000,0.000000,0
9300,82.125003,88.125000,0.000000,27.414955,65.771764,0
9310,82.350000,87.999999,0.000000,25.738822,-29.055161,0
9320,82.350000,87.999999,0.000000,0.000000,0.000000,0
9330,82.575002,88.749999,0.000000,78.302348,73.300635,0
9340,82.575002,88.749999,0.000000,0.000000,0.000000,0
9350,82.687500,88.999998,0.000000,27.414483,65.772500,0
9360,82.800003,89.374998,0.000000,39.151248,73.300275,0
9370,82.800003,89.374998,0.000000,0.000000,0.000000,0
9380,82.912502,89.499999,0.000000,16.816986,48.013440,0
9390,82.912502,89.499999,0.000000,0.000000,0.000000,0
9400,83.025000,89.625000,0.000000,16.816986,48.013440,0
9410,82.687500,89.499999,0.000000,35.990483,-159.676721,0
9420,82.687500,89.499999,0.000000,0.000000,0.000000,0
9430,82.350000,89.374998,0.000000,35.990483,-159.676721,0
9440,82.350000,89.374998,0.000000,0.000000,0.000000,0
9450,82.125003,89.374998,0.000000,22.499657,180.000000,0
9460,82.125003,89.374998,0.000000,0.000000,0.000000,0
9470,82.012500,89.499999,0.000000,16.817331,131.987865,0
9480,82.012500,89.499999,0.000000,0.000000,0.000000,0
9490,82.012500,89.499999,0.000000,0.000000,0.000000,0
9500,82.012500,89.749998,0.000000,24.999905,90.000000,0
9510,82.012500,89.874999,0.000000,12.500095,90.000000,0
9520,82.012500,89.874999,0.000000,0.000000,0.000000,0
9530,82.012500,89.874999,0.000000,0.000000,0.000000,0
9540,82.012500,89.874999,0.000000,0.000000,0.000000,0
9550,82.012500,90.249999,0.000000,37.500000,90.000000,0
9560,82.012500,90.249999,0.000000,0.000000,0.000000,0
9570,82.012500,90.249999,0.000000,0.000000,0.000000,0
9580,82.012500,90.249999,0.000000,0.000000,0.000000,0
9590,82.012500,90.249999,0.000000,0.000000,0.000000,0
9600,82.237502,90.499998,0.000000,33.634104,48.012461,0
9610,82.125003,90.499998,0.000000,11.249828,180.000000,0
9620,82.125003,90.499998,0.000000,0.000000,0.000000,0
9630,81.787503,90.375000,0.000000,35.990384,-159.677148,0
9640,81.787503,90.375000,0.000000,0.000000,0.000000,0
9650,81.450003,90.375000,0.385742,33.750000,180.000000,1
9660,81.450003,90.375000,0.385742,0.000000,0.000000,1
9670,81.450003,90.375000,0.385742,0.000000,0.000000,1
9680,81.450003,90.375000,0.385742,0.000000,0.000000,1
9690,81.450003,90.375000,0.385742,0.000000,0.000000,1
9700,81.225002,90.499998,0.461914,25.739133,150.945953,1
9710,81.112503,90.624999,0.463867,16.816986,131.986560,1
9720,81.112503,90.624999,0.463867,0.000000,0.000000,1
9730,81.000000,90.750000,0.464844,16.817331,131.987865,1
9740,81.000000,90.750000,0.464844,0.000000,0.000000,1
9750,80.775003,90.874998,0.468750,25.738683,150.945396,1
9760,80.437503,90.874998,0.478516,33.750000,180.000000,1
9770,80.437503,90.874998,0.478516,0.000000,0.000000,1
9780,80.325000,90.874998,0.496094,11.250343,180.000000,1
9790,80.325000,90.874998,0.496094,0.000000,0.000000,1
9800,80.325000,90.874998,0.496094,0.000000,0.000000,1
9810,80.325000,90.874998,0.496094,0.000000,0.000000,1
9820,80.325000,90.874998,0.496094,0.000000,0.000000,1
9830,80.325000,90.874998,0.496094,0.000000,0.000000,1
9840,80.325000,90.874998,0.496094,0.000000,0.000000,1
9850,80.325000,90.874998,0.496094,0.000000,0.000000,1
9860,80.325000,90.874998,0.496094,0.000000,0.000000,1
9870,80.325000,90.874998,0.496094,0.000000,0.000000,1
9880,80.437503,90.874998,0.599609,11.250343,0.000000,1
9890,80.437503,90.874998,0.599609,0.000000,0.000000,1
9900,80.775003,90.999999,0.674805,35.990483,20.323279,1
9910,81.562502,91.374999,0.711914,87.222620,25.463394,1
9920,81.562502,91.374999,0.711914,0.000000,0.000000,1
9930,82.350000,91.624998,0.731445,82.622822,17.612551,1
9940,82.350000,91.624998,0.731445,0.000000,0.000000,1
9950,83.137503,91.999998,0.736328,87.223085,25.463248,1
9960,84.150003,92.374998,0.738281,107.971350,20.323137,1
9970,84.150003,92.374998,0.738281,0.000000,0.000000,1
9980,85.275002,92.749998,0.740234,118.585249,18.434975,1
9990,85.275002,92.749998,0.740234,0.000000,0.000000,1
10000,87.412500,93.375000,0.749023,222.699939,16.298856,1
10010,88.425000,93.624999,0.756836,104.290737,13.869636,1
10020,88.425000,93.624999,0.756836,0.000000,0.000000,1
10030,88.987507,93.750000,0.763672,57.622844,12.528752,1
10040,88.987507,93.750000,0.763672,0.000000,0.000000,1
10050,89.662507,93.874998,0.768555,68.647616,10.491320,1
10060,90.450000,94.125000,0.771484,82.622418,17.612848,1
10070,90.450000,94.125000,0.771484,0.000000,0.000000,1
10080,91.575003,94.374999,0.788086,115.244620,12.528724,1
10090,91.575003,94.374999,0.788086,0.000000,0.000000,1
10100,92.475000,94.624998,0.804688,93.407352,15.524111,1
10110,93.375007,94.749999,0.809570,90.864602,7.907163,1
10120,93.375007,94.749999,0.809570,0.000000,0.000000,1
10130,94.612503,94.875000,0.811523,124.379379,5.767949,1
10140,94.612503,94.875000,0.811523,0.000000,0.000000,1
10150,95.287503,94.875000,0.814453,67.500000,0.000000,1
10160,95.737507,94.875000,0.816406,45.000343,0.000000,1
10170,95.737507,94.875000,0.816406,0.000000,0.000000,1
10180,95.962503,94.875000,0.827148,22.499657,0.000000,1
10190,95.962503,94.875000,0.827148,0.000000,0.000000,1
10200,96.187500,94.875000,0.842773,22.499657,0.000000,1
10210,96.300003,94.875000,0.845703,11.250343,0.000000,1
10220,96.300003,94.875000,0.845703,0.000000,0.000000,1
10230,96.300003,94.875000,0.845703,0.000000,0.000000,1
10240,96.300003,94.875000,0.845703,0.000000,0.000000,1
10250,96.300003,94.875000,0.845703,0.000000,0.000000,1
10260,96.300003,94.875000,0.845703,0.000000,0.000000,1
10270,96.300003,94.875000,0.845703,0.000000,0.000000,1
10280,96.300003,94.749999,0.856445,12.500095,-90.000000,1
10290,96.300003,94.749999,0.856445,0.000000,0.000000,1
10300,96.187500,94.749999,0.788086,11.250343,180.000000,1
10310,95.850000,94.749999,0.000000,33.750000,180.000000,0
10320,95.850000,94.749999,0.000000,0.000000,0.000000,0
10330,95.287503,94.875000,0.000000,57.621838,167.471026,0
10340,95.287503,94.875000,0.000000,0.000000,0.000000,0
10350,95.400007,94.875000,0.000000,11.250343,0.000000,0
10360,95.400007,94.875000,0.000000,0.000000,0.000000,0
10370,95.400007,94.999998,0.000000,12.499809,90.000000,0
10380,95.400007,94.999998,0.000000,0.000000,0.000000,0
10390,95.400007,95.124999,0.000000,12.500095,90.000000,0
10400,95.512500,95.124999,0.000000,11.249313,0.000000,0
10410,95.850000,95.124999,0.000000,33.750000,0.000000,0
10420,95.850000,95.124999,0.000000,0.000000,0.000000,0
10430,96.075007,95.124999,0.000000,22.500687,0.000000,0
10440,96.075007,95.124999,0.000000,0.000000,0.000000,0
10450,96.075007,94.875000,0.000000,24.999905,-90.000000,0
10460,96.300003,94.125000,0.000000,78.302200,-73.300996,0
10470,96.300003,94.125000,0.000000,0.000000,0.000000,0
10480,96.075007,92.749998,0.000000,139.328881,-99.293157,0
10490,96.075007,92.749998,0.000000,0.000000,0.000000,0
10500,94.612503,90.874998,0.000000,237.792794,-127.954296,0
10510,91.800000,89.625000,0.000000,307.777043,-156.037569,0
10520,91.800000,89.625000,0.000000,0.000000,0.000000,0
10530,87.187503,89.499999,0.000000,461.419005,-178.447636,0
10540,87.187503,89.499999,0.000000,0.000000,0.000000,0
10550,87.637507,89.499999,0.000000,45.000343,0.000000,0
10560,87.075000,89.250000,0.000000,61.555950,-156.037852,0
10570,87.075000,89.250000,0.000000,0.000000,0.000000,0
10580,86.175003,89.124999,0.000000,90.863582,-172.092748,0
10590,86.175003,89.124999,0.000000,0.000000,0.000000,0
10600,86.737500,89.499999,0.000000,67.603801,33.690229,0
10610,87.525003,90.000000,0.000000,93.282507,32.412243,0
10620,87.525003,90.000000,0.000000,0.000000,0.000000,0
10630,87.975007,90.375000,0.000000,58.577136,39.805356,0
10640,87.975007,90.375000,0.000000,0.000000,0.000000,0
10650,88.312507,90.750000,0.000000,50.451090,48.012788,0
10660,88.425000,90.874998,0.000000,16.816429,48.014092,0
10670,88.425000,90.874998,0.000000,0.000000,0.000000,0
10680,88.425000,90.999999,0.000000,12.500095,90.000000,0
10690,88.425000,90.999999,0.000000,0.000000,0.000000,0
10700,88.425000,90.999999,0.000000,0.000000,0.000000,0
10710,88.425000,90.999999,0.000000,0.000000,0.000000,0
10720,88.425000,90.999999,0.000000,0.000000,0.000000,0
10730,88.312507,91.374999,0.000000,39.150952,106.698282,0
10740,88.312507,91.374999,0.000000,0.000000,0.000000,0
10750,88.312507,91.875000,0.000000,50.000095,90.000000,0
10760,88.425000,91.999998,0.000000,16.816429,48.014092,0
10770,88.425000,91.999998,0.000000,0.000000,0.000000,0
10780,88.650007,92.374998,0.000000,43.732492,59.035472,0
10790,88.650007,92.374998,0.000000,0.000000,0.000000,0
10800,88.762500,92.499999,0.000000,16.816642,48.014744,0
10810,88.875003,92.625000,0.019531,16.817331,48.012135,1
10820,88.875003,92.625000,0.019531,0.000000,0.000000,1
10830,88.875003,92.625000,0.019531,0.000000,0.000000,1
10840,88.875003,92.625000,0.019531,0.000000,0.000000,1
10850,88.875003,92.625000,0.019531,0.000000,0.000000,1
10860,88.875003,92.625000,0.019531,0.000000,0.000000,1
10870,88.875003,92.625000,0.019531,0.000000,0.000000,1
10880,88.875003,92.749998,0.571289,12.499809,90.000000,1
10890,88.875003,92.749998,0.571289,0.000000,0.000000,1
10900,88.875003,92.749998,0.571289,0.000000,0.000000,1
10910,88.650007,92.749998,0.606445,22.499657,180.000000,1
10920,88.650007,92.749998,0.606445,0.000000,0.000000,1
10930,88.425000,92.749998,0.626953,22.500687,180.000000,1
10940,88.425000,92.749998,0.626953,0.000000,0.000000,1
10950,88.200003,92.749998,0.627930,22.499657,180.000000,1
10960,87.975007,92.749998,0.628906,22.499657,180.000000,1
10970,87.975007,92.749998,0.628906,0.000000,0.000000,1
10980,87.862503,92.625000,0.646484,16.817118,-131.988517,1
10990,87.862503,92.625000,0.646484,0.000000,0.000000,1
11000,87.750000,92.499999,0.666016,16.817331,-131.987865,1
11010,87.637507,92.124999,0.678711,39.150952,-106.698282,1
11020,87.637507,92.124999,0.678711,0.000000,0.000000,1
11030,87.300007,91.749999,0.706055,50.451090,-131.987212,1
11040,87.300007,91.749999,0.706055,0.000000,0.000000,1
11050,86.962507,90.999999,0.751953,82.243921,-114.227745,1
11060,86.737500,90.499998,0.773438,54.829649,-114.228359,1
11070,86.737500,90.499998,0.773438,0.000000,0.000000,1
11080,86.512503,90.000000,0.790039,54.828966,-114.227500,1
11090,86.512503,90.000000,0.790039,0.000000,0.000000,1
11100,86.400000,89.499999,0.804688,51.250168,-102.680735,1
11110,86.287502,88.875000,0.818359,63.504305,-100.203837,1
11120,86.287502,88.875000,0.818359,0.000000,0.000000,1
11130,86.175003,88.249998,0.837891,63.504586,-100.203791,1
11140,86.175003,88.249998,0.837891,0.000000,0.000000,1
11150,85.950002,87.249999,0.856445,102.499945,-102.680489,1
11160,85.837503,86.625000,0.865234,63.504305,-100.203837,1
11170,85.837503,86.625000,0.865234,0.000000,0.000000,1
11180,85.837503,85.999998,0.870117,62.500191,-90.000000,1
11190,85.837503,85.999998,0.870117,0.000000,0.000000,1
11200,85.837503,85.249998,0.877930,75.000000,-90.000000,1
11210,85.837503,84.249996,0.885742,100.000191,-90.000000,1
11220,85.837503,84.249996,0.885742,0.000000,0.000000,1
11230,85.837503,83.625000,0.891602,62.499619,-90.000000,1
11240,85.837503,83.625000,0.891602,0.000000,0.000000,1
11250,85.837503,82.999998,0.895508,62.500191,-90.000000,1
11260,85.837503,82.249998,0.901367,75.000000,-90.000000,1
11270,85.837503,82.249998,0.901367,0.000000,0.000000,1
11280,85.837503,81.624996,0.905273,62.500191,-90.000000,1
11290,85.837503,80.625000,0.907227,99.999619,-90.000000,1
11300,85.837503,80.625000,0.907227,0.000000,0.000000,1
11310,85.837503,79.875000,0.911133,75.000000,-90.000000,1
11320,85.837503,79.875000,0.911133,0.000000,0.000000,1
11330,85.837503,79.249998,0.914063,62.500191,-90.000000,1
11340,85.837503,79.249998,0.914063,0.000000,0.000000,1
11350,85.837503,78.375000,0.915039,87.499809,-90.000000,1
11360,85.837503,77.874996,0.914063,50.000381,-90.000000,1
11370,85.837503,77.874996,0.914063,0.000000,0.000000,1
11380,85.837503,77.374998,0.914063,49.999809,-90.000000,1
11390,85.837503,76.999998,0.912109,37.500000,-90.000000,1
11400,85.837503,76.999998,0.912109,0.000000,0.000000,1
11410,85.837503,76.624998,0.913086,37.500000,-90.000000,1
11420,85.837503,76.624998,0.913086,0.000000,0.000000,1
11430,85.837503,76.249998,0.913086,37.500000,-90.000000,1
11440,85.837503,76.249998,0.913086,0.000000,0.000000,1
11450,85.950002,75.750000,0.911133,51.249776,-77.319757,1
11460,86.062500,75.499998,0.903320,27.414744,-65.772745,1
11470,86.062500,75.499998,0.903320,0.000000,0.000000,1
11480,86.062500,75.375000,0.903320,12.499809,-90.000000,1
11490,86.062500,75.375000,0.903320,0.000000,0.000000,1
11500,86.175003,75.375000,0.890625,11.250343,0.000000,1
11510,86.512503,75.499998,0.857422,35.990384,20.322852,1
11520,86.512503,75.499998,0.857422,0.000000,0.000000,1
11530,86.962507,76.125000,0.851563,77.014964,54.245988,1
11540,86.962507,76.125000,0.851563,0.000000,0.000000,1
11550,87.975007,77.874996,0.843750,202.179200,59.947498,1
11560,88.987507,80.124996,0.684570,246.731762,65.772255,1
11570,89.437500,81.499998,0.000000,144.676331,71.878422,0
11580,89.437500,81.499998,0.000000,0.000000,0.000000,0
11590,90.225003,84.249996,0.000000,286.053337,74.020136,0
11600,90.225003,84.249996,0.000000,0.000000,0.000000,0
11610,91.012507,86.250000,0.000000,214.945968,68.507912,0
11620,91.012507,86.250000,0.000000,0.000000,0.000000,0
11630,92.362507,88.374999,0.000000,251.756250,57.572433,0
11640,94.050007,90.624999,0.000000,281.250000,53.130102,0
11650,94.050007,90.624999,0.000000,0.000000,0.000000,0
11660,95.625003,92.625000,0.000000,254.570580,51.779642,0
11670,95.625003,92.625000,0.000000,0.000000,0.000000,0
11680,97.312503,94.749999,0.000000,271.353592,51.546278,0
11690,97.537500,95.625000,0.000000,90.346562,75.579453,0
11700,97.537500,95.625000,0.000000,0.000000,0.000000,0
11710,97.537500,96.124998,0.000000,49.999809,90.000000,0
11720,97.537500,96.124998,0.000000,0.000000,0.000000,0
11730,97.762507,96.624999,0.000000,54.829649,65.771641,0
11740,97.762507,96.624999,0.000000,0.000000,0.000000,0
11750,98.100007,97.374999,0.000000,82.243921,65.772255,0
11760,98.100007,97.749999,0.000000,37.500000,90.000000,0
11770,98.100007,97.749999,0.000000,0.000000,0.000000,0
11780,97.875000,98.124999,0.000000,43.732492,120.964528,0
11790,97.875000,98.124999,0.000000,0.000000,0.000000,0
11800,97.537500,98.374998,0.000000,42.000687,143.471249,0
11810,97.312503,98.874999,0.000000,54.829227,114.227377,0
11820,97.312503,98.874999,0.000000,0.000000,0.000000,0
11830,97.312503,99.249999,0.000000,37.500000,90.000000,0
11840,97.425007,99.624999,0.000000,39.151248,73.300275,0
11850,97.425007,99.624999,0.000000,0.000000,0.000000,0
11860,97.650003,99.999999,0.000000,43.731963,59.036629,0
11870,97.650003,99.999999,0.000000,0.000000,0.000000,0
11880,97.762507,100.249998,0.000000,27.414694,65.771519,0
11890,97.762507,100.374999,0.000000,12.500095,90.000000,0
11900,97.762507,100.374999,0.000000,0.000000,0.000000,0
11910,97.650003,100.875000,0.000000,51.250168,102.680735,0
11920,97.650003,100.875000,0.000000,0.000000,0.000000,0
11930,97.650003,100.999998,0.000000,12.499809,90.000000,0
11940,97.537500,101.374998,0.000000,39.151248,106.699725,0
11950,97.537500,101.374998,0.000000,0.000000,0.000000,0
11960,97.537500,101.499999,0.000000,12.500095,90.000000,0
11970,97.537500,101.499999,0.000000,0.000000,0.000000,0
11980,97.762507,102.000000,0.000000,54.829649,65.771641,0
11990,97.762507,102.000000,0.000000,0.000000,0.000000,0
12000,97.875000,102.249999,0.000000,27.414272,65.773482,0
12010,98.100007,102.499998,0.000000,33.634449,48.011809,0
12020,98.100007,102.499998,0.000000,0.000000,0.000000,0
12030,98.325003,102.624999,0.000000,25.738822,29.055161,0
12040,98.325003,102.624999,0.000000,0.000000,0.000000,0
12050,98.437507,102.874998,0.104492,27.414694,65.771519,1
12060,98.437507,102.874998,0.104492,0.000000,0.000000,1
12070,98.437507,102.874998,0.104492,0.000000,0.000000,1
12080,98.437507,102.874998,0.104492,0.000000,0.000000,1
12090,98.437507,102.874998,0.104492,0.000000,0.000000,1
12100,98.437507,102.874998,0.104492,0.000000,0.000000,1
12110,98.437507,102.874998,0.104492,0.000000,0.000000,1
12120,98.437507,102.874998,0.104492,0.000000,0.000000,1
12130,98.325003,102.750000,0.602539,16.817118,-131.988517,1
12140,98.325003,102.750000,0.602539,0.000000,0.000000,1
12150,98.100007,102.375000,0.655273,43.731963,-120.963371,1
12160,97.875000,102.000000,0.684570,43.732492,-120.964528,1
12170,97.875000,102.000000,0.684570,0.000000,0.000000,1
12180,97.650003,101.374998,0.714844,66.426714,-109.798542,1
12190,97.650003,101.374998,0.714844,0.000000,0.000000,1
12200,97.537500,100.875000,0.738281,51.249889,-102.680805,1
12210,97.200000,99.874998,0.783203,105.541938,-108.649506,1
12220,97.200000,99.874998,0.783203,0.000000,0.000000,1
12230,96.975003,99.249999,0.806641,66.426445,-109.798626,1
12240,96.862500,98.499999,0.828125,75.839107,-98.531022,1
12250,96.862500,98.499999,0.828125,0.000000,0.000000,1
12260,96.637503,97.875000,0.844727,66.426445,-109.798626,1
12270,96.637503,97.875000,0.844727,0.000000,0.000000,1
12280,96.412507,96.874998,0.856445,102.500111,-102.680173,1
12290,96.187500,96.249999,0.861328,66.426794,-109.799461,1
12300,96.187500,96.249999,0.861328,0.000000,0.000000,1
12310,96.075007,95.749998,0.868164,51.249942,-102.679611,1
12320,96.075007,95.749998,0.868164,0.000000,0.000000,1
12330,95.850000,95.124999,0.871094,66.426794,-109.799461,1
12340,95.625003,94.624998,0.875977,54.829227,-114.227377,1
12350,95.625003,94.624998,0.875977,0.000000,0.000000,1
12360,95.400007,93.750000,0.880859,90.346285,-104.420592,1
12370,95.400007,93.750000,0.880859,0.000000,0.000000,1
12380,95.287503,93.249999,0.886719,51.250168,-102.680735,1
12390,95.287503,93.249999,0.886719,0.000000,0.000000,1
12400,95.287503,92.749998,0.888672,50.000095,-90.000000,1
12410,95.175000,92.250000,0.890625,51.249889,-102.680805,1
12420,95.175000,92.250000,0.890625,0.000000,0.000000,1
12430,95.062507,91.624998,0.893555,63.504495,-100.203334,1
12440,95.062507,91.374999,0.896484,24.999905,-90.000000,1
12450,95.062507,91.374999,0.896484,0.000000,0.000000,1
12460,95.062507,91.125000,0.898438,24.999905,-90.000000,1
12470,95.062507,91.125000,0.898438,0.000000,0.000000,1
12480,95.062507,90.874998,0.898438,25.000191,-90.000000,1
12490,95.062507,90.750000,0.898438,12.499809,-90.000000,1
12500,95.062507,90.750000,0.898438,0.000000,0.000000,1
12510,95.062507,90.750000,0.898438,0.000000,0.000000,1
12520,95.062507,90.750000,0.898438,0.000000,0.000000,1
12530,95.062507,90.750000,0.898438,0.000000,0.000000,1
12540,95.062507,90.750000,0.898438,0.000000,0.000000,1
12550,95.062507,90.750000,0.898438,0.000000,0.000000,1
12560,95.062507,90.874998,0.860352,12.499809,90.000000,1
12570,95.062507,90.874998,0.860352,0.000000,0.000000,1
12580,95.287503,91.125000,0.832031,33.633972,48.013440,1
12590,95.625003,91.374999,0.838867,42.000687,36.528751,1
12600,95.625003,91.374999,0.838867,0.000000,0.000000,1
12610,95.962503,91.875000,0.843750,60.324722,55.980701,1
12620,95.962503,91.875000,0.843750,0.000000,0.000000,1
12630,96.300003,92.250000,0.843750,50.451090,48.012788,1
12640,96.525000,92.625000,0.840820,43.731963,59.036629,1
12650,96.525000,92.625000,0.840820,0.000000,0.000000,1
12660,96.750007,93.249999,0.834961,66.426794,70.200539,1
12670,96.750007,93.249999,0.834961,0.000000,0.000000,1
12680,96.750007,93.750000,0.827148,50.000095,90.000000,1
12690,96.862500,94.374999,0.797852,63.504213,79.796621,1
12700,96.862500,94.374999,0.797852,0.000000,0.000000,1
12710,96.975003,94.999998,0.769531,63.504396,79.795706,1
12720,96.975003,94.999998,0.769531,0.000000,0.000000,1
12730,97.200000,96.000000,0.703125,102.500111,77.319827,1
12740,97.425007,96.624999,0.647461,66.426794,70.200539,1
12750,97.425007,96.624999,0.647461,0.000000,0.000000,1
12760,97.650003,97.374999,0.581055,78.302200,73.300996,1
12770,97.650003,97.374999,0.581055,0.000000,0.000000,1
12780,97.875000,97.999998,0.529297,66.426445,70.201374,1
12790,97.875000,97.999998,0.529297,0.000000,0.000000,1
12800,98.100007,98.499999,0.488281,54.829649,65.771641,1
12810,98.325003,98.874999,0.474609,43.731963,59.036629,1
12820,98.325003,98.874999,0.474609,0.000000,0.000000,1
12830,98.437507,99.124998,0.473633,27.414694,65.771519,1
12840,98.550000,99.249999,0.498047,16.816642,48.014744,1
12850,98.550000,99.249999,0.498047,0.000000,0.000000,1
12860,98.550000,99.375000,0.505859,12.500095,90.000000,1
12870,98.550000,99.375000,0.505859,0.000000,0.000000,1
12880,98.775007,99.624999,0.525391,33.634449,48.011809,1
12890,98.775007,99.624999,0.525391,0.000000,0.000000,1
12900,98.887500,99.750000,0.527344,16.816642,48.014744,1
12910,98.887500,99.874998,0.532227,12.499809,90.000000,1
12920,98.887500,99.874998,0.532227,0.000000,0.000000,1
12930,99.000003,99.999999,0.560547,16.817331,48.012135,1
12940,99.112507,100.125000,0.587891,16.817331,48.012135,1
12950,99.112507,100.125000,0.587891,0.000000,0.000000,1
12960,99.337503,100.249998,0.641602,25.738683,29.054604,1
12970,99.337503,100.249998,0.641602,0.000000,0.000000,1
12980,99.675003,100.500000,0.674805,42.000858,36.529064,1
12990,100.012503,100.624998,0.710938,35.990384,20.322852,1
13000,100.012503,100.624998,0.710938,0.000000,0.000000,1
13010,100.462507,100.749999,0.733398,46.704211,15.524111,1
13020,100.462507,100.749999,0.733398,0.000000,0.000000,1
13030,101.362503,100.875000,0.772461,90.863582,7.907252,1
13040,102.487507,100.875000,0.789063,112.500343,0.000000,1
13050,102.487507,100.875000,0.789063,0.000000,0.000000,1
13060,103.837507,100.875000,0.797852,135.000000,0.000000,1
13070,103.837507,100.875000,0.797852,0.000000,0.000000,1
13080,104.737503,100.999998,0.809570,90.863543,7.907073,1
13090,105.412503,100.999998,0.814453,67.500000,0.000000,1
13100,105.412503,100.999998,0.814453,0.000000,0.000000,1
13110,106.312500,100.999998,0.819336,89.999657,0.000000,1
13120,106.312500,100.999998,0.819336,0.000000,0.000000,1
13130,107.662500,101.124999,0.829102,135.577477,5.290121,1
13140,108.562507,101.250000,0.837891,90.864602,7.907163,1
13150,108.562507,101.250000,0.837891,0.000000,0.000000,1
13160,109.350000,101.250000,0.836914,78.749313,0.000000,1
13170,109.350000,101.250000,0.836914,0.000000,0.000000,1
13180,110.025000,101.250000,0.836914,67.500000,0.000000,1
13190,111.150003,101.250000,0.840820,112.500343,0.000000,1
13200,111.150003,101.250000,0.840820,0.000000,0.000000,1
13210,111.825003,101.374998,0.845703,68.647616,10.491320,1
13220,111.825003,101.374998,0.845703,0.000000,0.000000,1
13230,112.500003,101.374998,0.848633,67.500000,0.000000,1
13240,112.950007,101.374998,0.848633,45.000343,0.000000,1
13250,112.950007,101.374998,0.848633,0.000000,0.000000,1
13260,113.400000,101.374998,0.848633,44.999313,0.000000,1
13270,113.400000,101.374998,0.848633,0.000000,0.000000,1
13280,113.962507,101.374998,0.847656,56.250687,0.000000,1
13290,114.187503,101.374998,0.851563,22.499657,0.000000,1
13300,114.187503,101.374998,0.851563,0.000000,0.000000,1
13310,114.300007,101.250000,0.852539,16.817118,-48.011483,1
13320,114.300007,101.250000,0.852539,0.000000,0.000000,1
13330,114.412500,101.250000,0.852539,11.249313,0.000000,1
13340,114.525003,101.250000,0.851563,11.250343,0.000000,1
13350,114.525003,101.250000,0.851563,0.000000,0.000000,1
13360,114.637507,101.250000,0.846680,11.250343,0.000000,1
13370,114.637507,101.250000,0.846680,0.000000,0.000000,1
13380,114.637507,101.124999,0.824219,12.500095,-90.000000,1
13390,114.637507,101.124999,0.824219,0.000000,0.000000,1
13400,114.637507,101.124999,0.824219,0.000000,0.000000,1
13410,114.525003,100.875000,0.829102,27.414694,-114.228481,1
13420,114.525003,100.875000,0.829102,0.000000,0.000000,1
13430,114.300007,100.374999,0.835938,54.829227,-114.227377,1
13440,114.075000,99.874998,0.837891,54.829649,-114.228359,1
13450,114.075000,99.874998,0.837891,0.000000,0.000000,1
13460,113.737500,99.375000,0.838867,60.324484,-124.019451,1
13470,113.737500,99.375000,0.838867,0.000000,0.000000,1
13480,113.287507,98.749998,0.842773,77.014363,-125.753390,1
13490,112.500003,97.749999,0.848633,127.285496,-128.220580,1
13500,112.500003,97.749999,0.848633,0.000000,0.000000,1
13510,111.937507,97.125000,0.855469,84.084850,-131.987082,1
13520,111.937507,97.125000,0.855469,0.000000,0.000000,1
13530,111.375000,96.499998,0.858398,84.085751,-131.987473,1
13540,110.925007,95.874999,0.862305,77.014130,-125.753514,1
13550,110.925007,95.874999,0.862305,0.000000,0.000000,1
13560,110.250007,95.124999,0.867188,100.902180,-131.987212,1
13570,110.250007,95.124999,0.867188,0.000000,0.000000,1
13580,109.687500,94.500000,0.873047,84.085539,-131.987604,1
13590,108.675000,93.499998,0.879883,142.308119,-135.355815,1
13600,108.675000,93.499998,0.879883,0.000000,0.000000,1
13610,108.000000,92.874999,0.879883,91.991783,-137.202642,1
13620,108.000000,92.874999,0.879883,0.000000,0.000000,1
13630,107.100003,92.124999,0.881836,117.153481,-140.194321,1
13640,106.312500,91.500000,0.879883,100.537827,-141.562863,1
13650,106.312500,91.500000,0.879883,0.000000,0.000000,1
13660,105.075003,90.750000,0.857422,144.703067,-148.781527,1
13670,105.075003,90.750000,0.857422,0.000000,0.000000,1
13680,104.400003,90.499998,0.836914,71.980966,-159.676721,1
13690,103.725003,90.249999,0.732422,71.980867,-159.676934,1
13700,103.725003,90.249999,0.732422,0.000000,0.000000,1
13710,103.387503,90.624999,0.000000,50.451090,131.987212,0
13720,103.387503,90.624999,0.000000,0.000000,0.000000,0
13730,103.387503,90.874998,0.000000,24.999905,90.000000,0
13740,103.725003,91.500000,0.000000,71.030531,61.631027,0
13750,103.725003,91.500000,0.000000,0.000000,0.000000,0
13760,104.175007,91.875000,0.000000,58.577136,39.805356,0
13770,104.175007,91.875000,0.000000,0.000000,0.000000,0
13780,104.400003,92.124999,0.000000,33.633760,48.013114,0
13790,105.300000,92.124999,0.000000,89.999657,0.000000,0
13800,105.300000,92.124999,0.000000,0.000000,0.000000,0
13810,105.300000,92.124999,0.000000,0.000000,0.000000,0
13820,105.187507,92.124999,0.000000,11.249313,180.000000,0
13830,105.300000,92.250000,0.000000,16.816642,48.014744,0
13840,105.300000,92.250000,0.000000,0.000000,0.000000,0
13850,105.187507,92.124999,0.000000,16.816642,-131.985256,0
13860,104.625000,91.749999,0.000000,67.604658,-146.310255,0
13870,104.625000,91.749999,0.000000,0.000000,0.000000,0
13880,102.375003,91.249998,0.000000,230.488297,-167.471151,0
13890,101.587500,90.874998,0.000000,87.223085,-154.536752,0
13900,101.587500,90.874998,0.000000,0.000000,0.000000,0
13910,101.025003,90.249999,0.000000,84.084850,-131.987082,0
13920,101.025003,90.249999,0.000000,0.000000,0.000000,0
13930,101.025003,90.000000,0.000000,24.999905,-90.000000,0
13940,101.137507,90.124998,0.000000,16.817118,48.011483,0
13950,101.137507,90.124998,0.000000,0.000000,0.000000,0
13960,101.587500,90.874998,0.000000,87.463925,59.036629,0
13970,101.587500,90.874998,0.000000,0.000000,0.000000,0
13980,101.700003,91.374999,0.000000,51.250168,77.319265,0
13990,101.812507,91.749999,0.000000,39.151248,73.300275,0
14000,101.812507,91.749999,0.000000,0.000000,0.000000,0
14010,101.925000,91.999998,0.000000,27.414272,65.773482,0
14020,101.925000,91.999998,0.000000,0.000000,0.000000,0
14030,102.037503,92.124999,0.000000,16.817331,48.012135,0
14040,102.037503,92.499999,0.000000,37.500000,90.000000,0
14050,102.037503,92.499999,0.000000,0.000000,0.000000,0
14060,101.925000,92.874999,0.000000,39.151248,106.699725,0
14070,101.925000,92.874999,0.000000,0.000000,0.000000,0
14080,101.812507,93.124998,0.000000,27.414272,114.226518,0
14090,101.700003,93.249999,0.000000,16.817331,131.987865,0
14100,101.700003,93.249999,0.000000,0.000000,0.000000,0
14110,101.475007,93.499998,0.000000,33.633760,131.986886,0
14120,101.475007,93.499998,0.000000,0.000000,0.000000,0
14130,101.475007,93.624999,0.000000,12.500095,90.000000,0
14140,101.475007,93.624999,0.000000,0.000000,0.000000,0
14150,101.475007,93.624999,0.401367,0.000000,0.000000,1
14160,101.475007,93.624999,0.401367,0.000000,0.000000,1
14170,101.475007,93.624999,0.401367,0.000000,0.000000,1
14180,101.475007,93.624999,0.401367,0.000000,0.000000,1
14190,101.475007,93.624999,0.401367,0.000000,0.000000,1
14200,101.475007,93.624999,0.401367,0.000000,0.000000,1
14210,101.700003,93.249999,0.589844,43.731963,-59.036629,1
14220,101.700003,93.249999,0.589844,0.000000,0.000000,1
14230,101.812507,92.749998,0.652344,51.250168,-77.319265,1
14240,101.812507,92.250000,0.699219,49.999809,-90.000000,1
14250,101.812507,92.250000,0.699219,0.000000,0.000000,1
14260,101.812507,91.249998,0.749023,100.000191,-90.000000,1
14270,101.812507,91.249998,0.749023,0.000000,0.000000,1
14280,101.587500,90.499998,0.782227,78.302496,-106.699725,1
14290,101.362503,89.749998,0.801758,78.302200,-106.699004,1
14300,101.362503,89.749998,0.801758,0.000000,0.000000,1
14310,101.137507,88.999998,0.817383,78.302200,-106.699004,1
14320,101.137507,88.999998,0.817383,0.000000,0.000000,1
14330,100.800007,88.249998,0.830078,82.243921,-114.227745,1
14340,100.462507,87.000000,0.843750,129.475924,-105.109597,1
14350,100.462507,87.000000,0.843750,0.000000,0.000000,1
14360,100.012503,86.124996,0.850586,98.393840,-117.216188,1
14370,100.012503,86.124996,0.850586,0.000000,0.000000,1
14380,99.675003,85.125000,0.854492,105.541396,-108.649605,1
14390,99.225000,84.249996,0.854492,98.393840,-117.216188,1
14400,99.225000,84.249996,0.854492,0.000000,0.000000,1
14410,98.550000,82.875000,0.863281,153.174394,-116.146904,1
14420,98.550000,82.875000,0.863281,0.000000,0.000000,1
14430,98.100007,82.125000,0.864258,87.463925,-120.963371,1
14440,97.650003,81.375000,0.865234,87.464455,-120.963949,1
14450,97.650003,81.375000,0.865234,0.000000,0.000000,1
14460,97.087507,80.625000,0.868164,93.749794,-126.869730,1
14470,97.087507,80.625000,0.868164,0.000000,0.000000,1
14480,96.637503,79.875000,0.869141,87.464455,-120.963949,1
14490,96.075007,79.125000,0.869141,93.749794,-126.869730,1
14500,96.075007,79.125000,0.869141,0.000000,0.000000,1
14510,95.287503,78.249996,0.867188,117.719724,-131.987212,1
14520,95.287503,78.249996,0.867188,0.000000,0.000000,1
14530,94.837500,77.625000,0.839844,77.014500,-125.754260,1
14540,94.275003,77.250000,0.792969,67.603801,-146.309771,1
14550,94.275003,77.250000,0.792969,0.000000,0.000000,1
14560,93.375007,76.749996,0.000000,102.956187,-150.945118,0
14570,93.375007,76.749996,0.000000,0.000000,0.000000,0
14580,93.262503,76.749996,0.000000,11.250343,180.000000,0
14590,93.262503,77.625000,0.000000,87.500381,90.000000,0
14600,93.262503,77.625000,0.000000,0.000000,0.000000,0
14610,93.825000,79.125000,0.000000,160.199950,69.444070,0
14620,93.825000,79.125000,0.000000,0.000000,0.000000,0
14630,95.062507,80.749998,0.000000,204.255772,52.709147,0
14640,96.412507,81.999996,0.000000,183.983565,42.797358,0
14650,96.412507,81.999996,0.000000,0.000000,0.000000,0
14660,98.437507,83.250000,0.000000,237.973413,31.686446,0
14670,98.437507,83.250000,0.000000,0.000000,0.000000,0
14680,99.675003,83.499996,0.000000,126.249588,11.421047,0
14690,100.687503,83.625000,0.000000,102.018734,7.038153,0
14700,100.687503,83.625000,0.000000,0.000000,0.000000,0
14710,101.137507,83.749998,0.000000,46.704134,15.523773,0
14720,101.137507,83.749998,0.000000,0.000000,0.000000,0
14730,101.475007,83.749998,0.000000,33.750000,0.000000,0
14740,101.587500,83.250000,0.000000,51.249663,-77.320319,0
14750,101.587500,83.250000,0.000000,0.000000,0.000000,0
14760,101.587500,82.875000,0.000000,37.500000,-90.000000,0
14770,101.587500,82.875000,0.000000,0.000000,0.000000,0
14780,101.250000,82.624998,0.000000,42.000858,-143.470936,0
14790,100.912500,82.374996,0.000000,42.000858,-143.470936,0
14800,100.912500,82.374996,0.000000,0.000000,0.000000,0
14810,100.237500,82.374996,0.000000,67.500000,180.000000,0
14820,100.237500,82.374996,0.000000,0.000000,0.000000,0
14830,99.787507,82.374996,0.000000,44.999313,180.000000,0
14840,99.337503,82.624998,0.000000,51.478543,150.945396,0
14850,99.337503,82.624998,0.000000,0.000000,0.000000,0
14860,98.887500,82.999998,0.000000,58.577136,140.194644,0
14870,98.887500,82.999998,0.000000,0.000000,0.000000,0
14880,98.325003,83.499996,0.000000,75.259583,138.366396,0
14890,97.987503,83.625000,0.000000,35.990583,159.676294,0
14900,97.987503,83.625000,0.000000,0.000000,0.000000,0
14910,97.987503,83.874996,0.000000,24.999619,90.000000,0
14920,97.987503,83.874996,0.000000,0.000000,0.000000,0
14930,97.987503,84.249996,0.000000,37.500000,90.000000,0
14940,98.100007,84.375000,0.092773,16.817543,48.012788,1
14950,98.100007,84.375000,0.092773,0.000000,0.000000,1
14960,98.100007,84.375000,0.092773,0.000000,0.000000,1
14970,98.100007,84.375000,0.092773,0.000000,0.000000,1
14980,98.100007,84.375000,0.092773,0.000000,0.000000,1
14990,98.887500,84.375000,0.644531,78.749313,0.000000,1
15000,98.887500,84.375000,0.644531,0.000000,0.000000,1
15010,99.450007,84.249996,0.715820,57.622906,-12.529030,1
15020,99.450007,84.249996,0.715820,0.000000,0.000000,1
15030,100.350003,84.000000,0.777344,93.407276,-15.523942,1
15040,101.025003,83.749998,0.798828,71.980966,-20.323279,1
15050,101.025003,83.749998,0.798828,0.000000,0.000000,1
15060,101.700003,83.499996,0.828125,71.980966,-20.323279,1
15070,102.262500,83.124996,0.836914,67.603801,-33.690229,1
15080,102.262500,83.124996,0.836914,0.000000,0.000000,1
15090,102.825007,82.875000,0.849609,61.555834,-23.961905,1
15100,102.825007,82.875000,0.849609,0.000000,0.000000,1
15110,103.725003,82.374996,0.867188,102.956187,-29.054882,1
15120,103.725003,82.374996,0.867188,0.000000,0.000000,1
15130,104.287500,81.874998,0.874023,75.259583,-41.633604,1
15140,104.850007,81.499998,0.881836,67.604658,-33.689745,1
15150,104.850007,81.499998,0.881836,0.000000,0.000000,1
15160,105.300000,81.124998,0.887695,58.576345,-39.806001,1
15170,105.300000,81.124998,0.887695,0.000000,0.000000,1
15180,106.200007,80.499996,0.899414,109.573708,-34.777708,1
15190,106.650000,79.999998,0.913086,67.267519,-48.013114,1
15200,106.650000,79.999998,0.913086,0.000000,0.000000,1
15210,107.100003,79.500000,0.920898,67.268208,-48.012461,1
15220,107.100003,79.500000,0.920898,0.000000,0.000000,1
15230,107.437503,79.125000,0.928711,50.451090,-48.012788,1
15240,107.775003,78.624996,0.935547,60.324959,-55.980853,1
15250,107.775003,78.624996,0.935547,0.000000,0.000000,1
15260,108.225007,78.000000,0.941406,77.014500,-54.245740,1
15270,108.225007,78.000000,0.941406,0.000000,0.000000,1
15280,108.675000,77.625000,0.943359,58.576345,-39.806001,1
15290,109.012500,77.250000,0.943359,50.451090,-48.012788,1
15300,109.012500,77.250000,0.943359,0.000000,0.000000,1
15310,109.462503,76.749996,0.944336,67.268633,-48.012788,1
15320,109.462503,76.749996,0.944336,0.000000,0.000000,1
15330,110.025000,76.249998,0.947266,75.259583,-41.633604,1
15340,110.475003,75.750000,0.949219,67.268208,-48.012461,1
15350,110.475003,75.750000,0.949219,0.000000,0.000000,1
15360,110.925007,75.375000,0.953125,58.577136,-39.805356,1
15370,110.925007,75.375000,0.953125,0.000000,0.000000,1
15380,111.262507,74.874996,0.957031,60.324959,-55.980853,1
15390,111.712500,74.499996,0.958984,58.576345,-39.806001,1
15400,111.712500,74.499996,0.958984,0.000000,0.000000,1
15410,112.050000,74.124996,0.961914,50.451090,-48.012788,1
15420,112.050000,74.124996,0.961914,0.000000,0.000000,1
15430,112.500003,73.624998,0.965820,67.268208,-48.012461,1
15440,112.725000,73.249998,0.970703,43.731963,-59.036629,1
15450,112.725000,73.249998,0.970703,0.000000,0.000000,1
15460,112.950007,72.999996,0.983398,33.634661,-48.012135,1
15470,112.950007,72.999996,0.983398,0.000000,0.000000,1
15480,113.175003,72.750000,0.981445,33.633547,-48.012788,1
15490,113.287507,72.624996,0.979492,16.817543,-48.012788,1
15500,113.287507,72.624996,0.979492,0.000000,0.000000,1
15510,113.512503,72.375000,0.982422,33.633547,-48.012788,1
15520,113.512503,72.375000,0.982422,0.000000,0.000000,1
15530,113.625007,72.249996,0.982422,16.817543,-48.012788,1
15540,113.737500,72.249996,0.982422,11.249313,0.000000,1
15550,113.737500,72.249996,0.982422,0.000000,0.000000,1
15560,113.737500,72.249996,0.982422,0.000000,0.000000,1
15570,113.737500,72.249996,0.982422,0.000000,0.000000,1
15580,113.962507,72.375000,0.971680,25.739861,29.054604,1
15590,114.412500,72.999996,0.968750,77.013898,54.246361,1
15600,114.412500,72.999996,0.968750,0.000000,0.000000,1
15610,115.087500,74.250000,0.965820,142.061062,61.631027,1
15620,115.087500,74.250000,0.965820,0.000000,0.000000,1
15630,115.762500,75.624996,0.932617,153.174394,63.853096,1
15640,115.987507,76.999998,0.000000,139.329047,80.706425,0
15650,115.987507,76.999998,0.000000,0.000000,0.000000,0
15660,115.987507,77.749998,0.000000,75.000000,90.000000,0
15670,115.987507,77.749998,0.000000,0.000000,0.000000,0
15680,115.987507,78.000000,0.000000,25.000191,90.000000,0
15690,116.325007,80.124996,0.000000,215.163079,80.975443,0
15700,116.325007,80.124996,0.000000,0.000000,0.000000,0
15710,118.350007,81.750000,0.000000,259.639411,38.746033,0
15720,119.362507,82.624998,0.000000,133.819950,40.833433,0
15730,119.362507,82.624998,0.000000,0.000000,0.000000,0
15740,119.362507,82.624998,0.000000,0.000000,0.000000,0
15750,119.362507,82.624998,0.000000,0.000000,0.000000,0
15760,119.362507,82.624998,0.000000,0.000000,0.000000,0
15770,119.362507,82.624998,0.000000,0.000000,0.000000,0
15780,119.362507,82.624998,0.000000,0.000000,0.000000,0
15790,119.362507,82.624998,0.000000,0.000000,0.000000,0
15800,119.362507,82.624998,0.000000,0.000000,0.000000,0
15810,119.362507,82.624998,0.000000,0.000000,0.000000,0
15820,119.362507,82.624998,0.000000,0.000000,0.000000,0
15830,119.362507,82.624998,0.000000,0.000000,0.000000,0
15840,119.362507,82.624998,0.000000,0.000000,0.000000,0
15850,119.362507,82.624998,0.000000,0.000000,0.000000,0
15860,119.362507,82.624998,0.000000,0.000000,0.000000,0
15870,119.362507,82.624998,0.000000,0.000000,0.000000,0
15880,119.362507,82.624998,0.000000,0.000000,0.000000,0
15890,119.362507,82.624998,0.000000,0.000000,0.000000,0
15900,119.362507,82.624998,0.000000,0.000000,0.000000,0
15910,119.362507,82.624998,0.000000,0.000000,0.000000,0
15920,119.362507,82.624998,0.000000,0.000000,0.000000,0
15930,119.362507,82.624998,0.000000,0.000000,0.000000,0
15940,119.362507,82.624998,0.000000,0.000000,0.000000,0
15950,119.362507,82.624998,0.000000,0.000000,0.000000,0
15960,119.362507,82.624998,0.000000,0.000000,0.000000,0
15970,136.012500,107.874999,0.000000,3024.540989,56.598916,0
15980,136.012500,107.874999,0.000000,0.000000,0.000000,0
15990,136.012500,107.874999,0.000000,0.000000,0.000000,0
16000,136.012500,107.874999,0.000000,0.000000,0.000000,0
16010,136.012500,107.874999,0.000000,0.000000,0.000000,0
16020,136.012500,107.874999,0.000000,0.000000,0.000000,0
16030,135.900007,107.874999,0.000000,11.249313,180.000000,0
16040,135.787503,107.749998,0.000000,16.817331,-131.987865,0
16050,135.787503,107.749998,0.000000,0.000000,0.000000,0
16060,135.225007,107.250000,0.000000,75.259583,-138.366396,0
16070,135.225007,107.250000,0.000000,0.000000,0.000000,0
16080,134.550007,106.875000,0.000000,77.217226,-150.945396,0
16090,134.437503,106.749999,0.000000,16.817331,-131.987865,0
16100,134.437503,106.749999,0.000000,0.000000,0.000000,0
16110,134.212507,106.374999,0.000000,43.731963,-120.963371,0
16120,134.212507,106.374999,0.000000,0.000000,0.000000,0
16130,133.875007,106.249998,0.000000,35.990483,-159.676721,0
16140,133.762503,106.125000,0.000000,16.817118,-131.988517,0
16150,133.762503,106.125000,0.000000,0.000000,0.000000,0
16160,133.537507,106.125000,0.000000,22.499657,180.000000,0
16170,133.537507,106.125000,0.000000,0.000000,0.000000,0
16180,133.425003,106.249998,0.000000,16.817118,131.988517,0
16190,133.087503,106.249998,0.000000,33.750000,180.000000,0
16200,133.087503,106.249998,0.000000,0.000000,0.000000,0
16210,132.862507,106.249998,0.000000,22.499657,180.000000,0
16220,132.750003,106.249998,0.000000,11.250343,180.000000,0
16230,132.750003,106.249998,0.000000,0.000000,0.000000,0
16240,132.412503,106.249998,0.000000,33.750000,180.000000,0
16250,132.412503,106.249998,0.000000,0.000000,0.000000,0
16260,132.187507,106.249998,0.000000,22.499657,180.000000,0
16270,132.187507,106.249998,0.000000,0.000000,0.000000,0
16280,132.075003,106.249998,0.000000,11.250343,180.000000,0
16290,131.850007,106.249998,0.000000,22.499657,180.000000,0
16300,131.850007,106.249998,0.000000,0.000000,0.000000,0
16310,131.737503,106.249998,0.000000,11.250343,180.000000,0
16320,131.737503,106.249998,0.000000,0.000000,0.000000,0
16330,131.512507,106.249998,0.000000,22.499657,180.000000,0
16340,131.400003,106.249998,0.000000,11.250343,180.000000,0
16350,131.400003,106.249998,0.000000,0.000000,0.000000,0
16360,131.175007,106.249998,0.000000,22.499657,180.000000,0
16370,131.175007,106.249998,0.000000,0.000000,0.000000,0
16380,131.062503,106.249998,0.000000,11.250343,180.000000,0
16390,131.062503,106.125000,0.000000,12.499809,-90.000000,0
16400,131.062503,106.125000,0.000000,0.000000,0.000000,0
16410,130.837507,106.125000,0.000000,22.499657,180.000000,0
16420,130.837507,106.125000,0.000000,0.000000,0.000000,0
16430,130.725003,105.999999,0.000000,16.817331,-131.987865,0
16440,130.725003,105.999999,0.000000,0.000000,0.000000,0
16450,130.725003,105.999999,0.000000,0.000000,0.000000,0
16460,130.725003,105.999999,0.000000,0.000000,0.000000,0
16470,130.725003,105.999999,0.000000,0.000000,0.000000,0
16480,130.725003,105.999999,0.000000,0.000000,0.000000,0
16490,130.725003,105.999999,0.000000,0.000000,0.000000,0
16500,130.725003,105.999999,0.000000,0.000000,0.000000,0
16510,130.725003,106.374999,0.000000,37.500000,90.000000,0
16520,130.725003,106.374999,0.000000,0.000000,0.000000,0
16530,130.837507,106.624998,0.000000,27.414694,65.771519,0
16540,130.950000,106.749999,0.000000,16.816642,48.014744,0
16550,130.950000,106.749999,0.000000,0.000000,0.000000,0
16560,131.062503,106.999998,0.000000,27.414694,65.771519,0
16570,131.175007,107.124999,0.000000,16.817331,48.012135,0
16580,131.175007,107.124999,0.000000,0.000000,0.000000,0
16590,131.287500,107.250000,0.000000,16.816642,48.014744,0
16600,131.287500,107.250000,0.000000,0.000000,0.000000,0
16610,131.287500,107.374998,0.000000,12.499809,90.000000,0
16620,131.062503,107.374998,0.000000,22.499657,180.000000,0
16630,131.062503,107.374998,0.000000,0.000000,0.000000,0
16640,130.387503,107.374998,0.000000,67.500000,180.000000,0
16650,130.387503,107.374998,0.000000,0.000000,0.000000,0
16660,129.375003,107.374998,0.000000,101.250000,180.000000,0
16670,129.375003,107.374998,0.000000,0.000000,0.000000,0
16680,129.375003,107.250000,0.000000,12.499809,-90.000000,0
16690,129.037503,107.250000,0.000000,33.750000,180.000000,0
16700,129.037503,107.250000,0.000000,0.000000,0.000000,0
16710,128.362503,107.250000,0.000000,67.500000,180.000000,0
16720,128.137507,107.250000,0.000000,22.499657,180.000000,0
16730,128.137507,107.250000,0.000000,0.000000,0.000000,0
16740,128.137507,107.250000,0.000000,0.000000,0.000000,0
16750,128.250000,107.250000,0.000000,11.249313,0.000000,0
16760,128.250000,107.250000,0.000000,0.000000,0.000000,0
16770,128.475007,107.250000,0.000000,22.500687,0.000000,0
16780,128.475007,107.250000,0.000000,0.000000,0.000000,0
16790,128.587500,107.499999,0.000000,27.414272,65.773482,0
16800,128.587500,107.499999,0.000000,0.000000,0.000000,0
16810,128.587500,107.499999,0.000000,0.000000,0.000000,0
16820,128.587500,107.749998,0.000000,24.999905,90.000000,0
16830,128.587500,107.874999,0.000000,12.500095,90.000000,0
16840,128.587500,107.874999,0.000000,0.000000,0.000000,0
16850,128.475007,107.874999,0.000000,11.249313,180.000000,0
16860,128.475007,107.874999,0.000000,0.000000,0.000000,0
16870,128.362503,107.874999,0.000000,11.250343,180.000000,0
16880,128.137507,107.874999,0.000000,22.499657,180.000000,0
16890,128.137507,107.749998,0.000000,12.500095,-90.000000,0
16900,128.137507,107.749998,0.000000,0.000000,0.000000,0
16910,128.025003,107.749998,0.000000,11.250343,180.000000,0
16920,127.800007,107.749998,0.000000,22.499657,180.000000,0
16930,127.800007,107.749998,0.000000,0.000000,0.000000,0
16940,127.462507,107.625000,0.000000,35.990384,-159.677148,0
16950,127.462507,107.625000,0.000000,0.000000,0.000000,0
16960,127.350003,107.625000,0.000000,11.250343,180.000000,0
16970,127.350003,107.625000,0.000000,0.000000,0.000000,0
16980,127.125007,107.625000,0.000000,22.499657,180.000000,0
16990,127.125007,107.625000,0.000000,0.000000,0.000000,0
17000,127.012503,107.625000,0.000000,11.250343,180.000000,0
17010,127.012503,107.625000,0.000000,0.000000,0.000000,0
17020,126.900000,107.749998,0.000000,16.817118,131.988517,0
17030,126.787507,107.749998,0.000000,11.249313,180.000000,0
17040,126.787507,107.874999,0.000000,12.500095,90.000000,0
17050,126.787507,107.874999,0.000000,0.000000,0.000000,0
17060,126.787507,108.124998,0.000000,24.999905,90.000000,0
17070,126.787507,108.249999,0.000000,12.500095,90.000000,0
17080,126.787507,108.249999,0.000000,0.000000,0.000000,0
17090,126.787507,108.499998,0.000000,24.999905,90.000000,0
17100,126.787507,108.499998,0.000000,0.000000,0.000000,0
17110,126.787507,108.499998,0.000000,0.000000,0.000000,0
17120,126.675003,108.499998,0.000000,11.250343,180.000000,0
17130,126.675003,108.499998,0.478516,0.000000,0.000000,1
17140,126.675003,108.499998,0.478516,0.000000,0.000000,1
17150,126.675003,108.499998,0.478516,0.000000,0.000000,1
17160,126.675003,108.499998,0.478516,0.000000,0.000000,1
17170,126.675003,108.499998,0.478516,0.000000,0.000000,1
17180,126.675003,108.499998,0.478516,0.000000,0.000000,1
17190,126.787507,108.375000,0.625000,16.817118,-48.011483,1
17200,126.787507,108.375000,0.625000,0.000000,0.000000,1
17210,126.900000,108.124998,0.667969,27.414532,-65.773727,1
17220,126.900000,107.749998,0.721680,37.500000,-90.000000,1
17230,126.900000,107.749998,0.721680,0.000000,0.000000,1
17240,126.675003,106.999998,0.757813,78.302200,-106.699004,1
17250,126.675003,106.999998,0.757813,0.000000,0.000000,1
17260,126.225000,105.874998,0.798828,121.166336,-111.801560,1
17270,125.775007,105.000000,0.824219,98.392860,-117.215807,1
17280,125.775007,105.000000,0.824219,0.000000,0.000000,1
17290,125.437507,104.250000,0.838867,82.243921,-114.227745,1
17300,125.437507,104.250000,0.838867,0.000000,0.000000,1
17310,124.762507,102.999999,0.848633,142.060810,-118.369028,1
17320,124.200000,102.124998,0.853516,104.021183,-122.735516,1
17330,124.200000,102.124998,0.853516,0.000000,0.000000,1
17340,123.750007,101.124999,0.855469,109.658192,-114.227439,1
17350,123.750007,101.124999,0.855469,0.000000,0.000000,1
17360,123.300003,100.249998,0.855469,98.393585,-117.216264,1
17370,122.737507,99.375000,0.856445,104.020385,-122.735124,1
17380,122.737507,99.375000,0.856445,0.000000,0.000000,1
17390,122.175000,98.499999,0.856445,104.021183,-122.735516,1
17400,122.175000,98.499999,0.856445,0.000000,0.000000,1
17410,121.275003,97.125000,0.856445,164.335516,-123.206488,1
17420,120.712507,96.375000,0.859375,93.749794,-126.869730,1
17430,120.712507,96.375000,0.859375,0.000000,0.000000,1
17440,120.150000,95.625000,0.858398,93.750412,-126.870233,1
17450,120.150000,95.625000,0.858398,0.000000,0.000000,1
17460,119.700007,94.999998,0.845703,77.014363,-125.753390,1
17470,119.025007,94.374999,0.759766,91.991783,-137.202642,1
17480,119.025007,94.374999,0.759766,0.000000,0.000000,1
17490,118.912503,94.749999,0.129883,39.151248,106.699725,1
17500,118.912503,94.749999,0.000000,0.000000,0.000000,0
17510,119.250003,95.625000,0.000000,93.783416,68.907681,0
17520,120.150000,96.999999,0.000000,164.335516,56.793512,0
17530,120.150000,96.999999,0.000000,0.000000,0.000000,0
17540,121.275003,98.250000,0.000000,168.170601,48.012722,0
17550,121.275003,98.250000,0.000000,0.000000,0.000000,0
17560,124.200000,100.374999,0.000000,361.541503,35.998265,0
17570,126.787507,101.874999,0.000000,299.085135,30.101239,0
17580,126.787507,101.874999,0.000000,0.000000,0.000000,0
17590,128.700003,102.999999,0.000000,221.884387,30.465590,0
17600,128.700003,102.999999,0.000000,0.000000,0.000000,0
17610,129.150007,102.750000,0.000000,51.478405,-29.054326,0
17620,128.250000,102.375000,0.000000,97.500634,-157.380290,0
17630,128.250000,102.375000,0.000000,0.000000,0.000000,0
17640,128.362503,102.624999,0.000000,27.414694,65.771519,0
17650,128.362503,102.624999,0.000000,0.000000,0.000000,0
17660,129.037503,102.999999,0.000000,77.217226,29.054604,0
17670,129.262500,103.500000,0.000000,54.829227,65.772623,0
17680,129.262500,103.500000,0.000000,0.000000,0.000000,0
17690,128.812507,103.624998,0.000000,46.703142,164.475889,0
17700,128.812507,103.624998,0.000000,0.000000,0.000000,0
17710,128.362503,103.624998,0.000000,45.000343,180.000000,0
17720,127.800007,103.624998,0.000000,56.249657,180.000000,0
17730,127.800007,103.624998,0.000000,0.000000,0.000000,0
17740,127.350003,103.624998,0.000000,45.000343,180.000000,0
17750,127.350003,103.624998,0.000000,0.000000,0.000000,0
17760,127.462507,103.749999,0.000000,16.817331,48.012135,0
17770,127.462507,103.749999,0.000000,0.000000,0.000000,0
17780,128.025003,103.999998,0.000000,61.555009,23.962538,0
17790,128.137507,104.374998,0.000000,39.151248,73.300275,0
17800,128.137507,104.374998,0.000000,0.000000,0.000000,0
17810,128.137507,104.499999,0.000000,12.500095,90.000000,0
17820,128.025003,104.625000,0.000000,16.817331,131.987865,0
17830,128.025003,104.625000,0.000000,0.000000,0.000000,0
17840,127.687503,104.625000,0.000000,33.750000,180.000000,0
17850,127.687503,104.625000,0.000000,0.000000,0.000000,0
17860,127.012503,104.499999,0.000000,68.647668,-169.508445,0
17870,126.450007,104.499999,0.000000,56.249657,180.000000,0
17880,126.450007,104.499999,0.000000,0.000000,0.000000,0
17890,126.000003,104.374998,0.000000,46.704211,-164.475889,0
17900,126.000003,104.374998,0.000000,0.000000,0.000000,0
17910,125.437507,104.374998,0.000000,56.249657,180.000000,0
17920,124.762507,104.374998,0.000000,67.500000,180.000000,0
17930,124.762507,104.374998,0.000000,0.000000,0.000000,0
17940,124.312503,104.250000,0.000000,46.704134,-164.476227,0
17950,124.312503,104.250000,0.000000,0.000000,0.000000,0
17960,123.862500,104.250000,0.000000,45.000343,180.000000,0
17970,123.525000,103.999998,0.000000,42.000858,-143.470936,0
17980,123.525000,103.999998,0.000000,0.000000,0.000000,0
17990,123.300003,103.875000,0.376953,25.738683,-150.945396,1
18000,123.300003,103.875000,0.376953,0.000000,0.000000,1
18010,123.300003,103.875000,0.376953,0.000000,0.000000,1
18020,123.300003,103.875000,0.376953,0.000000,0.000000,1
18030,123.300003,103.875000,0.376953,0.000000,0.000000,1
18040,123.862500,103.875000,0.604492,56.249657,0.000000,1
18050,123.862500,103.875000,0.604492,0.000000,0.000000,1
18060,124.650003,103.875000,0.662109,78.750343,0.000000,1
18070,125.437507,103.875000,0.720703,78.750343,0.000000,1
18080,125.437507,103.875000,0.720703,0.000000,0.000000,1
18090,127.125007,104.124999,0.749023,170.591787,8.426937,1
18100,127.125007,104.124999,0.749023,0.000000,0.000000,1
18110,128.475007,104.374998,0.753906,137.295285,10.491438,1
18120,129.600000,104.625000,0.763672,115.243677,12.528974,1
18130,129.600000,104.625000,0.763672,0.000000,0.000000,1
18140,130.162507,104.749998,0.769531,57.622782,12.528474,1
18150,130.162507,104.749998,0.769531,0.000000,0.000000,1
18160,130.950000,104.874999,0.776367,79.735229,9.019467,1
18170,132.187507,105.000000,0.778320,124.380404,5.767901,1
18180,132.187507,105.000000,0.778320,0.000000,0.000000,1
18190,132.862507,105.000000,0.778320,67.500000,0.000000,1
18200,132.862507,105.000000,0.778320,0.000000,0.000000,1
18210,133.537507,105.124998,0.782227,68.647616,10.491320,1
18220,134.325000,105.124998,0.787109,78.749313,0.000000,1
18230,134.325000,105.124998,0.787109,0.000000,0.000000,1
18240,135.450003,105.249999,0.791992,113.192666,6.340221,1
18250,135.450003,105.249999,0.791992,0.000000,0.000000,1
18260,136.125003,105.249999,0.793945,67.500000,0.000000,1
18270,136.687500,105.249999,0.795898,56.249657,0.000000,1
18280,136.687500,105.249999,0.795898,0.000000,0.000000,1
18290,137.250007,105.249999,0.797852,56.250687,0.000000,1
18300,137.250007,105.249999,0.797852,0.000000,0.000000,1
18310,137.587507,105.249999,0.805664,33.750000,0.000000,1
18320,137.925007,105.249999,0.817383,33.750000,0.000000,1
18330,137.925007,105.249999,0.817383,0.000000,0.000000,1
18340,138.037500,105.249999,0.816406,11.249313,0.000000,1
18350,138.037500,105.249999,0.816406,0.000000,0.000000,1
18360,138.037500,105.249999,0.816406,0.000000,0.000000,1
18370,138.037500,105.124998,0.785156,12.500095,-90.000000,1
18380,137.812503,105.124998,0.000000,22.499657,180.000000,0
18390,137.812503,105.124998,0.000000,0.000000,0.000000,0
18400,137.812503,105.124998,0.000000,0.000000,0.000000,0
18410,137.587507,105.124998,0.000000,22.499657,180.000000,0
18420,137.587507,105.249999,0.000000,12.500095,90.000000,0
18430,137.587507,105.249999,0.000000,0.000000,0.000000,0
18440,137.587507,105.249999,0.000000,0.000000,0.000000,0
18450,137.587507,105.249999,0.000000,0.000000,0.000000,0
18460,137.587507,105.249999,0.000000,0.000000,0.000000,0
18470,137.587507,105.249999,0.000000,0.000000,0.000000,0
18480,137.587507,105.249999,0.000000,0.000000,0.000000,0
18490,137.587507,105.249999,0.000000,0.000000,0.000000,0
18500,137.587507,105.249999,0.000000,0.000000,0.000000,0
18510,137.587507,105.249999,0.000000,0.000000,0.000000,0
18520,137.587507,105.249999,0.000000,0.000000,0.000000,0
18530,137.587507,105.249999,0.000000,0.000000,0.000000,0
18540,137.587507,105.249999,0.000000,0.000000,0.000000,0
18550,128.812507,98.374998,0.000000,1114.747788,-141.922157,0
18560,128.137507,98.124999,0.000000,71.980867,-159.676934,0
18570,128.025003,97.999998,0.000000,16.817331,-131.987865,0
18580,128.025003,97.999998,0.000000,0.000000,0.000000,0
18590,127.687503,97.875000,0.000000,35.990384,-159.677148,0
18600,127.687503,97.875000,0.000000,0.000000,0.000000,0
18610,127.237500,97.875000,0.000000,45.000343,180.000000,0
18620,127.012503,97.749999,0.000000,25.738822,-150.944839,0
18630,127.012503,97.749999,0.000000,0.000000,0.000000,0
18640,126.675003,97.749999,0.000000,33.750000,180.000000,0
18650,126.675003,97.749999,0.000000,0.000000,0.000000,0
18660,126.562500,98.124999,0.000000,39.151248,106.699725,0
18670,126.562500,98.124999,0.000000,0.000000,0.000000,0
18680,126.787507,98.250000,0.000000,25.739722,29.054047,0
18690,126.787507,98.374998,0.000000,12.499809,90.000000,0
18700,126.787507,98.374998,0.000000,0.000000,0.000000,0
18710,126.450007,98.374998,0.000000,33.750000,180.000000,0
18720,125.887500,98.124999,0.000000,61.555950,-156.037852,0
18730,125.887500,98.124999,0.000000,0.000000,0.000000,0
18740,125.325003,97.999998,0.000000,57.621838,-167.471026,0
18750,125.325003,97.999998,0.000000,0.000000,0.000000,0
18760,124.875000,97.875000,0.000000,46.704134,-164.476227,0
18770,124.425007,97.875000,0.000000,44.999313,180.000000,0
18780,124.425007,97.875000,0.000000,0.000000,0.000000,0
18790,124.312503,97.999998,0.000000,16.817118,131.988517,0
18800,124.312503,97.999998,0.000000,0.000000,0.000000,0
18810,124.312503,97.999998,0.000000,0.000000,0.000000,0
18820,124.312503,97.999998,0.000000,0.000000,0.000000,0
18830,124.312503,97.999998,0.000000,0.000000,0.000000,0
18840,124.087507,97.999998,0.000000,22.499657,180.000000,0
18850,123.975003,97.999998,0.268555,11.250343,180.000000,1
18860,123.975003,97.999998,0.268555,0.000000,0.000000,1
18870,123.975003,97.999998,0.268555,0.000000,0.000000,1
18880,123.975003,97.999998,0.268555,0.000000,0.000000,1
18890,123.975003,97.999998,0.268555,0.000000,0.000000,1
18900,123.975003,97.999998,0.268555,0.000000,0.000000,1
18910,123.975003,97.999998,0.268555,0.000000,0.000000,1
18920,124.087507,97.875000,0.587891,16.817118,-48.011483,1
18930,124.087507,97.875000,0.587891,0.000000,0.000000,1
18940,124.200000,97.624998,0.641602,27.414532,-65.773727,1
18950,124.200000,97.624998,0.641602,0.000000,0.000000,1
18960,124.537500,97.500000,0.687500,35.990384,-20.322852,1
18970,124.987503,97.500000,0.701172,45.000343,0.000000,1
18980,124.987503,97.500000,0.701172,0.000000,0.000000,1
18990,126.000003,97.374999,0.718750,102.018699,-7.037994,1
19000,126.000003,97.374999,0.718750,0.000000,0.000000,1
19010,126.900000,97.500000,0.729492,90.863582,7.907252,1
19020,127.800007,97.624998,0.742188,90.864563,7.906984,1
19030,127.800007,97.624998,0.742188,0.000000,0.000000,1
19040,128.812507,97.875000,0.747070,104.290805,13.869788,1
19050,129.712503,97.999998,0.747070,90.863543,7.907073,1
19060,129.712503,97.999998,0.747070,0.000000,0.000000,1
19070,130.725003,98.124999,0.749023,102.018699,7.037994,1
19080,130.725003,98.124999,0.749023,0.000000,0.000000,1
19090,132.187507,98.124999,0.756836,146.250343,0.000000,1
19100,132.187507,98.124999,0.756836,0.000000,0.000000,1
19110,133.200007,98.250000,0.756836,102.018699,7.037994,1
19120,134.100003,98.250000,0.758789,89.999657,0.000000,1
19130,134.100003,98.250000,0.758789,0.000000,0.000000,1
19140,135.450003,98.250000,0.765625,135.000000,0.000000,1
19150,135.450003,98.250000,0.765625,0.000000,0.000000,1
19160,136.237507,98.250000,0.772461,78.750343,0.000000,1
19170,136.912507,98.250000,0.779297,67.500000,0.000000,1
19180,136.912507,98.250000,0.779297,0.000000,0.000000,1
19190,137.587507,98.250000,0.794922,67.500000,0.000000,1
19200,137.587507,98.250000,0.794922,0.000000,0.000000,1
19210,138.150003,98.124999,0.802734,57.621838,-12.528974,1
19220,138.487503,98.124999,0.802734,33.750000,0.000000,1
19230,138.487503,98.124999,0.802734,0.000000,0.000000,1
19240,138.937507,97.999998,0.799805,46.704211,-15.524111,1
19250,138.937507,97.999998,0.799805,0.000000,0.000000,1
19260,138.937507,97.875000,0.792969,12.499809,-90.000000,1
19270,138.600007,97.749999,0.267578,35.990483,-159.676721,1
19280,138.600007,97.749999,0.000000,0.000000,0.000000,0
19290,138.150003,97.749999,0.000000,45.000343,180.000000,0
19300,138.150003,97.749999,0.000000,0.000000,0.000000,0
19310,137.475003,97.624998,0.000000,68.647668,-169.508445,0
19320,136.800003,97.374999,0.000000,71.980867,-159.676934,0
19330,136.800003,97.374999,0.000000,0.000000,0.000000,0
19340,136.125003,96.999999,0.000000,77.217226,-150.945396,0
19350,136.125003,96.999999,0.000000,0.000000,0.000000,0
19360,135.000000,96.124998,0.000000,142.522258,-142.125071,0
19370,133.312500,94.875000,0.000000,210.003607,-143.471186,0
19380,133.312500,94.875000,0.000000,0.000000,0.000000,0
19390,129.487507,92.625000,0.000000,443.768774,-149.534410,0
19400,129.487507,92.625000,0.000000,0.000000,0.000000,0
19410,128.250000,91.999998,0.000000,138.638041,-153.203976,0
19420,125.775007,90.999999,0.000000,266.937991,-157.999265,0
19430,125.775007,90.999999,0.000000,0.000000,0.000000,0
19440,124.875000,90.874998,0.000000,90.864602,-172.092837,0
19450,124.425007,90.750000,0.000000,46.703142,-164.475889,0
19460,124.425007,90.750000,0.000000,0.000000,0.000000,0
19470,123.750007,90.499998,0.000000,71.980966,-159.676721,0
19480,123.750007,90.499998,0.000000,0.000000,0.000000,0
19490,123.637503,90.499998,0.000000,11.250343,180.000000,0
19500,123.637503,90.499998,0.000000,0.000000,0.000000,0
19510,123.412507,90.499998,0.000000,22.499657,180.000000,0
19520,123.412507,90.624999,0.000000,12.500095,90.000000,0
19530,123.412507,90.624999,0.000000,0.000000,0.000000,0
19540,123.525000,90.624999,0.000000,11.249313,0.000000,0
19550,123.525000,90.624999,0.000000,0.000000,0.000000,0
19560,123.525000,90.375000,0.000000,24.999905,-90.000000,0
19570,123.412507,90.249999,0.000000,16.816642,-131.985256,0
19580,123.412507,90.249999,0.000000,0.000000,0.000000,0
19590,123.300003,90.124998,0.383789,16.817331,-131.987865,1
19600,123.300003,90.124998,0.383789,0.000000,0.000000,1
19610,123.300003,90.124998,0.383789,0.000000,0.000000,1
19620,123.300003,90.124998,0.383789,0.000000,0.000000,1
19630,123.300003,90.124998,0.383789,0.000000,0.000000,1
19640,123.300003,90.124998,0.383789,0.000000,0.000000,1
19650,123.300003,90.124998,0.383789,0.000000,0.000000,1
19660,123.075007,90.000000,0.677734,25.738683,-150.945396,1
19670,122.850000,89.749998,0.700195,33.634661,-131.987865,1
19680,122.850000,89.749998,0.700195,0.000000,0.000000,1
19690,122.062507,89.250000,0.732422,93.281484,-147.587566,1
19700,122.062507,89.250000,0.732422,0.000000,0.000000,1
19710,121.500000,88.875000,0.740234,67.604658,-146.310255,1
19720,120.937503,88.624998,0.744141,61.555125,-156.037219,1
19730,120.937503,88.624998,0.744141,0.000000,0.000000,1
19740,120.712507,88.374999,0.755859,33.633760,-131.986886,1
19750,120.712507,88.374999,0.755859,0.000000,0.000000,1
19760,120.600003,88.249998,0.760742,16.817331,-131.987865,1
19770,120.600003,88.249998,0.760742,0.000000,0.000000,1
19780,120.600003,88.249998,0.760742,0.000000,0.000000,1
19790,120.937503,88.249998,0.751953,33.750000,0.000000,1
19800,121.387507,88.249998,0.776367,45.000343,0.000000,1
19810,121.387507,88.249998,0.776367,0.000000,0.000000,1
19820,122.175000,88.500000,0.791992,82.622418,17.612848,1
19830,122.175000,88.500000,0.791992,0.000000,0.000000,1
19840,124.200000,88.999998,0.802734,208.581473,13.869636,1
19850,124.200000,88.999998,0.802734,0.000000,0.000000,1
19860,126.000003,89.374998,0.808594,183.865096,11.768267,1
19870,127.462507,89.749998,0.809570,150.981499,14.381362,1
19880,127.462507,89.749998,0.809570,0.000000,0.000000,1
19890,128.925000,90.124998,0.812500,150.980501,14.381459,1
19900,130.837507,90.499998,0.821289,194.892471,11.093684,1
19910,130.837507,90.499998,0.821289,0.000000,0.000000,1
19920,131.962500,90.750000,0.824219,115.243677,12.528974,1
19930,131.962500,90.750000,0.824219,0.000000,0.000000,1
19940,132.637500,90.999999,0.827148,71.980867,20.323066,1
19950,132.637500,90.999999,0.827148,0.000000,0.000000,1
19960,133.312500,91.125000,0.827148,68.647668,10.491555,1
19970,134.100003,91.249998,0.826172,79.736201,9.019148,1
19980,134.100003,91.249998,0.826172,0.000000,0.000000,1
19990,134.887507,91.374999,0.826172,79.736246,9.019351,1
20000,135.900007,91.624998,0.834961,104.290737,13.869636,1
20010,135.900007,91.624998,0.834961,0.000000,0.000000,1
20020,136.462503,91.749999,0.835938,57.621838,12.528974,1
20030,136.462503,91.749999,0.835938,0.000000,0.000000,1
20040,136.912507,91.875000,0.837891,46.704211,15.524111,1
20050,136.912507,91.875000,0.837891,0.000000,0.000000,1
20060,137.475003,91.999998,0.837891,57.621776,12.528697,1
20070,137.812503,92.124999,0.839844,35.990483,20.323279,1
20080,137.812503,92.124999,0.839844,0.000000,0.000000,1
20090,137.925007,92.124999,0.839844,11.250343,0.000000,1
20100,138.037500,92.124999,0.838867,11.249313,0.000000,1
20110,138.037500,92.124999,0.838867,0.000000,0.000000,1
20120,138.150003,92.124999,0.838867,11.250343,0.000000,1
20130,138.150003,92.124999,0.838867,0.000000,0.000000,1
20140,138.150003,92.124999,0.838867,0.000000,0.000000,1
20150,138.150003,92.124999,0.838867,0.000000,0.000000,1
20160,138.150003,92.124999,0.838867,0.000000,0.000000,1
20170,138.150003,92.124999,0.838867,0.000000,0.000000,1
20180,138.150003,92.124999,0.838867,0.000000,0.000000,1
20190,138.150003,92.124999,0.838867,0.000000,0.000000,1
20200,138.150003,92.124999,0.838867,0.000000,0.000000,1
20210,138.150003,92.250000,0.846680,12.500095,90.000000,1
20220,138.150003,92.250000,0.846680,0.000000,0.000000,1
20230,138.150003,92.250000,0.846680,0.000000,0.000000,1
20240,138.150003,92.374998,0.830078,12.499809,90.000000,1
20250,138.150003,92.374998,0.830078,0.000000,0.000000,1
20260,137.812503,92.625000,0.000000,42.000858,143.470936,0
20270,137.587507,92.749998,0.000000,25.738683,150.945396,0
20280,137.587507,92.749998,0.000000,0.000000,0.000000,0
20290,137.250007,92.874999,0.000000,35.990483,159.676721,0
20300,137.250007,92.874999,0.000000,0.000000,0.000000,0
20310,136.575007,93.124998,0.000000,71.980867,159.676934,0
20320,135.900007,93.249999,0.000000,68.647668,169.508445,0
20330,135.900007,93.249999,0.000000,0.000000,0.000000,0
20340,135.112503,93.249999,0.000000,78.750343,180.000000,0
20350,134.437503,93.249999,0.000000,67.500000,180.000000,0
20360,134.437503,93.249999,0.000000,0.000000,0.000000,0
20370,133.762503,93.249999,0.000000,67.500000,180.000000,0
20380,133.762503,93.249999,0.000000,0.000000,0.000000,0
20390,133.312500,93.249999,0.000000,45.000343,180.000000,0
20400,133.087503,93.375000,0.000000,25.738822,150.944839,0
20410,133.087503,93.375000,0.000000,0.000000,0.000000,0
20420,133.087503,93.375000,0.000000,0.000000,0.000000,0
20430,132.975000,93.499998,0.000000,16.817118,131.988517,0
20440,132.975000,93.499998,0.000000,0.000000,0.000000,0
20450,132.862507,93.499998,0.000000,11.249313,180.000000,0
20460,132.862507,93.624999,0.000000,12.500095,90.000000,0
20470,132.750003,93.624999,0.000000,11.250343,180.000000,0
20480,132.750003,93.624999,0.000000,0.000000,0.000000,0
20490,132.412503,93.874998,0.000000,42.000687,143.471249,0
20500,132.412503,93.999999,0.000000,12.500095,90.000000,0
20510,132.412503,93.999999,0.000000,0.000000,0.000000,0
20520,132.300000,94.249998,0.000000,27.414694,114.228481,0
20530,132.300000,94.249998,0.000000,0.000000,0.000000,0
20540,132.300000,94.374999,0.000000,12.500095,90.000000,0
20550,132.300000,94.374999,0.000000,0.000000,0.000000,0
20560,132.412503,94.624998,0.000000,27.414694,65.771519,0
20570,132.637500,94.749999,0.000000,25.738822,29.055161,0
20580,132.637500,94.749999,0.000000,0.000000,0.000000,0
20590,132.862507,94.875000,0.000000,25.739722,29.054047,0
20600,132.975000,94.875000,0.000000,11.249313,0.000000,0
20610,132.975000,94.875000,0.000000,0.000000,0.000000,0
20620,132.975000,94.875000,0.311523,0.000000,0.000000,1
20630,132.975000,94.875000,0.311523,0.000000,0.000000,1
20640,132.975000,94.875000,0.311523,0.000000,0.000000,1
20650,132.975000,94.875000,0.311523,0.000000,0.000000,1
20660,132.975000,94.875000,0.311523,0.000000,0.000000,1
20670,132.525007,94.999998,0.515625,46.703142,164.475889,1
20680,132.525007,94.999998,0.515625,0.000000,0.000000,1
20690,132.187507,95.124999,0.525391,35.990483,159.676721,1
20700,131.625000,95.250000,0.573242,57.622844,167.471248,1
20710,131.625000,95.250000,0.573242,0.000000,0.000000,1
20720,131.287500,95.250000,0.577148,33.750000,180.000000,1
20730,131.287500,95.250000,0.577148,0.000000,0.000000,1
20740,130.950000,95.250000,0.579102,33.750000,180.000000,1
20750,130.725003,95.250000,0.585938,22.499657,180.000000,1
20760,130.725003,95.250000,0.585938,0.000000,0.000000,1
20770,130.500007,95.250000,0.599609,22.499657,180.000000,1
20780,130.500007,95.250000,0.599609,0.000000,0.000000,1
20790,130.500007,95.250000,0.599609,0.000000,0.000000,1
20800,130.500007,95.250000,0.599609,0.000000,0.000000,1
20810,130.500007,95.250000,0.599609,0.000000,0.000000,1
20820,130.500007,95.250000,0.599609,0.000000,0.000000,1
20830,130.500007,95.250000,0.599609,0.000000,0.000000,1
20840,130.500007,95.250000,0.599609,0.000000,0.000000,1
20850,130.387503,94.999998,0.712891,27.414955,-114.228236,1
20860,130.387503,94.999998,0.712891,0.000000,0.000000,1
20870,130.162507,94.500000,0.756836,54.828966,-114.227500,1
20880,130.162507,94.500000,0.756836,0.000000,0.000000,1
20890,130.050003,93.999999,0.821289,51.250168,-102.680735,1
20900,129.825007,93.499998,0.840820,54.829227,-114.227377,1
20910,129.825007,93.499998,0.840820,0.000000,0.000000,1
20920,129.487507,92.625000,0.861328,93.783149,-111.092381,1
20930,129.487507,92.625000,0.861328,0.000000,0.000000,1
20940,129.375003,91.999998,0.870117,63.504678,-100.204248,1
20950,129.150007,91.249998,0.874023,78.302200,-106.699004,1
20960,129.150007,91.249998,0.874023,0.000000,0.000000,1
20970,128.925000,90.499998,0.885742,78.302496,-106.699725,1
20980,128.925000,90.499998,0.885742,0.000000,0.000000,1
20990,128.700003,89.749998,0.892578,78.302200,-106.699004,1
21000,128.362503,88.500000,0.904297,129.475924,-105.109597,1
21010,128.362503,88.500000,0.904297,0.000000,0.000000,1
21020,128.250000,87.750000,0.914063,75.839107,-98.531022,1
21030,128.250000,87.750000,0.914063,0.000000,0.000000,1
21040,128.137507,87.124998,0.918945,63.504495,-100.203334,1
21050,127.912500,86.499996,0.918945,66.427063,-109.799378,1
21060,127.912500,86.499996,0.918945,0.000000,0.000000,1
21070,127.800007,85.500000,0.922852,100.630367,-96.418423,1
21080,127.800007,85.500000,0.922852,0.000000,0.000000,1
21090,127.575000,84.750000,0.922852,78.302496,-106.699725,1
21100,127.462507,84.000000,0.922852,75.838955,-98.530253,1
21110,127.462507,84.000000,0.922852,0.000000,0.000000,1
21120,127.350003,83.374998,0.924805,63.504678,-100.204248,1
21130,127.350003,83.374998,0.924805,0.000000,0.000000,1
21140,127.237500,82.624998,0.928711,75.839107,-98.531022,1
21150,127.125007,81.624996,0.933594,100.630936,-96.418386,1
21160,127.125007,81.624996,0.933594,0.000000,0.000000,1
21170,127.125007,81.000000,0.933594,62.499619,-90.000000,1
21180,127.125007,81.000000,0.933594,0.000000,0.000000,1
21190,127.012503,80.374998,0.929688,63.504678,-100.204248,1
21200,127.012503,79.749996,0.932617,62.500191,-90.000000,1
21210,127.012503,79.749996,0.932617,0.000000,0.000000,1
21220,127.012503,79.125000,0.934570,62.499619,-90.000000,1
21230,127.012503,79.125000,0.934570,0.000000,0.000000,1
21240,127.237500,78.874998,0.934570,33.633972,-48.013440,1
21250,127.462507,78.750000,0.928711,25.739583,-29.053491,1
21260,127.462507,78.750000,0.928711,0.000000,0.000000,1
21270,127.687503,78.750000,0.916992,22.499657,0.000000,1
21280,127.687503,78.750000,0.916992,0.000000,0.000000,1
21290,128.137507,78.750000,0.903320,45.000343,0.000000,1
21300,128.587500,79.249998,0.900391,67.267519,48.013114,1
21310,128.587500,79.249998,0.900391,0.000000,0.000000,1
21320,129.937500,80.374998,0.901367,175.730618,39.805571,1
21330,129.937500,80.374998,0.901367,0.000000,0.000000,1
21340,131.287500,81.750000,0.898438,192.694843,45.525674,1
21350,132.750003,83.124996,0.889648,200.736912,43.233583,1
21360,132.750003,83.124996,0.889648,0.000000,0.000000,1
21370,134.325000,84.499998,0.812500,209.075212,41.121577,1
21380,134.325000,84.499998,0.812500,0.000000,0.000000,1
21390,135.337500,85.624998,0.000000,151.353271,48.012788,0
21400,135.562507,86.124996,0.000000,54.829388,65.771519,0
21410,135.562507,86.124996,0.000000,0.000000,0.000000,0
21420,135.562507,86.499996,0.000000,37.500000,90.000000,0
21430,135.562507,86.499996,0.000000,0.000000,0.000000,0
21440,135.900007,87.375000,0.000000,93.783683,68.907744,0
21450,137.925007,89.874999,0.000000,321.723798,50.992517,0
21460,137.925007,89.874999,0.000000,0.000000,0.000000,0
21470,140.062500,91.749999,0.000000,284.332585,41.257103,0
21480,140.062500,91.749999,0.000000,0.000000,0.000000,0
21490,142.200003,93.375000,0.000000,268.506034,37.243300,0
21500,144.000007,94.875000,0.000000,234.307754,39.805517,0
21510,144.000007,94.875000,0.000000,0.000000,0.000000,0
21520,146.025007,97.249998,0.000000,312.109611,49.548020,0
21530,146.025007,97.249998,0.000000,0.000000,0.000000,0
21540,147.037507,98.749998,0.000000,180.973928,55.980650,0
21550,147.375007,100.624998,0.000000,190.513287,79.796026,0
21560,147.375007,100.624998,0.000000,0.000000,0.000000,0
21570,147.375007,100.624998,0.000000,0.000000,0.000000,0
21580,147.375007,100.624998,0.000000,0.000000,0.000000,0
21590,147.375007,100.624998,0.000000,0.000000,0.000000,0
21600,147.375007,100.624998,0.000000,0.000000,0.000000,0
21610,147.375007,100.624998,0.000000,0.000000,0.000000,0
21620,147.375007,100.624998,0.000000,0.000000,0.000000,0
21630,147.375007,100.624998,0.000000,0.000000,0.000000,0
21640,147.375007,100.624998,0.000000,0.000000,0.000000,0
21650,147.375007,100.624998,0.000000,0.000000,0.000000,0
21660,144.000007,105.499998,0.000000,592.927061,124.695154,0
21670,143.662507,105.499998,0.000000,33.750000,180.000000,0
21680,143.662507,105.499998,0.000000,0.000000,0.000000,0
21690,143.550003,105.499998,0.000000,11.250343,180.000000,0
21700,143.662507,105.499998,0.000000,11.250343,0.000000,0
21710,143.662507,105.499998,0.000000,0.000000,0.000000,0
21720,144.337507,105.375000,0.000000,68.647616,-10.491320,0
21730,144.337507,105.375000,0.000000,0.000000,0.000000,0
21740,145.125000,105.375000,0.000000,78.749313,0.000000,0
21750,145.575003,105.750000,0.000000,58.577136,39.805356,0
21760,145.575003,105.750000,0.000000,0.000000,0.000000,0
21770,146.137500,105.874998,0.000000,57.621776,12.528697,0
21780,146.137500,105.874998,0.000000,0.000000,0.000000,0
21790,146.137500,105.874998,0.000000,0.000000,0.000000,0
21800,146.250003,105.750000,0.000000,16.817118,-48.011483,0
21810,146.025007,105.499998,0.000000,33.633972,-131.986560,0
21820,145.687507,105.249999,0.000000,42.000687,-143.471249,0
21830,145.687507,105.249999,0.000000,0.000000,0.000000,0
21840,144.562503,104.625000,0.000000,128.695631,-150.945507,0
21850,143.775000,103.999998,0.000000,100.538005,-141.562735,0
21860,143.775000,103.999998,0.000000,0.000000,0.000000,0
21870,143.100000,103.500000,0.000000,84.001375,-143.471249,0
21880,143.100000,103.500000,0.000000,0.000000,0.000000,0
21890,142.650007,102.874998,0.000000,77.014363,-125.753390,0
21900,142.087500,101.874999,0.000000,114.735002,-119.358076,0
21910,142.087500,101.874999,0.000000,0.000000,0.000000,0
21920,142.087500,100.999998,0.000000,87.500095,-90.000000,0
21930,142.087500,100.999998,0.000000,0.000000,0.000000,0
21940,141.862503,100.249998,0.000000,78.302200,-106.699004,0
21950,141.750000,99.624999,0.000000,63.504396,-100.204294,0
21960,141.750000,99.624999,0.000000,0.000000,0.000000,0
21970,141.750000,99.124998,0.000000,50.000095,-90.000000,0
21980,141.750000,99.124998,0.000000,0.000000,0.000000,0
21990,141.637507,98.625000,0.000000,51.249663,-102.679681,0
22000,141.637507,98.625000,0.000000,0.000000,0.000000,0
22010,141.637507,98.625000,0.000000,0.000000,0.000000,0
22020,141.637507,98.625000,0.000000,0.000000,0.000000,0
22030,141.637507,98.625000,0.000000,0.000000,0.000000,0
22040,141.637507,98.625000,0.000000,0.000000,0.000000,0
22050,141.750000,98.499999,0.000000,16.816642,-48.014744,0
22060,141.750000,98.499999,0.000000,0.000000,0.000000,0
22070,141.750000,98.499999,0.000000,0.000000,0.000000,0
22080,141.862503,98.749998,0.000000,27.414694,65.771519,0
22090,141.975007,98.874999,0.000000,16.817331,48.012135,0
22100,141.975007,98.874999,0.000000,0.000000,0.000000,0
22110,142.087500,99.000000,0.000000,16.816642,48.014744,0
22120,142.087500,99.124998,0.000000,12.499809,90.000000,0
22130,142.087500,99.249999,0.345703,12.500095,90.000000,1
22140,142.087500,99.249999,0.345703,0.000000,0.000000,1
22150,142.087500,99.249999,0.345703,0.000000,0.000000,1
22160,142.087500,99.249999,0.345703,0.000000,0.000000,1
22170,142.087500,99.249999,0.345703,0.000000,0.000000,1
22180,142.087500,99.249999,0.345703,0.000000,0.000000,1
22190,142.087500,99.124998,0.606445,12.500095,-90.000000,1
22200,142.087500,98.874999,0.670898,24.999905,-90.000000,1
22210,142.087500,98.874999,0.670898,0.000000,0.000000,1
22220,142.087500,98.250000,0.742188,62.499905,-90.000000,1
22230,142.087500,98.250000,0.742188,0.000000,0.000000,1
22240,142.087500,97.749999,0.766602,50.000095,-90.000000,1
22250,141.975007,97.125000,0.794922,63.504213,-100.203379,1
22260,141.975007,97.125000,0.794922,0.000000,0.000000,1
22270,141.862503,96.375000,0.824219,75.839107,-98.531022,1
22280,141.862503,96.375000,0.824219,0.000000,0.000000,1
22290,141.637507,95.374998,0.862305,102.500111,-102.680173,1
22300,141.412500,94.624998,0.873047,78.302496,-106.699725,1
22310,141.412500,94.624998,0.873047,0.000000,0.000000,1
22320,141.300007,93.874998,0.882813,75.838955,-98.530253,1
22330,141.300007,93.874998,0.882813,0.000000,0.000000,1
22340,141.075000,93.124998,0.886719,78.302496,-106.699725,1
22350,140.850003,92.374998,0.895508,78.302200,-106.699004,1
22360,140.850003,92.374998,0.895508,0.000000,0.000000,1
22370,140.625007,91.374999,0.900391,102.499832,-102.680208,1
22380,140.625007,91.374999,0.900391,0.000000,0.000000,1
22390,140.400000,90.750000,0.901367,66.426794,-109.799461,1
22400,140.287507,90.000000,0.901367,75.838955,-98.530253,1
22410,140.287507,90.000000,0.901367,0.000000,0.000000,1
22420,140.062500,89.374998,0.903320,66.427063,-109.799378,1
22430,140.062500,89.374998,0.903320,0.000000,0.000000,1
22440,139.837503,88.500000,0.905273,90.346285,-104.420592,1
22450,139.612507,87.750000,0.905273,78.302200,-106.699004,1
22460,139.612507,87.750000,0.905273,0.000000,0.000000,1
22470,139.500003,87.124998,0.905273,63.504678,-100.204248,1
22480,139.500003,87.124998,0.905273,0.000000,0.000000,1
22490,139.387500,86.374998,0.907227,75.839107,-98.531022,1
22500,139.275007,85.875000,0.905273,51.249663,-102.679681,1
22510,139.275007,85.875000,0.905273,0.000000,0.000000,1
22520,139.162503,85.374996,0.905273,51.250448,-102.680664,1
22530,139.162503,85.374996,0.905273,0.000000,0.000000,1
22540,139.050000,84.499998,0.900391,88.220105,-97.326644,1
22550,138.937507,83.874996,0.899414,63.504495,-100.203334,1
22560,138.937507,83.874996,0.899414,0.000000,0.000000,1
22570,138.825003,83.374998,0.899414,51.249889,-102.680805,1
22580,138.825003,83.374998,0.899414,0.000000,0.000000,1
22590,138.825003,82.875000,0.900391,49.999809,-90.000000,1
22600,138.825003,82.374996,0.900391,50.000381,-90.000000,1
22610,138.825003,82.374996,0.900391,0.000000,0.000000,1
22620,138.712500,81.999996,0.901367,39.151248,-106.699725,1
22630,138.712500,81.999996,0.901367,0.000000,0.000000,1
22640,138.712500,81.624996,0.902344,37.500000,-90.000000,1
22650,138.712500,81.249996,0.902344,37.500000,-90.000000,1
22660,138.712500,81.249996,0.902344,0.000000,0.000000,1
22670,138.712500,80.749998,0.902344,49.999809,-90.000000,1
22680,138.712500,80.749998,0.902344,0.000000,0.000000,1
22690,138.712500,80.374998,0.902344,37.500000,-90.000000,1
22700,138.825003,80.250000,0.899414,16.817118,-48.011483,1
22710,138.825003,80.250000,0.899414,0.000000,0.000000,1
22720,138.825003,80.124996,0.899414,12.500381,-90.000000,1
22730,138.825003,80.124996,0.899414,0.000000,0.000000,1
22740,138.825003,80.124996,0.899414,0.000000,0.000000,1
22750,138.937507,80.250000,0.819336,16.817543,48.012788,1
22760,138.937507,80.250000,0.819336,0.000000,0.000000,1
22770,139.162503,80.874996,0.758789,66.426176,70.201291,1
22780,139.162503,80.874996,0.758789,0.000000,0.000000,1
22790,139.725000,83.124996,0.000000,231.924608,75.963839,0
22800,139.950007,84.499998,0.000000,139.329047,80.706425,0
22810,139.950007,84.499998,0.000000,0.000000,0.000000,0
22820,140.287507,86.499996,0.000000,202.827479,80.421568,0
22830,140.287507,86.499996,0.000000,0.000000,0.000000,0
22840,141.187503,89.749998,0.000000,337.231467,74.521427,0
22850,142.087500,92.124999,0.000000,253.980774,69.246009,0
22860,142.087500,92.124999,0.000000,0.000000,0.000000,0
22870,143.100000,94.624998,0.000000,269.724887,67.952045,0
22880,143.100000,94.624998,0.000000,0.000000,0.000000,0
22890,143.887503,96.999999,0.000000,250.215731,71.655498,0
22900,144.112500,99.624999,0.000000,263.462492,85.100982,0
22910,144.112500,99.624999,0.000000,0.000000,0.000000,0
22920,144.112500,100.624998,0.000000,99.999905,90.000000,0
22930,144.112500,100.624998,0.000000,0.000000,0.000000,0
22940,144.225003,101.124999,0.000000,51.250168,77.319265,0
22950,144.225003,101.625000,0.000000,50.000095,90.000000,0
22960,144.225003,101.625000,0.000000,0.000000,0.000000,0
22970,143.887503,102.249999,0.000000,71.030279,118.369083,0
22980,143.887503,102.249999,0.000000,0.000000,0.000000,0
22990,142.875003,103.249998,0.000000,142.307918,135.355897,0
23000,142.200003,103.749999,0.000000,84.001545,143.471092,0
23010,142.200003,103.749999,0.000000,0.000000,0.000000,0
23020,141.862503,104.250000,0.000000,60.324722,124.019299,0
23030,141.862503,104.250000,0.000000,0.000000,0.000000,0
23040,141.750000,104.499999,0.000000,27.414694,114.228481,0
23050,141.525003,104.874999,0.000000,43.731963,120.963371,0
23060,141.525003,104.874999,0.000000,0.000000,0.000000,0
23070,141.412500,105.124998,0.000000,27.414694,114.228481,0
23080,141.412500,105.124998,0.000000,0.000000,0.000000,0
23090,141.187503,105.375000,0.000000,33.633972,131.986560,0
23100,140.850003,105.624999,0.000000,42.000687,143.471249,0
23110,140.850003,105.624999,0.000000,0.000000,0.000000,0
23120,140.512503,105.874998,0.000000,42.000687,143.471249,0
23130,140.512503,105.874998,0.000000,0.000000,0.000000,0
23140,139.950007,106.125000,0.000000,61.555125,156.037219,0
23150,139.612507,106.125000,0.000000,33.750000,180.000000,0
23160,139.612507,106.125000,0.000000,0.000000,0.000000,0
23170,139.500003,106.125000,0.000000,11.250343,180.000000,0
23180,139.500003,106.125000,0.000000,0.000000,0.000000,0
23190,139.275007,106.125000,0.000000,22.499657,180.000000,0
23200,139.162503,106.125000,0.000000,11.250343,180.000000,0
23210,139.162503,106.125000,0.280273,0.000000,0.000000,1
23220,139.162503,106.125000,0.280273,0.000000,0.000000,1
23230,139.162503,106.125000,0.280273,0.000000,0.000000,1
23240,139.162503,106.125000,0.280273,0.000000,0.000000,1
23250,139.162503,106.125000,0.280273,0.000000,0.000000,1
23260,139.162503,106.125000,0.280273,0.000000,0.000000,1
23270,139.837503,106.500000,0.532227,77.217226,29.054604,1
23280,139.837503,106.500000,0.532227,0.000000,0.000000,1
23290,140.737500,106.875000,0.597656,97.499683,22.619943,1
23300,141.412500,107.124999,0.636719,71.980867,20.323066,1
23310,141.412500,107.124999,0.636719,0.000000,0.000000,1
23320,142.200003,107.374998,0.657227,82.623313,17.612443,1
23330,143.325007,107.749998,0.685547,118.585738,18.434896,1
23340,143.325007,107.749998,0.685547,0.000000,0.000000,1
23350,145.462500,108.375000,0.706055,222.699445,16.298893,1
23360,145.462500,108.375000,0.706055,0.000000,0.000000,1
23370,146.475000,108.499998,0.712891,102.018664,7.037834,1
23380,146.475000,108.499998,0.712891,0.000000,0.000000,1
23390,147.150000,108.624999,0.726563,68.647668,10.491555,1
23400,147.825000,108.750000,0.736328,68.647668,10.491555,1
23410,147.825000,108.750000,0.736328,0.000000,0.000000,1
23420,149.062507,108.874998,0.743164,124.380375,5.767770,1
23430,149.062507,108.874998,0.743164,0.000000,0.000000,1
23440,150.412507,109.125000,0.746094,137.295337,10.491555,1
23450,151.650003,109.374999,0.750977,126.249645,11.421175,1
23460,151.650003,109.374999,0.750977,0.000000,0.000000,1
23470,152.325003,109.500000,0.752930,68.647668,10.491555,1
23480,153.225000,109.500000,0.754883,89.999657,0.000000,1
23490,153.225000,109.500000,0.754883,0.000000,0.000000,1
23500,153.900000,109.500000,0.754883,67.500000,0.000000,1
23510,153.900000,109.500000,0.754883,0.000000,0.000000,1
23520,154.800007,109.624998,0.757813,90.864563,7.906984,1
23530,154.800007,109.624998,0.757813,0.000000,0.000000,1
23540,155.250000,109.624998,0.757813,44.999313,0.000000,1
23550,155.812507,109.624998,0.757813,56.250687,0.000000,1
23560,155.812507,109.624998,0.757813,0.000000,0.000000,1
23570,156.150007,109.624998,0.756836,33.750000,0.000000,1
23580,156.600000,109.624998,0.750977,44.999313,0.000000,1
23590,156.600000,109.624998,0.750977,0.000000,0.000000,1
23600,156.712503,109.624998,0.750977,11.250343,0.000000,1
23610,156.712503,109.624998,0.750977,0.000000,0.000000,1
23620,156.825007,109.624998,0.756836,11.250343,0.000000,1
23630,157.050003,109.500000,0.768555,25.738683,-29.054604,1
23640,157.050003,109.500000,0.768555,0.000000,0.000000,1
23650,157.162507,109.500000,0.774414,11.250343,0.000000,1
23660,157.162507,109.500000,0.774414,0.000000,0.000000,1
23670,157.387503,109.249998,0.780273,33.633972,-48.013440,1
23680,157.387503,109.249998,0.780273,0.000000,0.000000,1
23690,157.500007,109.125000,0.781250,16.817118,-48.011483,1
23700,157.612500,108.999999,0.784180,16.816642,-48.014744,1
23710,157.612500,108.999999,0.784180,0.000000,0.000000,1
23720,157.725003,108.750000,0.786133,27.414694,-65.771519,1
23730,157.837507,108.499998,0.786133,27.414955,-65.771764,1
23740,157.837507,108.499998,0.786133,0.000000,0.000000,1
23750,157.950000,108.249999,0.787109,27.414272,-65.773482,1
23760,157.950000,108.249999,0.787109,0.000000,0.000000,1
23770,157.950000,108.000000,0.787109,24.999905,-90.000000,1
23780,157.950000,108.000000,0.787109,0.000000,0.000000,1
23790,157.950000,107.749998,0.789063,25.000191,-90.000000,1
23800,157.950000,107.374998,0.789063,37.500000,-90.000000,1
23810,157.950000,107.374998,0.789063,0.000000,0.000000,1
23820,157.950000,106.875000,0.790039,49.999809,-90.000000,1
23830,157.950000,106.875000,0.790039,0.000000,0.000000,1
23840,157.837507,106.500000,0.791992,39.150952,-106.698282,1
23850,157.837507,105.999999,0.791992,50.000095,-90.000000,1
23860,157.837507,105.999999,0.791992,0.000000,0.000000,1
23870,157.725003,105.624999,0.796875,39.151248,-106.699725,1
23880,157.612500,105.249999,0.799805,39.151248,-106.699725,1
23890,157.612500,105.249999,0.799805,0.000000,0.000000,1
23900,157.612500,104.749998,0.809570,50.000095,-90.000000,1
23910,157.612500,104.749998,0.809570,0.000000,0.000000,1
23920,157.500007,104.250000,0.811523,51.249663,-102.679681,1
23930,157.500007,104.250000,0.811523,0.000000,0.000000,1
23940,157.387503,103.749999,0.821289,51.250168,-102.680735,1
23950,157.387503,103.374999,0.825195,37.500000,-90.000000,1
23960,157.387503,103.374999,0.825195,0.000000,0.000000,1
23970,157.275000,102.624999,0.833008,75.839107,-98.531022,1
23980,157.162507,102.124998,0.848633,51.249942,-102.679611,1
23990,157.162507,102.124998,0.848633,0.000000,0.000000,1
24000,156.937500,101.625000,0.856445,54.829388,-114.228481,1
24010,156.937500,101.625000,0.856445,0.000000,0.000000,1
24020,156.825007,100.999998,0.861328,63.504495,-100.203334,1
24030,156.712503,100.374999,0.865234,63.504396,-100.204294,1
24040,156.712503,100.374999,0.865234,0.000000,0.000000,1
24050,156.487507,99.499998,0.869141,90.346562,-104.420547,1
24060,156.487507,99.499998,0.869141,0.000000,0.000000,1
24070,156.375003,98.874999,0.875000,63.504396,-100.204294,1
24080,156.375003,98.874999,0.875000,0.000000,0.000000,1
24090,156.262500,98.250000,0.883789,63.504396,-100.204294,1
24100,156.150007,97.500000,0.891602,75.838955,-98.530253,1
24110,156.150007,97.500000,0.891602,0.000000,0.000000,1
24120,155.812507,96.499998,0.896484,105.541938,-108.649506,1
24130,155.700003,95.874999,0.899414,63.504396,-100.204294,1
24140,155.700003,95.874999,0.899414,0.000000,0.000000,1
24150,155.587500,95.250000,0.906250,63.504396,-100.204294,1
24160,155.587500,95.250000,0.906250,0.000000,0.000000,1
24170,155.475007,94.500000,0.910156,75.838955,-98.530253,1
24180,155.475007,94.500000,0.910156,0.000000,0.000000,1
24190,155.362503,93.874998,0.911133,63.504678,-100.204248,1
24200,155.137507,92.874999,0.913086,102.499832,-102.680208,1
24210,155.137507,92.874999,0.913086,0.000000,0.000000,1
24220,155.025003,92.374998,0.916016,51.250168,-102.680735,1
24230,155.025003,92.374998,0.916016,0.000000,0.000000,1
24240,154.912500,91.624998,0.920898,75.839107,-98.531022,1
24250,154.800007,90.999999,0.922852,63.504213,-100.203379,1
24260,154.800007,90.999999,0.922852,0.000000,0.000000,1
24270,154.687503,90.000000,0.925781,100.630766,-96.418987,1
24280,154.575000,89.374998,0.928711,63.504678,-100.204248,1
24290,154.575000,89.374998,0.928711,0.000000,0.000000,1
24300,154.462507,88.624998,0.933594,75.838955,-98.530253,1
24310,154.462507,88.624998,0.933594,0.000000,0.000000,1
24320,154.350003,87.999999,0.937500,63.504396,-100.204294,1
24330,154.350003,87.999999,0.937500,0.000000,0.000000,1
24340,154.350003,87.249999,0.940430,75.000000,-90.000000,1
24350,154.237500,86.124996,0.940430,113.061420,-95.710752,1
24360,154.237500,86.124996,0.940430,0.000000,0.000000,1
24370,154.125007,85.374996,0.944336,75.838955,-98.530253,1
24380,154.125007,84.750000,0.944336,62.499619,-90.000000,1
24390,154.125007,84.750000,0.944336,0.000000,0.000000,1
24400,154.012503,84.000000,0.944336,75.839107,-98.531022,1
24410,154.012503,84.000000,0.944336,0.000000,0.000000,1
24420,154.012503,83.124996,0.945313,87.500381,-90.000000,1
24430,154.012503,83.124996,0.945313,0.000000,0.000000,1
24440,153.900000,81.874998,0.947266,125.505070,-95.142928,1
24450,153.787507,81.000000,0.950195,88.219973,-97.325980,1
24460,153.787507,81.000000,0.950195,0.000000,0.000000,1
24470,153.675003,80.250000,0.953125,75.839107,-98.531022,1
24480,153.675003,79.500000,0.953125,75.000000,-90.000000,1
24490,153.675003,79.500000,0.953125,0.000000,0.000000,1
24500,153.450007,78.375000,0.954102,114.727872,-101.309764,1
24510,153.450007,78.375000,0.954102,0.000000,0.000000,1
24520,153.337503,77.625000,0.953125,75.839107,-98.531022,1
24530,153.225000,76.875000,0.952148,75.839107,-98.531022,1
24540,153.225000,76.875000,0.952148,0.000000,0.000000,1
24550,153.225000,76.125000,0.952148,75.000000,-90.000000,1
24560,153.225000,76.125000,0.952148,0.000000,0.000000,1
24570,153.112507,75.375000,0.948242,75.838955,-98.530253,1
24580,153.112507,74.250000,0.948242,112.500000,-90.000000,1
24590,153.112507,74.250000,0.948242,0.000000,0.000000,1
24600,153.000003,73.624998,0.949219,63.504678,-100.204248,1
24610,153.000003,73.624998,0.949219,0.000000,0.000000,1
24620,152.887500,72.874998,0.951172,75.839107,-98.531022,1
24630,152.887500,72.874998,0.951172,0.000000,0.000000,1
24640,152.887500,72.249996,0.951172,62.500191,-90.000000,1
24650,152.887500,71.625000,0.951172,62.499619,-90.000000,1
24660,152.887500,71.625000,0.951172,0.000000,0.000000,1
24670,152.887500,70.875000,0.952148,75.000000,-90.000000,1
24680,152.887500,70.875000,0.952148,0.000000,0.000000,1
24690,152.775007,70.374996,0.950195,51.250221,-102.679541,1
24700,152.775007,70.125000,0.952148,24.999619,-90.000000,1
24710,152.775007,70.125000,0.952148,0.000000,0.000000,1
24720,152.775007,69.999996,0.952148,12.500381,-90.000000,1
24730,152.775007,69.999996,0.952148,0.000000,0.000000,1
24740,152.662503,69.874998,0.954102,16.817118,-131.988517,1
24750,152.662503,69.750000,0.956055,12.499809,-90.000000,1
24760,152.662503,69.750000,0.956055,0.000000,0.000000,1
24770,152.550000,69.624996,0.956055,16.817543,-131.987212,1
24780,152.325003,69.499998,0.955078,25.738683,-150.945396,1
24790,152.325003,69.499998,0.955078,0.000000,0.000000,1
24800,151.987503,69.375000,0.948242,35.990384,-159.677148,1
24810,151.987503,69.375000,0.948242,0.000000,0.000000,1
24820,151.650003,69.375000,0.943359,33.750000,180.000000,1
24830,151.650003,69.375000,0.943359,0.000000,0.000000,1
24840,151.312503,69.375000,0.937500,33.750000,180.000000,1
24850,150.975003,69.499998,0.936523,35.990384,159.677148,1
24860,150.975003,69.499998,0.936523,0.000000,0.000000,1
24870,150.525000,69.874998,0.933594,58.577136,140.194644,1
24880,149.850000,70.500000,0.900391,91.991977,137.202511,1
24890,149.850000,70.500000,0.900391,0.000000,0.000000,1
24900,149.287503,70.875000,0.860352,67.603801,146.309771,1
24910,149.287503,70.875000,0.860352,0.000000,0.000000,1
24920,148.837500,71.499996,0.787109,77.014500,125.754260,1
24930,148.837500,71.499996,0.787109,0.000000,0.000000,1
24940,148.050007,72.624996,0.000000,137.323357,124.991785,0
24950,147.712507,73.125000,0.000000,60.324959,124.019147,0
24960,147.712507,73.125000,0.000000,0.000000,0.000000,0
24970,147.262503,74.124996,0.000000,109.658354,114.227991,0
24980,147.150000,75.750000,0.000000,162.889362,93.960423,0
24990,147.150000,75.750000,0.000000,0.000000,0.000000,0
25000,147.375007,77.374998,0.000000,164.050202,82.116614,0
25010,147.375007,77.374998,0.000000,0.000000,0.000000,0
25020,147.937503,78.999996,0.000000,171.959914,70.906595,0
25030,149.512500,81.750000,0.000000,316.909059,60.199144,0
25040,149.512500,81.750000,0.000000,0.000000,0.000000,0
25050,150.412507,83.374998,0.000000,185.758746,61.020079,0
25060,150.412507,83.374998,0.000000,0.000000,0.000000,0
25070,150.637503,84.624996,0.000000,127.008609,79.796163,0
25080,150.637503,84.624996,0.000000,0.000000,0.000000,0
25090,150.412507,85.749996,0.000000,114.727872,101.309764,0
25100,150.525000,87.000000,0.000000,125.505547,84.857563,0
25110,150.525000,87.000000,0.000000,0.000000,0.000000,0
25120,149.512500,88.500000,0.000000,180.973928,124.019350,0
25130,146.587503,90.624999,0.000000,361.541503,144.001735,0
25140,146.587503,90.624999,0.000000,0.000000,0.000000,0
25150,145.687507,90.999999,0.000000,97.499683,157.380057,0
25160,145.687507,90.999999,0.000000,0.000000,0.000000,0
25170,145.800000,90.750000,0.000000,27.414272,-65.773482,0
25180,145.237503,92.625000,0.000000,195.755648,106.699148,0
25190,145.237503,92.625000,0.000000,0.000000,0.000000,0
25200,144.900003,93.874998,0.000000,129.475924,105.109597,0
25210,144.900003,93.874998,0.000000,0.000000,0.000000,0
25220,144.675007,94.875000,0.000000,102.500111,102.680173,0
25230,144.675007,95.625000,0.000000,75.000000,90.000000,0
25240,144.675007,95.625000,0.000000,0.000000,0.000000,0
25250,144.900003,96.249999,0.000000,66.426445,70.201374,0
25260,144.900003,96.249999,0.000000,0.000000,0.000000,0
25270,145.125000,96.624999,0.000000,43.731963,59.036629,0
25280,145.237503,96.999999,0.000000,39.151248,73.300275,0
25290,145.237503,96.999999,0.000000,0.000000,0.000000,0
25300,145.237503,96.999999,0.000000,0.000000,0.000000,0
25310,145.012507,97.125000,0.000000,25.738822,150.944839,0
25320,144.787500,97.125000,0.000000,22.500687,180.000000,0
25330,144.337507,96.750000,0.000000,58.576345,-140.193999,0
25340,144.337507,96.750000,0.000000,0.000000,0.000000,0
25350,143.662507,96.375000,0.000000,77.217226,-150.945396,0
25360,143.662507,96.375000,0.000000,0.000000,0.000000,0
25370,142.875003,96.124998,0.000000,82.623399,-162.387368,0
25380,142.312507,96.000000,0.000000,57.621776,-167.471303,0
25390,142.312507,96.000000,0.000000,0.000000,0.000000,0
25400,141.862503,95.874999,0.000000,46.704211,-164.475889,0
25410,141.862503,95.874999,0.000000,0.000000,0.000000,0
25420,141.525003,95.749998,0.000000,35.990483,-159.676721,0
25430,141.187503,95.625000,0.000000,35.990384,-159.677148,0
25440,141.187503,95.625000,0.000000,0.000000,0.000000,0
25450,140.737500,95.499999,0.000000,46.704211,-164.475889,0
25460,140.737500,95.499999,0.000000,0.000000,0.000000,0
25470,140.512503,95.499999,0.000000,22.499657,180.000000,0
25480,140.287507,95.499999,0.000000,22.499657,180.000000,0
25490,140.287507,95.499999,0.000000,0.000000,0.000000,0
25500,140.062500,95.374998,0.000000,25.739722,-150.945953,0
25510,140.062500,95.374998,0.000000,0.000000,0.000000,0
25520,139.837503,95.250000,0.000000,25.738683,-150.945396,0
25530,139.612507,95.124999,0.395508,25.738822,-150.944839,1
25540,139.612507,95.124999,0.395508,0.000000,0.000000,1
25550,139.612507,95.124999,0.395508,0.000000,0.000000,1
25560,139.612507,95.124999,0.395508,0.000000,0.000000,1
25570,139.612507,95.124999,0.395508,0.000000,0.000000,1
25580,140.062500,95.374998,0.640625,51.477504,29.054882,1
25590,140.062500,95.374998,0.640625,0.000000,0.000000,1
25600,141.075000,95.749998,0.677734,107.971350,20.323137,1
25610,141.075000,95.749998,0.677734,0.000000,0.000000,1
25620,142.650007,96.375000,0.705078,169.448341,21.644409,1
25630,144.112500,96.874998,0.717773,154.560158,18.874565,1
25640,144.112500,96.874998,0.717773,0.000000,0.000000,1
25650,145.462500,97.249998,0.724609,140.111563,15.524111,1
25660,145.462500,97.249998,0.724609,0.000000,0.000000,1
25670,147.262503,97.624998,0.734375,183.865096,11.768267,1
25680,147.937503,97.749999,0.737305,68.647668,10.491555,1
25690,147.937503,97.749999,0.737305,0.000000,0.000000,1
25700,148.500000,97.875000,0.738281,57.621838,12.528974,1
25710,148.500000,97.875000,0.738281,0.000000,0.000000,1
25720,149.175000,97.999998,0.742188,68.647616,10.491320,1
25730,149.737507,98.124999,0.753906,57.622844,12.528752,1
25740,149.737507,98.124999,0.753906,0.000000,0.000000,1
25750,150.525000,98.250000,0.779297,79.735229,9.019467,1
25760,150.525000,98.250000,0.779297,0.000000,0.000000,1
25770,150.975003,98.374998,0.797852,46.704134,15.523773,1
25780,151.425007,98.499999,0.806641,46.704211,15.524111,1
25790,151.425007,98.499999,0.806641,0.000000,0.000000,1
25800,151.875000,98.625000,0.817383,46.703218,15.524449,1
25810,151.875000,98.625000,0.817383,0.000000,0.000000,1
25820,152.662503,98.749998,0.822266,79.736201,9.019148,1
25830,153.225000,98.874999,0.826172,57.621838,12.528974,1
25840,153.225000,98.874999,0.826172,0.000000,0.000000,1
25850,153.675003,99.000000,0.830078,46.704211,15.524111,1
25860,153.675003,99.000000,0.830078,0.000000,0.000000,1
25870,154.237500,99.124998,0.843750,57.621776,12.528697,1
25880,154.800007,99.124998,0.854492,56.250687,0.000000,1
25890,154.800007,99.124998,0.854492,0.000000,0.000000,1
25900,155.250000,99.124998,0.858398,44.999313,0.000000,1
25910,155.250000,99.124998,0.858398,0.000000,0.000000,1
25920,155.587500,99.249999,0.858398,35.990483,20.323279,1
25930,155.700003,99.249999,0.858398,11.250343,0.000000,1
25940,155.700003,99.249999,0.858398,0.000000,0.000000,1
25950,155.812507,99.249999,0.858398,11.250343,0.000000,1
25960,155.812507,99.249999,0.858398,0.000000,0.000000,1
25970,155.925000,99.249999,0.858398,11.249313,0.000000,1
25980,156.037503,99.249999,0.852539,11.250343,0.000000,1
25990,156.037503,99.249999,0.852539,0.000000,0.000000,1
26000,156.037503,99.249999,0.852539,0.000000,0.000000,1
26010,156.037503,99.249999,0.852539,0.000000,0.000000,1
26020,155.925000,99.249999,0.000000,11.250343,180.000000,0
26030,155.700003,99.375000,0.000000,25.738822,150.944839,0
26040,155.700003,99.375000,0.000000,0.000000,0.000000,0
26050,155.587500,99.375000,0.000000,11.250343,180.000000,0
26060,155.587500,99.375000,0.000000,0.000000,0.000000,0
26070,155.362503,99.375000,0.000000,22.499657,180.000000,0
26080,155.362503,99.375000,0.000000,0.000000,0.000000,0
26090,154.912500,99.249999,0.000000,46.704211,-164.475889,0
26100,154.237500,98.874999,0.000000,77.217226,-150.945396,0
26110,154.237500,98.874999,0.000000,0.000000,0.000000,0
26120,152.437507,97.999998,0.000000,200.140000,-154.074988,0
26130,149.287503,96.375000,0.000000,354.445206,-152.712065,0
26140,149.287503,96.375000,0.000000,0.000000,0.000000,0
26150,146.700007,94.999998,0.000000,293.014824,-152.013716,0
26160,146.700007,94.999998,0.000000,0.000000,0.000000,0
26170,145.237503,94.374999,0.000000,159.045280,-156.860618,0
26180,144.675007,94.249998,0.000000,57.621838,-167.471026,0
26190,144.675007,94.249998,0.000000,0.000000,0.000000,0
26200,144.225003,93.750000,0.000000,67.268208,-131.987539,0
26210,144.225003,93.750000,0.000000,0.000000,0.000000,0
26220,144.112500,93.375000,0.000000,39.151248,-106.699725,0
26230,144.112500,93.375000,0.000000,0.000000,0.000000,0
26240,144.112500,93.375000,0.000000,0.000000,0.000000,0
26250,144.112500,93.375000,0.000000,0.000000,0.000000,0
26260,144.112500,93.375000,0.000000,0.000000,0.000000,0
26270,144.450000,93.375000,0.000000,33.750000,0.000000,0
26280,144.450000,93.375000,0.000000,0.000000,0.000000,0
26290,144.675007,93.249999,0.000000,25.739722,-29.054047,0
26300,144.787500,93.249999,0.000000,11.249313,0.000000,0
26310,144.787500,93.249999,0.000000,0.000000,0.000000,0
26320,144.787500,93.124998,0.000000,12.500095,-90.000000,0
26330,144.787500,93.000000,0.000000,12.499809,-90.000000,0
26340,144.787500,93.000000,0.000000,0.000000,0.000000,0
26350,144.450000,92.874999,0.000000,35.990483,-159.676721,0
26360,144.450000,92.874999,0.000000,0.000000,0.000000,0
26370,144.000007,92.625000,0.000000,51.477504,-150.945118,0
26380,143.775000,92.499999,0.242188,25.739722,-150.945953,1
26390,143.775000,92.499999,0.242188,0.000000,0.000000,1
26400,143.325007,92.124999,0.375000,58.576345,-140.193999,1
26410,143.325007,92.124999,0.375000,0.000000,0.000000,1
26420,142.537503,91.624998,0.474609,93.282507,-147.587757,1
26430,142.087500,91.374999,0.526367,51.478405,-150.945674,1
26440,142.087500,91.374999,0.526367,0.000000,0.000000,1
26450,141.750000,90.999999,0.578125,50.451090,-131.987212,1
26460,141.750000,90.999999,0.578125,0.000000,0.000000,1
26470,141.525003,90.750000,0.636719,33.633760,-131.986886,1
26480,141.525003,90.750000,0.636719,0.000000,0.000000,1
26490,141.525003,90.750000,0.636719,0.000000,0.000000,1
26500,141.862503,90.624999,0.683594,35.990483,-20.323279,1
26510,141.862503,90.624999,0.683594,0.000000,0.000000,1
26520,142.425000,90.624999,0.712891,56.249657,0.000000,1
26530,143.100000,90.499998,0.748047,68.647668,-10.491555,1
26540,143.100000,90.499998,0.748047,0.000000,0.000000,1
26550,143.775000,90.499998,0.778320,67.500000,0.000000,1
26560,143.775000,90.499998,0.778320,0.000000,0.000000,1
26570,144.562503,90.624999,0.805664,79.736246,9.019351,1
26580,146.137500,90.999999,0.834961,161.902415,13.392526,1
26590,146.137500,90.999999,0.834961,0.000000,0.000000,1
26600,147.712507,91.249998,0.847656,159.472448,9.019250,1
26610,147.712507,91.249998,0.847656,0.000000,0.000000,1
26620,149.287503,91.500000,0.855469,159.471475,9.019409,1
26630,150.637503,91.624998,0.871094,135.577451,5.290001,1
26640,150.637503,91.624998,0.871094,0.000000,0.000000,1
26650,151.537500,91.624998,0.880859,89.999657,0.000000,1
26660,151.537500,91.624998,0.880859,0.000000,0.000000,1
26670,152.437507,91.749999,0.895508,90.864602,7.907163,1
26680,153.225000,91.749999,0.906250,78.749313,0.000000,1
26690,153.225000,91.749999,0.906250,0.000000,0.000000,1
26700,154.012503,91.875000,0.919922,79.736246,9.019351,1
26710,154.012503,91.875000,0.919922,0.000000,0.000000,1
26720,154.687503,91.875000,0.925781,67.500000,0.000000,1
26730,155.250000,91.875000,0.930664,56.249657,0.000000,1
26740,155.250000,91.875000,0.930664,0.000000,0.000000,1
26750,155.362503,91.875000,0.928711,11.250343,0.000000,1
26760,155.362503,91.875000,0.928711,0.000000,0.000000,1
26770,155.362503,91.875000,0.928711,0.000000,0.000000,1
26780,155.362503,91.875000,0.928711,0.000000,0.000000,1
26790,155.362503,91.875000,0.928711,0.000000,0.000000,1
26800,155.362503,91.875000,0.928711,0.000000,0.000000,1
