时间（ms）,X坐标（mm）,Y坐标（mm）,压力（0-1）,速度（mm/s）,角度（度）,落笔情况（1落笔/0抬笔）
0,37.462499,120.375000,0.201172,0.000000,0.000000,1
10,37.462499,120.375000,0.201172,0.000000,0.000000,1
20,37.462499,120.375000,0.201172,0.000000,0.000000,1
30,37.462499,120.375000,0.201172,0.000000,0.000000,1
40,37.462499,120.375000,0.201172,0.000000,0.000000,1
50,37.462499,120.375000,0.201172,0.000000,0.000000,1
60,37.462499,120.375000,0.201172,0.000000,0.000000,1
70,37.575002,120.375000,0.516602,11.250257,0.000000,1
80,37.575002,120.250000,0.549805,12.500048,-90.000000,1
90,37.687500,119.875000,0.601563,39.151123,-73.301006,1
100,37.912501,119.499999,0.624023,43.732204,-59.036163,1
110,38.024999,118.874999,0.644531,63.504399,-79.796179,1
120,38.587499,116.500000,0.705078,244.070256,-76.675466,1
130,38.587499,116.500000,0.705078,0.000000,0.000000,1
140,39.149999,113.499999,0.742188,305.227956,-79.380347,1
150,39.487503,111.875000,0.745117,165.967782,-78.266793,1
160,40.162501,108.250000,0.780273,368.730853,-79.451959,1
170,40.500000,106.250000,0.789063,202.827700,-80.421603,1
180,41.399999,102.124999,0.803711,422.204160,-77.692000,1
190,41.850001,100.125000,0.820313,204.999852,-77.319558,1
200,41.850001,100.125000,0.820313,0.000000,0.000000,1
210,42.862503,94.124999,0.874023,608.483171,-80.421563,1
220,42.862503,94.124999,0.874023,0.000000,0.000000,1
230,43.649999,90.625000,0.888672,358.749832,-77.319667,1
240,43.987503,89.124999,0.897461,153.750168,-77.319499,1
250,44.437500,86.749997,0.916016,241.725707,-79.271209,1
260,44.550003,85.999999,0.916016,75.838906,-81.469021,1
270,44.774999,85.250001,0.921875,78.302017,-73.300956,1
280,44.774999,85.000000,0.921875,25.000095,-90.000000,1
290,44.774999,85.000000,0.921875,0.000000,0.000000,1
300,44.774999,84.874997,0.919922,12.500286,-90.000000,1
310,44.662501,85.000000,0.898438,16.817128,131.986126,1
320,44.437500,85.625000,0.853516,66.426680,109.798946,1
330,44.100001,86.875000,0.768555,129.476085,105.109538,1
340,43.312500,91.500001,0.040039,469.156599,99.663103,1
350,43.312500,91.500001,0.000000,0.000000,0.000000,0
360,42.975001,94.375000,0.000000,289.474095,96.695368,0
370,42.750000,98.000000,0.000000,363.197562,93.551747,0
380,42.524999,99.500000,0.000000,151.678220,98.530792,0
390,42.524999,102.249999,0.000000,274.999857,90.000000,0
400,42.524999,103.374999,0.000000,112.499952,90.000000,0
410,42.524999,104.375000,0.000000,100.000143,90.000000,0
420,42.524999,106.375000,0.000000,200.000048,90.000000,0
430,42.524999,107.500000,0.000000,112.499952,90.000000,0
440,42.637502,108.499999,0.000000,100.630757,83.581062,0
450,42.862503,110.625000,0.000000,213.687960,83.955888,0
460,42.862503,111.499999,0.000000,87.499857,90.000000,0
470,43.087499,112.249999,0.000000,78.302246,73.301006,0
480,43.200002,112.749999,0.000000,51.250010,77.319324,0
490,43.312500,112.749999,0.000000,11.249828,0.000000,0
500,43.312500,112.874999,0.000000,12.500048,90.000000,0
510,43.312500,113.374999,0.000000,49.999952,90.000000,0
520,43.087499,113.625000,0.000000,33.634188,131.987212,0
530,42.862503,113.875000,0.000000,33.633901,131.986669,0
540,42.300003,114.500000,0.000000,84.085150,131.987212,0
550,41.962499,114.875000,0.000000,50.451249,131.987575,0
560,41.962499,114.875000,0.000000,0.000000,0.000000,0
570,41.287501,115.500000,0.000000,91.991722,137.202526,0
580,41.062500,115.749999,0.000000,33.634100,131.987348,0
590,40.837499,115.875000,0.000000,25.739174,150.945396,0
600,40.500000,116.374999,0.000000,60.324555,124.019308,0
610,40.387502,116.500000,0.000000,16.816951,131.986669,0
620,40.162501,116.750000,0.000000,33.634100,131.987348,0
630,40.162501,117.125000,0.000000,37.500024,90.000000,0
640,40.050003,117.375000,0.000000,27.414548,114.227439,0
650,40.050003,117.375000,0.000000,0.000000,0.000000,0
660,39.825002,117.500000,0.000000,25.739174,150.945396,0
670,39.825002,117.500000,0.000000,0.000000,0.000000,0
680,39.712499,117.500000,0.000000,11.250257,180.000000,0
690,39.712499,117.500000,0.000000,0.000000,0.000000,0
700,39.712499,117.500000,0.000000,0.000000,0.000000,0
710,39.712499,117.500000,0.000000,0.000000,0.000000,0
720,39.712499,117.500000,0.000000,0.000000,0.000000,0
730,39.712499,117.250000,0.000000,24.999976,-90.000000,0
740,39.825002,117.250000,0.000000,11.250257,0.000000,0
750,39.825002,117.125000,0.000000,12.500048,-90.000000,0
760,39.937500,117.125000,0.000000,11.249828,0.000000,0
770,39.937500,117.125000,0.289063,0.000000,0.000000,1
780,39.937500,117.125000,0.289063,0.000000,0.000000,1
790,39.937500,117.125000,0.289063,0.000000,0.000000,1
800,39.937500,117.125000,0.289063,0.000000,0.000000,1
810,39.937500,117.125000,0.289063,0.000000,0.000000,1
820,39.937500,117.125000,0.289063,0.000000,0.000000,1
830,39.937500,117.125000,0.289063,0.000000,0.000000,1
840,39.937500,117.125000,0.289063,0.000000,0.000000,1
850,39.937500,117.125000,0.289063,0.000000,0.000000,1
860,39.937500,117.125000,0.289063,0.000000,0.000000,1
870,40.050003,117.125000,0.613281,11.250257,0.000000,1
880,40.050003,117.125000,0.613281,0.000000,0.000000,1
890,40.274999,116.999999,0.633789,25.738798,-29.055068,1
900,40.387502,116.999999,0.649414,11.250257,0.000000,1
910,40.837499,117.125000,0.672852,46.703619,15.524252,1
920,40.950002,117.125000,0.672852,11.250257,0.000000,1
930,41.512502,117.375000,0.690430,61.555352,23.962469,1
940,41.737503,117.500000,0.695313,25.739174,29.054604,1
950,42.075002,117.624999,0.699219,35.990345,20.323078,1
960,42.412501,117.750000,0.706055,35.990386,20.323255,1
970,42.862503,118.125000,0.708984,58.577020,39.805482,1
980,44.212499,118.750000,0.719727,148.765444,24.842445,1
990,45.000000,119.125000,0.719727,87.222863,25.463335,1
1000,46.462499,119.750000,0.724609,159.044923,23.139474,1
1010,47.250000,120.000000,0.724609,82.623089,17.612544,1
1020,48.037501,120.250000,0.723633,82.623089,17.612544,1
1030,49.725001,120.875000,0.732422,179.952251,20.323137,1
1040,49.725001,120.875000,0.732422,0.000000,0.000000,1
1050,51.412501,121.500000,0.732422,179.952251,20.323137,1
1060,52.312500,121.750000,0.741211,93.407619,15.524111,1
1070,54.112503,122.375000,0.741211,190.542233,19.148112,1
1080,55.012502,122.624999,0.744141,93.407619,15.524111,1
1090,56.812500,123.000000,0.750977,183.864597,11.768307,1
1100,57.600001,123.249999,0.750977,82.623089,17.612544,1
1110,58.387502,123.375000,0.750977,79.735984,9.019347,1
1120,59.850001,123.625000,0.751953,148.371278,9.700388,1
1130,59.850001,123.625000,0.751953,0.000000,0.000000,1
1140,61.200002,123.874999,0.751953,137.295382,10.491461,1
1150,61.762502,123.874999,0.757813,56.250000,0.000000,1
1160,62.662501,123.874999,0.762695,89.999914,0.000000,1
1170,63.000000,123.874999,0.759766,33.749914,0.000000,1
1180,63.562500,123.874999,0.755859,56.250000,0.000000,1
1190,63.787501,123.750000,0.755859,25.739116,-29.054372,1
1200,64.125000,123.625000,0.755859,35.990386,-20.323255,1
1210,64.687500,123.375000,0.760742,61.555352,-23.962469,1
1220,64.800003,123.249999,0.760742,16.817238,-48.012244,1
1230,65.024999,123.125000,0.760742,25.738740,-29.054836,1
1240,65.137502,123.000000,0.761719,16.817238,-48.012244,1
1250,65.362503,122.624999,0.761719,43.732204,-59.036163,1
1260,65.362503,122.375000,0.759766,24.999976,-90.000000,1
1270,65.475001,121.999999,0.763672,39.151123,-73.301006,1
1280,65.587499,121.750000,0.763672,27.414548,-65.772561,1
1290,65.587499,121.500000,0.763672,24.999976,-90.000000,1
1300,65.587499,120.875000,0.762695,62.500000,-90.000000,1
1310,65.587499,120.500000,0.762695,37.500024,-90.000000,1
1320,65.587499,120.124999,0.761719,37.500024,-90.000000,1
1330,65.587499,119.625000,0.768555,49.999952,-90.000000,1
1340,65.587499,118.375000,0.775391,125.000000,-90.000000,1
1350,65.475001,117.624999,0.775391,75.839078,-98.530632,1
1360,65.250000,116.125000,0.777344,151.678102,-98.530799,1
1370,65.250000,115.500000,0.777344,62.500000,-90.000000,1
1380,65.137502,114.875000,0.777344,63.504399,-100.203821,1
1390,64.912501,113.750000,0.782227,114.727909,-101.309979,1
1400,64.800003,113.000000,0.782227,75.839078,-98.530632,1
1410,64.575002,112.375000,0.782227,66.426680,-109.798946,1
1420,64.350001,111.499999,0.794922,90.346669,-104.420811,1
1430,63.899999,109.875000,0.813477,168.615641,-105.478703,1
1440,63.675003,108.999999,0.818359,90.346562,-104.420547,1
1450,63.450002,108.125000,0.825195,90.346438,-104.420848,1
1460,63.000000,106.499999,0.836914,168.615871,-105.478681,1
1470,62.774999,105.625000,0.836914,90.346438,-104.420848,1
1480,62.325002,104.124999,0.841797,156.604615,-106.699144,1
1490,62.100001,103.374999,0.842773,78.302369,-106.699294,1
1500,61.875000,102.625000,0.842773,78.302141,-106.699344,1
1510,61.649999,101.875000,0.842773,78.302369,-106.699294,1
1520,61.200002,100.249999,0.844727,168.615756,-105.478541,1
1530,60.975001,99.500000,0.843750,78.302141,-106.699344,1
1540,60.750000,98.750000,0.842773,78.302369,-106.699294,1
1550,60.412501,97.874999,0.845703,93.783385,-111.092270,1
1560,60.300003,97.625000,0.845703,27.414439,-114.227541,1
1570,60.187500,97.249999,0.855469,39.151360,-106.699545,1
1580,60.075002,97.000000,0.855469,27.414439,-114.227541,1
1590,59.962499,96.875000,0.852539,16.817238,-131.987756,1
1600,59.962499,96.875000,0.852539,0.000000,0.000000,1
1610,59.962499,97.000000,0.785156,12.500048,90.000000,1
1620,59.737503,97.500000,0.000000,54.829096,114.227439,0
1630,59.512502,98.000000,0.000000,54.829272,114.227848,0
1640,59.287501,98.125000,0.000000,25.739174,150.945396,0
1650,59.175003,98.250000,0.000000,16.816951,131.986669,0
1660,58.725001,98.250000,0.000000,45.000172,180.000000,0
1670,58.725001,98.374999,0.000000,12.499809,90.000000,0
1680,58.387502,98.374999,0.000000,33.749914,180.000000,0
1690,58.050003,98.374999,0.000000,33.749914,180.000000,0
1700,57.600001,98.374999,0.000000,45.000172,180.000000,0
1710,57.600001,98.374999,0.000000,0.000000,0.000000,0
1720,57.600001,98.374999,0.000000,0.000000,0.000000,0
1730,57.037501,98.125000,0.000000,61.555303,-156.037633,0
1740,56.700002,98.000000,0.000000,35.990386,-159.676745,0
1750,55.462499,97.375000,0.000000,138.637571,-153.203967,0
1760,54.675003,97.000000,0.000000,87.222424,-154.536615,0
1770,53.887502,96.624999,0.000000,87.222914,-154.536594,0
1780,52.649999,96.250000,0.000000,129.307266,-163.141675,0
1790,52.312500,96.125000,0.000000,35.990386,-159.676745,0
1800,52.087499,96.125000,0.000000,22.500086,180.000000,0
1810,51.412501,95.625000,0.000000,84.001322,-143.471101,0
1820,51.075002,95.500000,0.000000,35.990386,-159.676745,0
1830,50.737503,95.249999,0.000000,42.000732,-143.470970,0
1840,49.950002,94.874997,0.000000,87.222914,-154.536594,0
1850,49.500000,94.625001,0.000000,51.478116,-150.945860,0
1860,49.162501,94.499998,0.000000,35.990469,-159.676389,0
1870,48.937500,94.375000,0.000000,25.739058,-150.945860,0
1880,48.487503,94.249997,0.000000,46.703683,-164.475466,0
1890,48.262502,94.124999,0.000000,25.739058,-150.945860,0
1900,48.037501,94.000001,0.000000,25.739058,-150.945860,0
1910,48.037501,93.874998,0.000000,12.500286,-90.000000,0
1920,47.925003,93.874998,0.000000,11.249828,180.000000,0
1930,47.925003,93.750000,0.000000,12.499809,-90.000000,0
1940,47.812500,93.750000,0.278320,11.250257,180.000000,1
1950,47.812500,93.750000,0.278320,0.000000,0.000000,1
1960,47.812500,93.750000,0.278320,0.000000,0.000000,1
1970,47.812500,93.750000,0.278320,0.000000,0.000000,1
1980,47.812500,93.750000,0.278320,0.000000,0.000000,1
1990,47.250000,93.624997,0.449219,57.622215,-167.470915,1
2000,47.024999,93.624997,0.544922,22.500086,180.000000,1
2010,47.024999,93.624997,0.544922,0.000000,0.000000,1
2020,46.912501,93.499999,0.598633,16.816773,-131.987212,1
2030,46.912501,93.499999,0.598633,0.000000,0.000000,1
2040,46.912501,93.499999,0.598633,0.000000,0.000000,1
2050,46.912501,93.499999,0.598633,0.000000,0.000000,1
2060,46.912501,93.499999,0.598633,0.000000,0.000000,1
2070,46.912501,93.499999,0.598633,0.000000,0.000000,1
2080,46.912501,93.499999,0.598633,0.000000,0.000000,1
2090,46.912501,93.499999,0.598633,0.000000,0.000000,1
2100,46.912501,93.499999,0.598633,0.000000,0.000000,1
2110,46.912501,93.499999,0.598633,0.000000,0.000000,1
2120,46.912501,93.499999,0.598633,0.000000,0.000000,1
2130,46.912501,93.499999,0.598633,0.000000,0.000000,1
2140,46.912501,93.499999,0.598633,0.000000,0.000000,1
2150,46.912501,93.499999,0.598633,0.000000,0.000000,1
2160,46.912501,93.499999,0.598633,0.000000,0.000000,1
2170,46.912501,93.499999,0.598633,0.000000,0.000000,1
2180,46.912501,93.499999,0.598633,0.000000,0.000000,1
2190,46.912501,93.499999,0.598633,0.000000,0.000000,1
2200,46.912501,93.499999,0.598633,0.000000,0.000000,1
2210,46.912501,93.499999,0.598633,0.000000,0.000000,1
2220,46.912501,93.499999,0.598633,0.000000,0.000000,1
2230,46.912501,93.499999,0.598633,0.000000,0.000000,1
2240,46.912501,93.499999,0.598633,0.000000,0.000000,1
2250,47.250000,93.499999,0.770508,33.749914,0.000000,1
2260,47.475001,93.624997,0.769531,25.739058,29.054140,1
2270,48.600001,94.000001,0.775391,118.585533,18.435124,1
2280,49.500000,94.375000,0.775391,97.499884,22.619833,1
2290,50.737503,94.874997,0.775391,133.469463,22.000543,1
2300,53.100001,95.999999,0.775391,261.668252,25.463399,1
2310,54.337499,96.499999,0.775391,133.469155,22.000707,1
2320,56.700002,97.249999,0.779297,247.869303,17.612570,1
2330,56.700002,97.249999,0.779297,0.000000,0.000000,1
2340,58.950002,97.874999,0.782227,233.519271,15.524111,1
2350,60.975001,98.250000,0.789063,205.942895,10.491520,1
2360,61.875000,98.374999,0.789063,90.863798,7.907051,1
2370,62.662501,98.499999,0.793945,79.735984,9.019347,1
2380,63.450002,98.625000,0.794922,79.735984,9.019347,1
2390,64.687500,98.625000,0.803711,123.749828,0.000000,1
2400,65.024999,98.625000,0.803711,33.749914,0.000000,1
2410,65.475001,98.625000,0.803711,45.000172,0.000000,1
2420,65.475001,98.625000,0.803711,0.000000,0.000000,1
2430,65.700002,98.625000,0.803711,22.500086,0.000000,1
2440,65.812500,98.625000,0.801758,11.249828,0.000000,1
2450,65.925003,98.625000,0.805664,11.250257,0.000000,1
2460,65.925003,98.625000,0.805664,0.000000,0.000000,1
2470,65.812500,98.499999,0.808594,16.817238,-131.987756,1
2480,65.475001,98.499999,0.808594,33.749914,180.000000,1
2490,64.462499,98.499999,0.000000,101.250172,180.000000,0
2500,62.887502,98.374999,0.000000,157.995000,-175.462203,0
2510,61.987503,98.250000,0.000000,90.863798,-172.092949,0
2520,60.975001,98.000000,0.000000,104.290949,-166.130285,0
2530,59.625000,97.375000,0.000000,148.765833,-155.157625,0
2540,59.737503,97.124999,0.000000,27.414833,-65.771846,0
2550,59.962499,96.875000,0.000000,33.633724,-48.013059,0
2560,59.287501,95.874999,0.000000,120.649308,-124.019244,0
2570,58.725001,95.249999,0.000000,84.085150,-131.987212,0
2580,58.725001,94.499998,0.000000,75.000048,-90.000000,0
2590,58.837499,92.750001,0.000000,175.360938,-86.321811,0
2600,58.725001,91.875000,0.000000,88.220323,-97.326288,0
2610,58.612503,90.875001,0.000000,100.630709,-96.418696,0
2620,57.937500,89.124999,0.000000,187.566925,-111.092392,0
2630,57.712499,88.375001,0.000000,78.302141,-106.699344,0
2640,57.375000,87.624998,0.000000,82.244146,-114.227609,0
2650,56.700002,86.250000,0.000000,153.174490,-116.146815,0
2660,56.250000,85.625000,0.000000,77.014709,-125.753991,0
2670,55.575002,85.124998,0.000000,84.001464,-143.470970,0
2680,54.000000,84.249997,0.000000,180.173724,-150.945396,0
2690,53.100001,84.000001,0.000000,93.407524,-164.476100,0
2700,52.200002,83.750000,0.000000,93.407651,-164.475819,0
2710,51.300003,83.874998,0.000000,90.863798,172.092949,0
2720,50.850001,83.874998,0.000000,45.000172,180.000000,0
2730,50.625000,83.874998,0.000000,22.500086,180.000000,0
2740,50.175003,83.624997,0.000000,51.477972,-150.945164,0
2750,49.950002,83.624997,0.000000,22.500086,180.000000,0
2760,49.725001,83.624997,0.000000,22.500086,180.000000,0
2770,49.162501,83.874998,0.000000,61.555400,156.037430,0
2780,48.825002,84.124999,0.000000,42.000732,143.470970,0
2790,48.825002,84.124999,0.000000,0.000000,0.000000,0
2800,48.149999,84.249997,0.000000,68.647870,169.508719,0
2810,47.925003,84.249997,0.000000,22.499657,180.000000,0
2820,47.812500,84.124999,0.000000,16.817061,-131.988299,0
2830,47.700002,83.874998,0.000000,27.414657,-114.227336,0
2840,47.700002,83.750000,0.000000,12.499809,-90.000000,0
2850,47.587499,83.624997,0.000000,16.817415,-131.987212,0
2860,47.587499,83.624997,0.000000,0.000000,0.000000,0
2870,47.700002,83.624997,0.000000,11.250257,0.000000,0
2880,47.812500,83.624997,0.000000,11.249828,0.000000,0
2890,48.037501,83.499999,0.000000,25.739058,-29.054140,0
2900,48.037501,83.249998,0.000000,25.000095,-90.000000,0
2910,48.037501,83.125000,0.000000,12.499809,-90.000000,0
2920,48.037501,82.500000,0.000000,62.500000,-90.000000,0
2930,48.037501,82.249999,0.000000,25.000095,-90.000000,0
2940,47.925003,81.999998,0.000000,27.414657,-114.227336,0
2950,47.587499,81.500001,0.000000,60.324598,-124.019772,0
2960,47.475001,81.374998,0.000000,16.817128,-131.986126,0
2970,47.362503,81.250000,0.000000,16.816773,-131.987212,0
2980,47.024999,81.250000,0.000000,33.750343,180.000000,0
2990,46.912501,81.124997,0.000000,16.817128,-131.986126,0
3000,46.687500,81.124997,0.000000,22.500086,180.000000,0
3010,46.350001,81.124997,0.000000,33.749914,180.000000,0
3020,46.125000,81.124997,0.000000,22.500086,180.000000,0
3030,45.899999,81.124997,0.000000,22.500086,180.000000,0
3040,45.337499,81.250000,0.000000,57.622215,167.470915,0
3050,45.112503,81.374998,0.000000,25.738683,150.945396,0
3060,44.774999,81.374998,0.000000,33.750343,180.000000,0
3070,44.325002,81.500001,0.000000,46.703683,164.475466,0
3080,44.212499,81.500001,0.000000,11.250257,180.000000,0
3090,44.100001,81.500001,0.000000,11.249828,180.000000,0
3100,44.100001,81.500001,0.000000,0.000000,0.000000,0
3110,43.987503,81.500001,0.000000,11.249828,180.000000,0
3120,43.987503,81.500001,0.000000,0.000000,0.000000,0
3130,43.987503,81.624999,0.000000,12.499809,90.000000,0
3140,44.100001,81.624999,0.000000,11.249828,0.000000,0
3150,44.212499,81.624999,0.000000,11.249828,0.000000,0
3160,44.662501,81.749997,0.000000,46.703969,15.523829,0
3170,44.887502,81.875000,0.000000,25.739289,29.055068,0
3180,45.337499,81.875000,0.000000,44.999743,0.000000,0
3190,46.012502,82.249999,0.000000,77.217405,29.054449,0
3200,46.462499,82.374997,0.000000,46.703555,15.523970,0
3210,46.800003,82.500000,0.000000,35.990871,20.323374,0
3220,47.587499,82.874999,0.000000,87.222424,25.463385,0
3230,48.037501,83.125000,0.000000,51.478347,29.054604,0
3240,48.375000,83.375001,0.000000,42.000732,36.529030,0
3250,49.050003,83.750000,0.000000,77.217405,29.054449,0
3260,49.050003,83.750000,0.000000,0.000000,0.000000,0
3270,49.725001,84.249997,0.000000,84.001180,36.528768,0
3280,49.950002,84.375000,0.000000,25.739289,29.055068,0
3290,50.062500,84.625001,0.000000,27.414657,65.772664,0
3300,50.287501,84.874997,0.000000,33.633834,48.012244,0
3310,50.287501,84.874997,0.000000,0.000000,0.000000,0
3320,50.287501,84.874997,0.000000,0.000000,0.000000,0
3330,50.175003,85.000000,0.000000,16.817128,131.986126,0
3340,49.950002,85.000000,0.000000,22.500086,180.000000,0
3350,49.612503,84.874997,0.000000,35.990469,-159.676389,0
3360,49.387502,84.749999,0.000000,25.739058,-150.945860,0
3370,49.274999,84.625001,0.000000,16.817061,-131.988299,0
3380,48.937500,84.375000,0.000000,42.000732,-143.470970,0
3390,48.825002,84.249997,0.000000,16.817128,-131.986126,0
3400,48.712499,84.124999,0.000000,16.817061,-131.988299,0
3410,48.487503,84.000001,0.000000,25.738683,-150.945396,0
3420,48.487503,84.000001,0.260742,0.000000,0.000000,1
3430,48.487503,84.000001,0.260742,0.000000,0.000000,1
3440,48.487503,84.000001,0.260742,0.000000,0.000000,1
3450,48.487503,84.000001,0.260742,0.000000,0.000000,1
3460,48.487503,84.000001,0.260742,0.000000,0.000000,1
3470,48.487503,84.000001,0.260742,0.000000,0.000000,1
3480,48.375000,84.000001,0.598633,11.250257,180.000000,1
3490,48.375000,84.000001,0.598633,0.000000,0.000000,1
3500,48.375000,84.000001,0.598633,0.000000,0.000000,1
3510,48.375000,83.874998,0.616211,12.500286,-90.000000,1
3520,48.375000,83.874998,0.616211,0.000000,0.000000,1
3530,48.487503,83.874998,0.614258,11.250257,0.000000,1
3540,48.712499,83.874998,0.614258,22.499657,0.000000,1
3550,48.937500,83.874998,0.614258,22.500086,0.000000,1
3560,49.387502,83.874998,0.619141,45.000172,0.000000,1
3570,51.300003,84.625001,0.664063,205.430373,21.413035,1
3580,52.762502,85.124998,0.673828,154.560696,18.874460,1
3590,55.687500,86.374998,0.715820,318.089845,23.139474,1
3600,56.925003,86.875000,0.721680,133.469642,22.000733,1
3610,58.050003,87.249999,0.730469,118.585382,18.434905,1
3620,59.962499,87.624998,0.749023,194.891442,11.093715,1
3630,60.750000,87.750001,0.753906,79.736022,9.019516,1
3640,61.425003,87.874999,0.753906,68.647870,10.491281,1
3650,61.875000,87.874999,0.753906,44.999743,0.000000,1
3660,62.437500,87.999997,0.756836,57.622111,12.528623,1
3670,62.662501,87.999997,0.756836,22.500086,0.000000,1
3680,62.887502,87.999997,0.763672,22.500086,0.000000,1
3690,62.887502,87.999997,0.763672,0.000000,0.000000,1
3700,62.887502,87.999997,0.763672,0.000000,0.000000,1
3710,62.437500,87.999997,0.731445,45.000172,180.000000,1
3720,62.100001,87.874999,0.000000,35.990303,-159.677100,0
3730,60.750000,87.624998,0.000000,137.295404,-169.508490,0
3740,58.612503,86.749997,0.000000,230.965840,-157.737885,0
3750,57.487503,86.124997,0.000000,128.695377,-150.945396,0
3760,56.250000,85.374999,0.000000,144.703482,-148.781715,0
3770,54.000000,83.750000,0.000000,277.544986,-144.162363,0
3780,52.987503,82.874999,0.000000,133.819943,-139.166402,0
3790,52.087499,82.125001,0.000000,117.153887,-140.194608,0
3800,50.737503,80.374999,0.000000,221.020302,-127.647520,0
3810,50.175003,79.499998,0.000000,104.020811,-122.735198,0
3820,49.612503,78.499999,0.000000,114.734665,-119.357777,0
3830,49.050003,77.500000,0.000000,114.734665,-119.357777,0
3840,47.812500,75.499997,0.000000,235.189797,-121.747167,0
3850,47.137502,74.499998,0.000000,120.649110,-124.019308,0
3860,45.787501,72.624998,0.000000,231.043877,-125.753905,0
3870,45.225001,71.749997,0.000000,104.020811,-122.735198,0
3880,44.662501,70.999999,0.000000,93.749847,-126.869968,0
3890,43.537501,69.625001,0.000000,177.658232,-129.289446,0
3900,43.087499,69.124999,0.000000,67.268377,-131.987212,0
3910,42.750000,68.750000,0.000000,50.450962,-131.987212,0
3920,41.962499,68.125000,0.000000,100.537685,-141.562729,0
3930,41.399999,67.750001,0.000000,67.604034,-146.310000,0
3940,40.837499,67.374997,0.000000,67.604298,-146.309663,0
3950,39.937500,66.999998,0.000000,97.499884,-157.380167,0
3960,39.712499,66.875000,0.000000,25.739058,-150.945860,0
3970,39.487503,66.875000,0.000000,22.499657,180.000000,0
3980,38.925003,66.374998,0.000000,75.260093,-138.366352,0
3990,38.700002,66.124997,0.000000,33.634188,-131.987212,0
4000,38.475001,66.124997,0.000000,22.500086,180.000000,0
4010,38.250000,66.124997,0.000000,22.500086,180.000000,0
4020,37.912501,65.999999,0.000000,35.990303,-159.677100,0
4030,37.800003,65.875001,0.000000,16.816773,-131.987212,0
4040,37.575002,65.749998,0.000000,25.739289,-150.944932,0
4050,37.462499,65.749998,0.000000,11.250257,180.000000,0
4060,37.462499,65.625000,0.000000,12.499809,-90.000000,0
4070,37.350001,65.374999,0.000000,27.414657,-114.227336,0
4080,37.237503,65.374999,0.000000,11.249828,180.000000,0
4090,37.125000,65.250001,0.000000,16.817061,-131.988299,0
4100,37.012502,65.124998,0.000000,16.817128,-131.986126,0
4110,37.012502,65.000000,0.000000,12.499809,-90.000000,0
4120,36.899999,65.000000,0.000000,11.250257,180.000000,0
4130,36.787501,64.874997,0.000000,16.817128,-131.986126,0
4140,36.675003,64.749999,0.000000,16.816773,-131.987212,0
4150,36.562500,64.625001,0.000000,16.817061,-131.988299,0
4160,36.450002,64.499998,0.000000,16.817128,-131.986126,0
4170,36.450002,64.375000,0.000000,12.499809,-90.000000,0
4180,36.337499,64.375000,0.000000,11.250257,180.000000,0
4190,36.225001,64.249997,0.000000,16.817128,-131.986126,0
4200,36.225001,64.249997,0.000000,0.000000,0.000000,0
4210,36.112503,64.124999,0.000000,16.816773,-131.987212,0
4220,36.112503,64.124999,0.000000,0.000000,0.000000,0
4230,35.887500,64.000001,0.000000,25.739245,-150.946092,0
4240,35.662501,64.000001,0.000000,22.499871,180.000000,0
4250,35.325000,63.874998,0.000000,35.990670,-159.676507,0
4260,35.212501,63.750000,0.000000,16.816773,-131.987212,0
4270,34.987500,63.624997,0.000000,25.739289,-150.944932,0
4280,34.650001,63.499999,0.000000,35.990303,-159.677100,0
4290,34.537501,63.375001,0.000000,16.816917,-131.987756,0
4300,34.425000,63.249998,0.000000,16.817271,-131.986669,0
4310,34.425000,63.249998,0.000000,0.000000,0.000000,0
4320,34.200000,63.125000,0.000000,25.739058,-150.945860,0
4330,34.200000,63.125000,0.000000,0.000000,0.000000,0
4340,34.087501,62.999997,0.000000,16.817128,-131.986126,0
4350,34.087501,62.874999,0.000000,12.499809,-90.000000,0
4360,34.087501,62.874999,0.000000,0.000000,0.000000,0
4370,34.200000,62.874999,0.000000,11.249828,0.000000,0
4380,34.200000,62.874999,0.000000,0.000000,0.000000,0
4390,34.312500,62.750001,0.000000,16.816917,-48.012244,0
4400,34.312500,62.750001,0.000000,0.000000,0.000000,0
4410,34.537501,62.750001,0.000000,22.500086,0.000000,0
4420,34.650001,62.750001,0.000000,11.250043,0.000000,0
4430,34.875000,62.750001,0.000000,22.499871,0.000000,0
4440,35.100001,62.874999,0.000000,25.739058,29.054140,0
4450,35.212501,62.874999,0.000000,11.250043,0.000000,0
4460,35.437500,62.999997,0.000000,25.738870,29.054372,0
4470,35.437500,62.999997,0.000000,0.000000,0.000000,0
4480,35.662501,62.999997,0.000000,22.500086,0.000000,0
4490,35.662501,62.999997,0.000000,0.000000,0.000000,0
4500,35.662501,62.999997,0.000000,0.000000,0.000000,0
4510,35.662501,62.999997,0.000000,0.000000,0.000000,0
4520,35.662501,62.999997,0.000000,0.000000,0.000000,0
4530,35.662501,62.999997,0.000000,0.000000,0.000000,0
4540,35.550000,63.125000,0.000000,16.817271,131.986669,0
4550,35.325000,63.125000,0.000000,22.500086,180.000000,0
4560,35.212501,62.999997,0.000000,16.817128,-131.986126,0
4570,34.987500,62.999997,0.000000,22.500086,180.000000,0
4580,34.650001,62.874999,0.000000,35.990303,-159.677100,0
4590,34.537501,62.750001,0.000000,16.816917,-131.987756,0
4600,34.312500,62.624998,0.000000,25.739289,-150.944932,0
4610,34.087501,62.500000,0.000000,25.738870,-150.945628,0
4620,33.862500,62.500000,0.000000,22.500086,180.000000,0
4630,33.862500,62.500000,0.000000,0.000000,0.000000,0
4640,33.525001,62.249999,0.000000,42.000732,-143.470970,0
4650,33.412501,62.249999,0.000000,11.250043,180.000000,0
4660,33.187500,62.125001,0.000000,25.739058,-150.945860,0
4670,32.962501,62.125001,0.000000,22.499871,180.000000,0
4680,32.962501,61.999998,0.000000,12.500286,-90.000000,0
4690,32.850001,61.999998,0.000000,11.250043,180.000000,0
4700,32.737500,61.875000,0.000000,16.816917,-131.987756,0
4710,32.737500,61.875000,0.000000,0.000000,0.000000,0
4720,32.625000,61.624999,0.000000,27.414745,-114.227745,0
4730,32.625000,61.374998,0.000000,25.000095,-90.000000,0
4740,32.625000,61.374998,0.000000,0.000000,0.000000,0
4750,32.625000,61.250000,0.000000,12.499809,-90.000000,0
4760,32.850001,61.124997,0.000000,25.739289,-29.055068,0
4770,32.850001,61.124997,0.358398,0.000000,0.000000,1
4780,32.850001,61.124997,0.358398,0.000000,0.000000,1
4790,32.850001,61.124997,0.358398,0.000000,0.000000,1
4800,32.850001,61.124997,0.358398,0.000000,0.000000,1
4810,32.850001,61.124997,0.358398,0.000000,0.000000,1
4820,32.850001,61.124997,0.358398,0.000000,0.000000,1
4830,32.962501,60.999999,0.566406,16.816917,-48.012244,1
4840,32.962501,60.999999,0.566406,0.000000,0.000000,1
4850,33.187500,60.875001,0.594727,25.738870,-29.054372,1
4860,33.300000,60.875001,0.607422,11.250043,0.000000,1
4870,33.525001,60.749998,0.627930,25.739289,-29.055068,1
4880,33.750000,60.749998,0.628906,22.499871,0.000000,1
4890,34.312500,60.749998,0.657227,56.250000,0.000000,1
4900,34.650001,60.749998,0.666016,33.750129,0.000000,1
4910,35.775001,61.124997,0.700195,118.585382,18.434905,1
4920,36.562500,61.500001,0.717773,87.222823,25.463608,1
4930,38.812500,62.374997,0.738281,241.414961,21.250421,1
4940,38.812500,62.374997,0.738281,0.000000,0.000000,1
4950,40.050003,62.874999,0.740234,133.469642,22.000733,1
4960,42.750000,64.124999,0.768555,297.531277,24.842410,1
4970,44.325002,64.749999,0.776367,169.447792,21.644414,1
4980,47.812500,66.250000,0.784180,379.639923,23.272928,1
4990,49.837499,67.125001,0.799805,220.595743,23.369145,1
5000,53.774999,68.750000,0.799805,425.963944,22.425850,1
5010,55.912501,69.499998,0.818359,226.526173,19.334749,1
5020,60.187500,70.999999,0.823242,453.052100,19.334824,1
5030,60.187500,70.999999,0.823242,0.000000,0.000000,1
5040,62.325002,71.749997,0.827148,226.526173,19.334749,1
5050,66.375000,72.999997,0.836914,423.851225,17.152429,1
5060,68.399999,73.499999,0.836914,208.581481,13.869743,1
5070,72.000000,74.249997,0.838867,367.729565,11.768257,1
5080,73.575002,74.625001,0.838867,161.903004,13.392615,1
5090,76.500000,75.000000,0.838867,294.893866,7.305745,1
5100,77.625000,75.250001,0.840820,115.244326,12.528854,1
5110,77.625000,75.250001,0.840820,0.000000,0.000000,1
5120,79.650003,75.499997,0.846680,204.037668,7.037823,1
5130,80.212503,75.499997,0.845703,56.250000,0.000000,1
5140,80.887502,75.625000,0.842773,68.647534,10.491738,1
5150,81.000000,75.625000,0.842773,11.249828,0.000000,1
5160,81.112498,75.625000,0.842773,11.249828,0.000000,1
5170,81.112498,75.625000,0.842773,0.000000,0.000000,1
5180,80.662505,75.625000,0.780273,44.999313,180.000000,1
5190,79.875000,75.749998,0.732422,79.736371,170.980871,1
5200,79.312500,75.749998,0.569336,56.250000,180.000000,1
5210,76.725005,76.124997,0.000000,261.452747,171.753684,0
5220,75.487498,76.124997,0.000000,123.750687,180.000000,0
5230,73.912505,76.250000,0.000000,157.994591,175.462104,0
5240,70.649999,76.250000,0.000000,326.250601,180.000000,0
5250,69.075002,76.250000,0.000000,157.499743,180.000000,0
5260,67.500000,76.250000,0.000000,157.500172,180.000000,0
5270,65.024999,76.250000,0.000000,247.500086,180.000000,0
5280,64.012502,76.374998,0.000000,102.018408,172.962148,0
5290,64.012502,76.374998,0.000000,0.000000,0.000000,0
5300,61.087499,76.999998,0.000000,299.103077,167.938701,0
5310,60.187500,77.374997,0.000000,97.499884,157.380167,0
5320,59.399999,77.874999,0.000000,93.282341,147.587623,0
5330,57.937500,78.249998,0.000000,150.981059,165.618632,0
5340,57.262502,78.249998,0.000000,67.499828,180.000000,0
5350,56.587499,78.249998,0.000000,67.500257,180.000000,0
5360,55.575002,78.375001,0.000000,102.018467,172.961882,0
5370,55.237503,78.499999,0.000000,35.990303,159.677100,0
5380,55.012502,78.624997,0.000000,25.739058,150.945860,0
5390,54.787501,78.624997,0.000000,22.500086,180.000000,0
5400,54.562500,78.624997,0.000000,22.500086,180.000000,0
5410,54.337499,78.624997,0.000000,22.500086,180.000000,0
5420,54.112503,78.624997,0.000000,22.499657,180.000000,0
5430,54.112503,78.624997,0.000000,0.000000,0.000000,0
5440,54.112503,78.624997,0.000000,0.000000,0.000000,0
5450,53.887502,78.750000,0.000000,25.739289,150.944932,0
5460,53.887502,78.750000,0.000000,0.000000,0.000000,0
5470,53.774999,78.750000,0.000000,11.250257,180.000000,0
5480,53.774999,78.750000,0.000000,0.000000,0.000000,0
5490,53.774999,78.750000,0.000000,0.000000,0.000000,0
5500,53.774999,78.750000,0.000000,0.000000,0.000000,0
5510,53.662501,78.750000,0.000000,11.249828,180.000000,0
5520,53.662501,78.750000,0.000000,0.000000,0.000000,0
5530,53.662501,78.750000,0.000000,0.000000,0.000000,0
5540,53.550003,78.750000,0.000000,11.249828,180.000000,0
5550,53.212499,78.750000,0.000000,33.750343,180.000000,0
5560,53.212499,78.874998,0.000000,12.499809,90.000000,0
5570,53.100001,78.874998,0.000000,11.249828,180.000000,0
5580,53.100001,78.874998,0.000000,0.000000,0.000000,0
5590,52.987503,78.874998,0.000000,11.249828,180.000000,0
5600,52.875000,79.124999,0.000000,27.414833,114.228154,0
5610,52.762502,79.249997,0.000000,16.816773,131.987212,0
5620,52.762502,79.249997,0.000000,0.000000,0.000000,0
5630,52.762502,79.499998,0.000000,25.000095,90.000000,0
5640,52.762502,79.625001,0.000000,12.500286,90.000000,0
5650,52.762502,79.625001,0.000000,0.000000,0.000000,0
5660,52.649999,79.749999,0.000000,16.817061,131.988299,0
5670,52.649999,79.749999,0.000000,0.000000,0.000000,0
5680,52.537501,79.749999,0.000000,11.249828,180.000000,0
5690,52.537501,79.749999,0.000000,0.000000,0.000000,0
5700,52.425003,79.749999,0.000000,11.249828,180.000000,0
5710,52.425003,79.749999,0.000000,0.000000,0.000000,0
5720,52.087499,79.625001,0.000000,35.990706,-159.677338,0
5730,51.750000,79.499998,0.000000,35.990469,-159.676389,0
5740,51.524999,79.249997,0.000000,33.634188,-131.987212,0
5750,51.075002,78.874998,0.000000,58.576614,-140.194339,0
5760,50.962499,78.750000,0.000000,16.817061,-131.988299,0
5770,50.850001,78.499999,0.000000,27.414657,-114.227336,0
5780,50.737503,78.125000,0.000000,39.151009,-106.699044,0
5790,50.737503,78.125000,0.000000,0.000000,0.000000,0
5800,50.625000,77.874999,0.000000,27.414833,-114.228154,0
5810,50.625000,77.750001,0.000000,12.499809,-90.000000,0
5820,50.625000,77.624998,0.000000,12.500286,-90.000000,0
5830,50.625000,77.624998,0.000000,0.000000,0.000000,0
5840,50.737503,77.500000,0.000000,16.817061,-48.011701,0
5850,50.850001,77.500000,0.000000,11.249828,0.000000,0
5860,50.850001,77.500000,0.000000,0.000000,0.000000,0
5870,50.962499,77.500000,0.000000,11.249828,0.000000,0
5880,51.075002,77.500000,0.000000,11.250257,0.000000,0
5890,51.075002,77.500000,0.000000,0.000000,0.000000,0
5900,51.075002,77.500000,0.000000,0.000000,0.000000,0
5910,51.075002,77.624998,0.000000,12.499809,90.000000,0
5920,51.075002,77.624998,0.000000,0.000000,0.000000,0
5930,50.962499,77.750001,0.000000,16.817415,131.987212,0
5940,50.962499,77.750001,0.000000,0.000000,0.000000,0
5950,50.962499,77.750001,0.000000,0.000000,0.000000,0
5960,50.850001,77.750001,0.000000,11.249828,180.000000,0
5970,50.850001,77.750001,0.000000,0.000000,0.000000,0
5980,50.850001,77.750001,0.000000,0.000000,0.000000,0
5990,50.850001,77.750001,0.000000,0.000000,0.000000,0
6000,50.737503,77.750001,0.000000,11.249828,180.000000,0
6010,50.737503,77.750001,0.000000,0.000000,0.000000,0
6020,50.737503,77.874999,0.000000,12.499809,90.000000,0
6030,50.737503,77.874999,0.000000,0.000000,0.000000,0
6040,50.737503,77.874999,0.000000,0.000000,0.000000,0
6050,50.737503,77.874999,0.000000,0.000000,0.000000,0
6060,50.737503,77.874999,0.000000,0.000000,0.000000,0
6070,50.737503,77.874999,0.000000,0.000000,0.000000,0
6080,50.737503,77.874999,0.000000,0.000000,0.000000,0
6090,50.850001,77.999997,0.000000,16.816773,48.012788,0
6100,50.962499,77.999997,0.000000,11.249828,0.000000,0
6110,51.187500,78.125000,0.000000,25.739289,29.055068,0
6120,51.187500,78.125000,0.000000,0.000000,0.000000,0
6130,51.524999,78.375001,0.000000,42.000732,36.529030,0
6140,51.975001,78.624997,0.000000,51.478116,29.054140,0
6150,52.200002,78.750000,0.000000,25.739289,29.055068,0
6160,52.425003,78.874998,0.000000,25.739058,29.054140,0
6170,52.987503,79.124999,0.000000,61.555400,23.962570,0
6180,53.325002,79.375000,0.000000,42.000732,36.529030,0
6190,53.662501,79.499998,0.000000,35.990303,20.322900,0
6200,54.112503,79.874997,0.254883,58.576943,39.805392,1
6210,54.112503,79.874997,0.254883,0.000000,0.000000,1
6220,54.112503,79.874997,0.254883,0.000000,0.000000,1
6230,54.112503,79.874997,0.254883,0.000000,0.000000,1
6240,54.112503,79.874997,0.254883,0.000000,0.000000,1
6250,54.112503,79.874997,0.254883,0.000000,0.000000,1
6260,54.112503,79.874997,0.254883,0.000000,0.000000,1
6270,54.337499,80.000000,0.563477,25.738914,29.055532,1
6280,54.337499,80.000000,0.563477,0.000000,0.000000,1
6290,54.112503,80.000000,0.660156,22.499657,180.000000,1
6300,53.887502,79.874997,0.660156,25.739289,-150.944932,1
6310,53.662501,79.625001,0.660156,33.633834,-131.987756,1
6320,53.212499,79.249997,0.660156,58.577249,-140.194250,1
6330,53.212499,79.249997,0.660156,0.000000,0.000000,1
6340,52.537501,78.624997,0.666016,91.991722,-137.202526,1
6350,52.312500,78.249998,0.664063,43.732102,-120.963917,1
6360,51.524999,77.125001,0.662109,137.323566,-124.992118,1
6370,51.300003,76.500001,0.662109,66.426535,-109.798598,1
6380,51.075002,75.999999,0.662109,54.829490,-114.227745,1
6390,50.737503,75.250001,0.670898,82.243712,-114.227745,1
6400,50.737503,75.250001,0.670898,0.000000,0.000000,1
6410,50.287501,73.874998,0.682617,144.676688,-108.121890,1
6420,50.287501,73.874998,0.682617,0.000000,0.000000,1
6430,49.837499,72.500000,0.690430,144.676235,-108.121948,1
6440,49.725001,71.624999,0.692383,88.220323,-97.326288,1
6450,49.500000,70.875001,0.697266,78.302141,-106.699344,1
6460,49.162501,69.625001,0.715820,129.476085,-105.109538,1
6470,48.937500,69.000001,0.736328,66.426680,-109.798946,1
6480,48.600001,67.750001,0.739258,129.476085,-105.109538,1
6490,48.600001,67.750001,0.739258,0.000000,0.000000,1
6500,48.149999,66.374998,0.756836,144.676688,-108.121890,1
6510,47.812500,65.625000,0.762695,82.243712,-114.227745,1
6520,47.362503,64.249997,0.770508,144.676555,-108.121728,1
6530,47.137502,63.624997,0.790039,66.426680,-109.798946,1
6540,46.912501,62.999997,0.790039,66.426680,-109.798946,1
6550,46.575002,61.875000,0.798828,117.453150,-106.699244,1
6560,46.462499,61.250000,0.799805,63.504475,-100.204202,1
6570,46.125000,60.124998,0.799805,117.453606,-106.699177,1
6580,46.012502,59.499998,0.801758,63.504399,-100.203821,1
6590,45.675003,58.249998,0.814453,129.476085,-105.109538,1
6600,45.675003,58.249998,0.814453,0.000000,0.000000,1
6610,45.337499,56.999998,0.827148,129.476197,-105.109722,1
6620,45.112503,56.374998,0.833008,66.426535,-109.798598,1
6630,44.887502,55.749998,0.838867,66.426680,-109.798946,1
6640,44.325002,54.375000,0.840820,148.560628,-112.249052,1
6650,44.212499,53.874998,0.844727,51.250243,-102.680618,1
6660,43.762502,52.624998,0.844727,132.853215,-109.798772,1
6670,43.537501,51.999998,0.850586,66.426680,-109.798946,1
6680,42.975001,50.749998,0.855469,137.073201,-114.227745,1
6690,42.975001,50.749998,0.855469,0.000000,0.000000,1
6700,42.412501,49.499998,0.855469,137.073201,-114.227745,1
6710,42.075002,48.874998,0.858398,71.030322,-118.368985,1
6720,41.737503,48.125000,0.858398,82.243712,-114.227745,1
6730,40.950002,47.124996,0.856445,127.285711,-128.220356,1
6740,40.612503,46.750002,0.858398,50.450607,-131.987575,1
6750,40.162501,46.374998,0.858398,58.577249,-140.194250,1
6760,39.937500,46.125002,0.858398,33.633834,-131.987756,1
6770,39.262502,45.874996,0.845703,71.980938,-159.676389,1
6780,39.262502,45.874996,0.845703,0.000000,0.000000,1
6790,38.812500,45.749998,0.823242,46.703969,-164.476171,1
6800,37.912501,45.749998,0.757813,89.999914,180.000000,1
6810,36.899999,45.749998,0.000000,101.250172,180.000000,0
6820,36.450002,45.749998,0.000000,44.999743,180.000000,0
6830,36.112503,45.749998,0.000000,33.749914,180.000000,0
6840,36.112503,45.749998,0.000000,0.000000,0.000000,0
6850,35.775001,45.749998,0.000000,33.750129,180.000000,0
6860,35.550000,46.125002,0.000000,43.732510,120.963596,0
6870,35.662501,46.750002,0.000000,63.504437,79.795988,0
6880,35.662501,48.000002,0.000000,125.000000,90.000000,0
6890,36.562500,50.625000,0.000000,277.499792,71.075360,0
6900,37.800003,52.124996,0.000000,194.458252,50.477239,0
6910,38.812500,53.499994,0.000000,170.756282,53.633451,0
6920,39.937500,54.749994,0.000000,168.170301,48.012788,0
6930,42.300003,57.125001,0.000000,334.993659,45.151225,0
6940,43.425003,58.125000,0.000000,150.519869,41.633512,0
6950,45.450002,59.749999,0.000000,259.639046,38.745963,0
6960,46.350001,60.374999,0.000000,109.572965,34.777857,0
6970,47.250000,60.999999,0.000000,109.572965,34.777857,0
6980,48.825002,61.999998,0.000000,186.564426,32.412254,0
6990,49.387502,62.374997,0.000000,67.604034,33.690000,0
7000,49.837499,62.750001,0.000000,58.576919,39.806019,0
7010,50.062500,62.999997,0.000000,33.633834,48.012244,0
7020,50.175003,63.375001,0.000000,39.151589,73.300555,0
7030,50.175003,63.375001,0.000000,0.000000,0.000000,0
7040,50.399999,63.624997,0.000000,33.633547,48.012788,0
7050,50.512502,64.000001,0.000000,39.151589,73.300555,0
7060,50.512502,64.000001,0.000000,0.000000,0.000000,0
7070,50.625000,64.124999,0.000000,16.816773,48.012788,0
7080,50.625000,64.249997,0.000000,12.499809,90.000000,0
7090,50.625000,64.499998,0.000000,25.000095,90.000000,0
7100,50.625000,64.874997,0.000000,37.499905,90.000000,0
7110,50.625000,64.874997,0.000000,0.000000,0.000000,0
7120,50.625000,65.250001,0.000000,37.500381,90.000000,0
7130,50.625000,65.499997,0.000000,24.999619,90.000000,0
7140,50.512502,65.999999,0.000000,51.250148,102.680149,0
7150,50.512502,66.124997,0.000000,12.499809,90.000000,0
7160,50.512502,66.624999,0.000000,50.000191,90.000000,0
7170,50.512502,66.749997,0.000000,12.499809,90.000000,0
7180,50.399999,66.875000,0.000000,16.817415,131.987212,0
7190,50.399999,67.125001,0.000000,25.000095,90.000000,0
7200,50.399999,67.374997,0.000000,24.999619,90.000000,0
7210,50.399999,67.374997,0.000000,0.000000,0.000000,0
7220,50.399999,67.624998,0.000000,25.000095,90.000000,0
7230,50.287501,67.999997,0.000000,39.151009,106.699044,0
7240,50.287501,67.999997,0.000000,0.000000,0.000000,0
7250,50.175003,68.249998,0.000000,27.414657,114.227336,0
7260,50.175003,68.375001,0.000000,12.500286,90.000000,0
7270,50.175003,68.375001,0.000000,0.000000,0.000000,0
7280,50.175003,68.375001,0.000000,0.000000,0.000000,0
7290,50.175003,68.375001,0.000000,0.000000,0.000000,0
7300,50.175003,68.375001,0.000000,0.000000,0.000000,0
7310,50.175003,68.375001,0.000000,0.000000,0.000000,0
7320,50.175003,68.375001,0.000000,0.000000,0.000000,0
7330,50.175003,68.375001,0.000000,0.000000,0.000000,0
7340,50.175003,68.375001,0.000000,0.000000,0.000000,0
7350,49.950002,68.375001,0.000000,22.500086,180.000000,0
7360,49.837499,68.375001,0.000000,11.250257,180.000000,0
7370,49.837499,68.375001,0.000000,0.000000,0.000000,0
7380,49.612503,68.375001,0.000000,22.499657,180.000000,0
7390,49.612503,68.375001,0.000000,0.000000,0.000000,0
7400,49.612503,68.375001,0.000000,0.000000,0.000000,0
7410,49.387502,68.375001,0.000000,22.500086,180.000000,0
7420,49.387502,68.375001,0.000000,0.000000,0.000000,0
7430,49.274999,68.375001,0.000000,11.250257,180.000000,0
7440,49.274999,68.375001,0.000000,0.000000,0.000000,0
7450,49.274999,68.375001,0.000000,0.000000,0.000000,0
7460,49.274999,68.375001,0.000000,0.000000,0.000000,0
7470,49.274999,68.499999,0.000000,12.499809,90.000000,0
7480,49.162501,68.499999,0.000000,11.249828,180.000000,0
7490,49.162501,68.624997,0.000000,12.499809,90.000000,0
7500,49.162501,68.624997,0.000000,0.000000,0.000000,0
7510,49.162501,68.624997,0.000000,0.000000,0.000000,0
7520,49.050003,68.624997,0.000000,11.249828,180.000000,0
7530,49.050003,68.624997,0.153320,0.000000,0.000000,1
7540,49.050003,68.624997,0.153320,0.000000,0.000000,1
7550,49.050003,68.624997,0.153320,0.000000,0.000000,1
7560,49.050003,68.624997,0.153320,0.000000,0.000000,1
7570,49.050003,68.624997,0.153320,0.000000,0.000000,1
7580,49.050003,68.624997,0.153320,0.000000,0.000000,1
7590,49.050003,68.750000,0.530273,12.500286,90.000000,1
7600,49.050003,68.750000,0.530273,0.000000,0.000000,1
7610,49.050003,68.750000,0.530273,0.000000,0.000000,1
7620,49.162501,68.750000,0.613281,11.249828,0.000000,1
7630,49.274999,68.874998,0.619141,16.816773,48.012788,1
7640,49.500000,68.874998,0.656250,22.500086,0.000000,1
7650,49.612503,68.874998,0.682617,11.250257,0.000000,1
7660,49.837499,68.874998,0.700195,22.499657,0.000000,1
7670,50.062500,68.874998,0.739258,22.500086,0.000000,1
7680,50.512502,69.000001,0.762695,46.704096,15.524393,1
7690,50.737503,69.000001,0.778320,22.500086,0.000000,1
7700,51.075002,69.000001,0.786133,33.749914,0.000000,1
7710,51.637502,69.000001,0.800781,56.250000,0.000000,1
7720,51.637502,69.000001,0.800781,0.000000,0.000000,1
7730,52.200002,69.000001,0.816406,56.250000,0.000000,1
7740,52.425003,69.000001,0.816406,22.500086,0.000000,1
7750,52.762502,69.000001,0.826172,33.749914,0.000000,1
7760,52.987503,68.874998,0.830078,25.739289,-29.055068,1
7770,53.437500,68.624997,0.849609,51.477972,-29.054836,1
7780,53.662501,68.499999,0.849609,25.739058,-29.054140,1
7790,53.887502,68.375001,0.861328,25.739058,-29.054140,1
7800,54.112503,68.249998,0.863281,25.739289,-29.055068,1
7810,54.337499,68.125000,0.865234,25.738683,-29.054604,1
7820,54.899999,67.750001,0.869141,67.604034,-33.690000,1
7830,55.125000,67.624998,0.881836,25.739289,-29.055068,1
7840,55.687500,67.249999,0.881836,67.604034,-33.690000,1
7850,56.024999,66.999998,0.887695,42.000732,-36.529030,1
7860,56.700002,66.500001,0.887695,84.001525,-36.528594,1
7870,57.037501,66.250000,0.891602,42.000732,-36.529030,1
7880,57.375000,65.999999,0.891602,42.000732,-36.529030,1
7890,57.712499,65.749998,0.900391,42.000732,-36.529030,1
7900,58.050003,65.499997,0.900391,42.001077,-36.528681,1
7910,58.725001,64.874997,0.904297,91.991722,-42.797474,1
7920,59.062500,64.499998,0.904297,50.450962,-48.012788,1
7930,59.737503,63.874998,0.908203,91.992036,-42.797293,1
7940,60.187500,63.499999,0.910156,58.576614,-39.805661,1
7950,60.524999,63.125000,0.917969,50.450962,-48.012788,1
7960,61.312500,62.500000,0.917969,100.537685,-38.437271,1
7970,61.762502,62.125001,0.915039,58.576943,-39.805392,1
7980,62.100001,61.749997,0.915039,50.451316,-48.013150,1
7990,63.000000,60.999999,0.912109,117.153557,-39.805526,1
8000,63.450002,60.625000,0.912109,58.576943,-39.805392,1
8010,63.787501,60.250001,0.917969,50.450962,-48.012788,1
8020,64.687500,59.375000,0.917969,125.523907,-44.193129,1
8030,65.137502,59.000001,0.917969,58.576943,-39.805392,1
8040,65.587499,58.624997,0.920898,58.576919,-39.806019,1
8050,66.262502,57.750001,0.920898,110.510036,-52.352153,1
8060,66.712499,57.249999,0.920898,67.268090,-48.013059,1
8070,67.500000,56.374998,0.926758,117.719339,-48.012788,1
8080,67.837499,55.875001,0.926758,60.324357,-55.980566,1
8090,68.287501,55.499997,0.937500,58.577249,-39.805750,1
8100,68.625000,55.000000,0.937500,60.324357,-55.980566,1
8110,69.524999,54.124994,0.938477,125.524239,-44.193285,1
8120,69.975001,53.750000,0.938477,58.576638,-39.805034,1
8130,70.312500,53.249998,0.953125,60.324753,-55.980819,1
8140,71.325002,52.375002,0.953125,133.819956,-40.833323,1
8150,71.774999,51.875000,0.955078,67.268090,-48.013059,1
8160,72.787505,51.125002,0.962891,126.002601,-36.528623,1
8170,73.125000,50.749998,0.962891,50.451029,-48.013512,1
8180,73.575002,50.374994,0.962891,58.577249,-39.805750,1
8190,74.025003,50.124998,0.972656,51.478116,-29.054140,1
8200,74.924998,49.375000,0.972656,117.153227,-39.805661,1
8210,75.375000,49.124994,0.974609,51.478579,-29.055068,1
8220,75.825002,48.750000,0.979492,58.576638,-39.805034,1
8230,76.725005,48.249998,0.983398,102.956694,-29.054604,1
8240,77.287505,48.000002,0.983398,61.555206,-23.962165,1
8250,78.075002,47.500000,0.981445,93.281978,-32.412519,1
8260,78.075002,47.500000,0.981445,0.000000,0.000000,1
8270,78.975005,47.249994,0.981445,93.408192,-15.524393,1
8280,79.312500,47.124996,0.981445,35.989901,-20.323137,1
8290,79.762502,46.999998,0.981445,46.703969,-15.523829,1
8300,80.549998,46.750002,0.979492,82.622572,-17.612398,1
8310,80.775003,46.750002,0.980469,22.500515,0.000000,1
8320,81.337503,46.624994,0.980469,57.622318,-12.529548,1
8330,81.562500,46.624994,0.977539,22.499657,0.000000,1
8340,81.900003,46.624994,0.977539,33.750343,0.000000,1
8350,81.900003,46.624994,0.977539,0.000000,0.000000,1
8360,82.350005,46.624994,0.958984,45.000172,0.000000,1
8370,82.462503,46.624994,0.957031,11.249828,0.000000,1
8380,82.687500,46.750002,0.941406,25.739146,29.056460,1
8390,83.250000,47.375002,0.883789,84.085150,48.012788,1
8400,83.700002,48.125000,0.856445,87.464203,59.036083,1
8410,85.162505,50.625000,0.749023,289.636260,59.672307,1
8420,85.950002,52.124996,0.658203,169.414858,62.300570,1
8430,86.850005,53.999996,0.000000,207.981518,64.358909,0
8440,86.850005,53.999996,0.000000,0.000000,0.000000,0
8450,87.075002,56.624999,0.000000,263.462777,85.100987,0
8460,86.962503,58.499999,0.000000,187.837187,93.433578,0
8470,86.850005,59.499998,0.000000,100.630709,96.418696,0
8480,86.850005,60.374999,0.000000,87.500095,90.000000,0
8490,86.850005,62.249999,0.000000,187.500000,90.000000,0
8500,86.850005,63.249998,0.000000,99.999905,90.000000,0
8510,86.962503,64.124999,0.000000,88.220323,82.673712,0
8520,87.862498,65.875001,0.000000,196.786621,62.784047,0
8530,87.862498,65.875001,0.000000,0.000000,0.000000,0
8540,89.437500,67.500000,0.000000,226.301841,45.895126,0
8550,90.450002,69.000001,0.000000,180.974103,55.980622,0
8560,91.012502,69.874997,0.000000,104.020410,57.264660,0
8570,91.462503,70.749998,0.000000,98.393507,62.783825,0
8580,92.587503,72.624998,0.000000,218.660696,59.036243,0
8590,93.150003,73.624997,0.000000,114.734665,60.642223,0
8600,93.712503,74.625001,0.000000,114.735081,60.642340,0
8610,94.837503,76.999998,0.000000,262.797192,64.653797,0
8620,94.837503,76.999998,0.000000,0.000000,0.000000,0
8630,95.962503,79.499998,0.000000,274.146402,65.772255,0
8640,96.862498,81.875000,0.000000,253.980802,69.246053,0
8650,97.200002,83.125000,0.000000,129.476197,74.890278,0
8660,97.424998,84.375000,0.000000,127.008797,79.796179,0
8670,97.312500,86.999998,0.000000,262.740763,92.453996,0
8680,97.200002,88.249998,0.000000,125.505214,95.142687,0
8690,97.200002,89.499998,0.000000,125.000000,90.000000,0
8700,97.200002,91.999998,0.000000,250.000000,90.000000,0
8710,97.200002,91.999998,0.000000,0.000000,0.000000,0
8720,97.200002,93.249998,0.000000,125.000000,90.000000,0
8730,97.312500,95.750000,0.000000,250.253227,87.423470,0
8740,97.424998,97.000000,0.000000,125.505214,84.857313,0
8750,97.537505,99.124999,0.000000,212.797479,86.969336,0
8760,97.537505,100.249999,0.000000,112.499952,90.000000,0
8770,97.650003,102.124999,0.000000,187.837187,86.566422,0
8780,97.650003,102.874999,0.000000,75.000048,90.000000,0
8790,97.762502,103.499999,0.000000,63.504399,79.796179,0
8800,97.875000,104.375000,0.000000,88.220323,82.673712,0
8810,97.875000,104.375000,0.000000,0.000000,0.000000,0
8820,98.100005,104.124999,0.000000,33.634476,-48.012244,0
8830,98.100005,104.124999,0.000000,0.000000,0.000000,0
8840,98.100005,104.624999,0.000000,49.999952,90.000000,0
8850,98.100005,104.749999,0.000000,12.500048,90.000000,0
8860,98.100005,104.875000,0.000000,12.500048,90.000000,0
8870,97.987498,105.125000,0.000000,27.415009,114.228972,0
8880,97.650003,105.249999,0.000000,35.989901,159.676863,0
8890,97.537505,105.249999,0.000000,11.249828,180.000000,0
8900,97.537505,105.249999,0.000000,0.000000,0.000000,0
8910,97.424998,105.249999,0.000000,11.250687,180.000000,0
8920,97.424998,105.249999,0.000000,0.000000,0.000000,0
8930,97.200002,105.374999,0.000000,25.738798,150.944932,0
8940,97.200002,105.374999,0.000000,0.000000,0.000000,0
8950,97.200002,105.500000,0.000000,12.500048,90.000000,0
8960,97.200002,105.500000,0.000000,0.000000,0.000000,0
8970,97.087503,105.500000,0.000000,11.249828,180.000000,0
8980,97.087503,105.750000,0.000000,25.000095,90.000000,0
8990,97.087503,105.750000,0.000000,0.000000,0.000000,0
9000,97.087503,105.999999,0.000000,24.999857,90.000000,0
9010,96.975005,106.125000,0.000000,16.816951,131.986669,0
9020,96.975005,106.125000,0.000000,0.000000,0.000000,0
9030,96.862498,106.250000,0.000000,16.817525,131.988843,0
9040,96.862498,106.250000,0.000000,0.000000,0.000000,0
9050,96.862498,106.250000,0.000000,0.000000,0.000000,0
9060,96.525003,106.125000,0.000000,35.989984,-159.676507,0
9070,96.525003,105.999999,0.000000,12.500048,-90.000000,0
9080,96.525003,105.999999,0.000000,0.000000,0.000000,0
9090,96.299998,105.874999,0.000000,25.739549,-150.945860,0
9100,96.075002,105.625000,0.000000,33.633724,-131.986941,0
9110,95.962503,105.374999,0.000000,27.414657,-114.227336,0
9120,95.737498,105.000000,0.000000,43.732322,-120.964399,0
9130,95.625000,104.749999,0.000000,27.414657,-114.227336,0
9140,95.512502,104.500000,0.000000,27.414439,-114.227541,0
9150,95.287505,103.750000,0.000000,78.302246,-106.698994,0
9160,95.174998,103.374999,0.000000,39.151484,-106.700147,0
9170,95.174998,103.374999,0.000000,0.000000,0.000000,0
9180,95.174998,103.374999,0.000000,0.000000,0.000000,0
9190,94.837503,103.250000,0.000000,35.989901,-159.676863,0
9200,94.837503,103.125000,0.000000,12.500048,-90.000000,0
9210,94.500000,102.874999,0.000000,42.001077,-143.471319,0
9220,94.387502,102.749999,0.000000,16.816951,-131.986669,0
9230,94.162505,102.625000,0.000000,25.738683,-150.945396,0
9240,93.600005,102.375000,0.000000,61.555400,-156.037430,0
9250,93.262502,102.249999,0.000000,35.990789,-159.676982,0
9260,93.262502,102.000000,0.000000,24.999857,-90.000000,0
9270,93.150003,101.750000,0.000000,27.414657,-114.227336,0
9280,93.150003,101.624999,0.000000,12.500048,-90.000000,0
9290,92.924998,101.624999,0.000000,22.500515,180.000000,0
9300,92.700002,101.499999,0.000000,25.738798,-150.944932,0
9310,92.587503,101.499999,0.000000,11.249828,180.000000,0
9320,92.587503,101.375000,0.000000,12.499809,-90.000000,0
9330,92.475005,101.375000,0.000000,11.249828,180.000000,0
9340,92.362498,101.375000,0.000000,11.250687,180.000000,0
9350,92.362498,101.375000,0.000000,0.000000,0.000000,0
9360,92.362498,101.499999,0.000000,12.499809,90.000000,0
9370,92.362498,101.499999,0.000000,0.000000,0.000000,0
9380,92.362498,101.499999,0.000000,0.000000,0.000000,0
9390,92.362498,101.624999,0.000000,12.500048,90.000000,0
9400,92.362498,101.624999,0.000000,0.000000,0.000000,0
9410,92.362498,101.624999,0.000000,0.000000,0.000000,0
9420,92.475005,101.750000,0.000000,16.817525,48.011157,0
9430,92.475005,101.750000,0.000000,0.000000,0.000000,0
9440,92.475005,101.750000,0.000000,0.000000,0.000000,0
9450,92.475005,101.750000,0.000000,0.000000,0.000000,0
9460,92.587503,101.750000,0.000000,11.249828,0.000000,0
9470,92.587503,101.750000,0.000000,0.000000,0.000000,0
9480,92.587503,101.624999,0.000000,12.500048,-90.000000,0
9490,92.587503,101.499999,0.000000,12.500048,-90.000000,0
9500,92.475005,101.499999,0.000000,11.249828,180.000000,0
9510,92.475005,101.499999,0.000000,0.000000,0.000000,0
9520,92.250000,101.250000,0.000000,33.634298,-131.988028,0
9530,92.137502,101.125000,0.000000,16.816951,-131.986669,0
9540,92.025003,100.999999,0.000000,16.816951,-131.986669,0
9550,91.575002,100.374999,0.000000,77.014709,-125.753991,0
9560,91.350005,100.000000,0.000000,43.731881,-120.963435,0
9570,91.012502,99.624999,0.000000,50.451426,-131.987394,0
9580,90.562500,99.124999,0.000000,67.268200,-131.987348,0
9590,90.450002,98.875000,0.000000,27.414439,-114.227541,0
9600,90.225005,98.625000,0.000000,33.633901,-131.986669,0
9610,90.000000,98.250000,0.000000,43.732322,-120.964399,0
9620,89.775003,98.250000,0.000000,22.499657,180.000000,0
9630,89.662505,98.125000,0.000000,16.816951,-131.986669,0
9640,89.325002,98.000000,0.000000,35.990789,-159.676982,0
9650,89.212503,98.000000,0.000000,11.249828,180.000000,0
9660,88.987498,97.874999,0.000000,25.739549,-150.945860,0
9670,88.537505,97.625000,0.000000,51.477481,-150.945164,0
9680,88.312500,97.625000,0.000000,22.500515,180.000000,0
9690,88.200002,97.500000,0.000000,16.816951,-131.986669,0
9700,87.862498,97.249999,0.000000,42.001077,-143.471319,0
9710,87.750000,97.124999,0.000000,16.816951,-131.986669,0
9720,87.750000,97.124999,0.000000,0.000000,0.000000,0
9730,87.525003,97.000000,0.000000,25.738683,-150.945396,0
9740,87.412505,97.000000,0.000000,11.249828,180.000000,0
9750,87.187500,97.000000,0.000000,22.500515,180.000000,0
9760,86.850005,97.000000,0.000000,33.749485,180.000000,0
9770,86.850005,97.000000,0.000000,0.000000,0.000000,0
9780,86.850005,97.124999,0.000000,12.499809,90.000000,0
9790,86.737498,97.124999,0.000000,11.250687,180.000000,0
9800,86.625000,97.375000,0.000000,27.414657,114.227336,0
9810,86.625000,97.375000,0.000000,0.000000,0.000000,0
9820,86.625000,97.874999,0.000000,49.999952,90.000000,0
9830,86.625000,98.000000,0.000000,12.500048,90.000000,0
9840,86.625000,98.000000,0.000000,0.000000,0.000000,0
9850,86.737498,98.374999,0.000000,39.151009,73.300956,0
9860,86.850005,98.499999,0.000000,16.817525,48.011157,0
9870,86.962503,98.499999,0.000000,11.249828,0.000000,0
9880,86.962503,98.625000,0.000000,12.500048,90.000000,0
9890,87.075002,98.750000,0.000000,16.816951,48.013331,0
9900,87.075002,98.750000,0.000000,0.000000,0.000000,0
9910,87.075002,98.875000,0.000000,12.500048,90.000000,0
9920,87.075002,98.875000,0.000000,0.000000,0.000000,0
9930,87.075002,98.875000,0.000000,0.000000,0.000000,0
9940,87.075002,98.999999,0.000000,12.499809,90.000000,0
9950,87.075002,98.999999,0.000000,0.000000,0.000000,0
9960,87.075002,99.124999,0.000000,12.500048,90.000000,0
9970,87.075002,99.124999,0.000000,0.000000,0.000000,0
9980,87.187500,99.250000,0.000000,16.816951,48.013331,0
9990,87.187500,99.250000,0.000000,0.000000,0.000000,0
10000,87.187500,99.250000,0.000000,0.000000,0.000000,0
10010,87.187500,99.250000,0.000000,0.000000,0.000000,0
10020,87.187500,99.250000,0.000000,0.000000,0.000000,0
10030,87.412505,99.500000,0.000000,33.634476,48.012244,0
10040,87.525003,99.500000,0.000000,11.249828,0.000000,0
10050,87.525003,99.624999,0.000000,12.499809,90.000000,0
10060,87.637502,99.624999,0.000000,11.249828,0.000000,0
10070,87.637502,99.624999,0.000000,0.000000,0.000000,0
10080,87.750000,99.624999,0.000000,11.249828,0.000000,0
10090,87.750000,99.749999,0.000000,12.500048,90.000000,0
10100,87.750000,99.749999,0.000000,0.000000,0.000000,0
10110,87.750000,99.749999,0.000000,0.000000,0.000000,0
10120,87.975005,99.749999,0.000000,22.500515,0.000000,0
10130,87.975005,99.749999,0.000000,0.000000,0.000000,0
10140,87.975005,99.749999,0.000000,0.000000,0.000000,0
10150,87.975005,99.624999,0.000000,12.500048,-90.000000,0
10160,87.975005,99.624999,0.000000,0.000000,0.000000,0
10170,87.975005,99.624999,0.000000,0.000000,0.000000,0
10180,87.975005,99.624999,0.000000,0.000000,0.000000,0
10190,87.975005,99.624999,0.000000,0.000000,0.000000,0
10200,87.975005,99.624999,0.000000,0.000000,0.000000,0
10210,87.862498,99.624999,0.000000,11.250687,180.000000,0
10220,87.862498,99.624999,0.000000,0.000000,0.000000,0
10230,87.862498,99.624999,0.000000,0.000000,0.000000,0
10240,87.862498,99.624999,0.000000,0.000000,0.000000,0
10250,87.862498,99.624999,0.000000,0.000000,0.000000,0
10260,87.862498,99.624999,0.000000,0.000000,0.000000,0
10270,87.862498,99.624999,0.000000,0.000000,0.000000,0
10280,87.862498,99.624999,0.000000,0.000000,0.000000,0
10290,87.862498,99.624999,0.000000,0.000000,0.000000,0
10300,87.975005,99.624999,0.000000,11.250687,0.000000,0
10310,87.975005,99.624999,0.000000,0.000000,0.000000,0
10320,87.975005,99.624999,0.000000,0.000000,0.000000,0
10330,87.975005,99.624999,0.000000,0.000000,0.000000,0
10340,87.975005,99.624999,0.000000,0.000000,0.000000,0
10350,88.087503,99.500000,0.000000,16.816773,-48.012788,0
10360,88.087503,99.500000,0.000000,0.000000,0.000000,0
10370,88.087503,99.500000,0.000000,0.000000,0.000000,0
10380,88.087503,99.500000,0.000000,0.000000,0.000000,0
10390,88.087503,99.500000,0.000000,0.000000,0.000000,0
10400,88.087503,99.500000,0.000000,0.000000,0.000000,0
10410,88.087503,99.500000,0.000000,0.000000,0.000000,0
10420,88.087503,99.500000,0.000000,0.000000,0.000000,0
10430,88.200002,99.500000,0.000000,11.249828,0.000000,0
10440,88.200002,99.500000,0.000000,0.000000,0.000000,0
10450,88.200002,99.500000,0.000000,0.000000,0.000000,0
10460,88.200002,99.500000,0.000000,0.000000,0.000000,0
10470,88.200002,99.500000,0.000000,0.000000,0.000000,0
10480,88.200002,99.500000,0.000000,0.000000,0.000000,0
10490,88.200002,99.500000,0.000000,0.000000,0.000000,0
10500,88.312500,99.500000,0.000000,11.249828,0.000000,0
10510,88.312500,99.500000,0.000000,0.000000,0.000000,0
10520,88.312500,99.500000,0.000000,0.000000,0.000000,0
10530,88.312500,99.500000,0.000000,0.000000,0.000000,0
10540,88.312500,99.500000,0.000000,0.000000,0.000000,0
10550,88.312500,99.500000,0.000000,0.000000,0.000000,0
10560,88.312500,99.500000,0.000000,0.000000,0.000000,0
10570,88.312500,99.500000,0.000000,0.000000,0.000000,0
10580,88.312500,99.624999,0.000000,12.499809,90.000000,0
10590,88.312500,99.624999,0.000000,0.000000,0.000000,0
10600,88.312500,99.624999,0.000000,0.000000,0.000000,0
10610,88.312500,99.624999,0.000000,0.000000,0.000000,0
10620,88.312500,99.624999,0.000000,0.000000,0.000000,0
10630,88.312500,99.624999,0.000000,0.000000,0.000000,0
10640,88.312500,99.624999,0.000000,0.000000,0.000000,0
10650,88.312500,99.624999,0.000000,0.000000,0.000000,0
10660,88.312500,99.624999,0.000000,0.000000,0.000000,0
10670,88.537505,99.624999,0.000000,22.500515,0.000000,0
10680,88.537505,99.624999,0.000000,0.000000,0.000000,0
10690,88.537505,99.624999,0.000000,0.000000,0.000000,0
10700,88.537505,99.624999,0.000000,0.000000,0.000000,0
10710,88.537505,99.624999,0.000000,0.000000,0.000000,0
10720,88.537505,99.624999,0.000000,0.000000,0.000000,0
10730,88.537505,99.624999,0.000000,0.000000,0.000000,0
10740,88.537505,99.624999,0.000000,0.000000,0.000000,0
10750,88.537505,99.500000,0.000000,12.499809,-90.000000,0
10760,88.537505,99.500000,0.000000,0.000000,0.000000,0
10770,88.537505,99.500000,0.000000,0.000000,0.000000,0
10780,88.537505,99.375000,0.000000,12.500048,-90.000000,0
10790,88.537505,99.375000,0.000000,0.000000,0.000000,0
10800,88.537505,99.375000,0.000000,0.000000,0.000000,0
10810,88.537505,99.375000,0.000000,0.000000,0.000000,0
10820,88.537505,99.375000,0.000000,0.000000,0.000000,0
10830,88.537505,99.375000,0.000000,0.000000,0.000000,0
10840,88.537505,99.375000,0.000000,0.000000,0.000000,0
10850,88.537505,99.375000,0.000000,0.000000,0.000000,0
10860,88.537505,99.375000,0.000000,0.000000,0.000000,0
10870,88.537505,99.375000,0.000000,0.000000,0.000000,0
10880,88.537505,99.375000,0.000000,0.000000,0.000000,0
10890,88.537505,99.375000,0.000000,0.000000,0.000000,0
10900,88.537505,99.375000,0.000000,0.000000,0.000000,0
10910,88.537505,99.375000,0.000000,0.000000,0.000000,0
10920,88.537505,99.375000,0.000000,0.000000,0.000000,0
10930,88.537505,99.375000,0.000000,0.000000,0.000000,0
10940,88.537505,99.375000,0.000000,0.000000,0.000000,0
10950,88.537505,99.375000,0.000000,0.000000,0.000000,0
10960,88.537505,99.375000,0.000000,0.000000,0.000000,0
10970,88.537505,99.375000,0.000000,0.000000,0.000000,0
10980,88.537505,99.375000,0.000000,0.000000,0.000000,0
10990,88.537505,99.375000,0.000000,0.000000,0.000000,0
11000,88.650003,99.250000,0.000000,16.816951,-48.013331,0
11010,88.650003,99.250000,0.000000,0.000000,0.000000,0
11020,88.762502,99.375000,0.000000,16.816951,48.013331,0
11030,88.762502,99.375000,0.000000,0.000000,0.000000,0
11040,88.762502,99.375000,0.000000,0.000000,0.000000,0
11050,88.875000,99.500000,0.000000,16.816951,48.013331,0
11060,88.875000,99.500000,0.000000,0.000000,0.000000,0
11070,88.987498,99.624999,0.000000,16.816773,48.012788,0
11080,89.100005,99.624999,0.000000,11.250687,0.000000,0
11090,89.100005,99.749999,0.000000,12.500048,90.000000,0
11100,89.212503,99.749999,0.000000,11.249828,0.000000,0
11110,89.325002,99.875000,0.000000,16.816951,48.013331,0
11120,89.325002,99.875000,0.000000,0.000000,0.000000,0
11130,89.437500,100.000000,0.000000,16.816951,48.013331,0
11140,89.549998,100.249999,0.000000,27.414439,65.772459,0
11150,89.662505,100.374999,0.000000,16.817525,48.011157,0
11160,89.887502,100.625000,0.000000,33.633901,48.013331,0
11170,90.337503,101.125000,0.000000,67.268200,48.012652,0
11180,90.562500,101.375000,0.000000,33.633901,48.013331,0
11190,90.787505,101.624999,0.000000,33.634298,48.011972,0
11200,91.012502,101.875000,0.000000,33.633901,48.013331,0
11210,91.012502,102.124999,0.000000,24.999857,90.000000,0
11220,91.125000,102.375000,0.000000,27.414657,65.772664,0
11230,91.350005,102.625000,0.000000,33.634476,48.012244,0
11240,91.687500,103.125000,0.000000,60.324315,55.981030,0
11250,91.912505,103.374999,0.000000,33.634298,48.011972,0
11260,92.587503,103.750000,0.000000,77.217145,29.054759,0
11270,92.924998,103.999999,0.000000,42.000245,36.529117,0
11280,93.150003,104.375000,0.000000,43.732527,59.035761,0
11290,93.487498,104.875000,0.000000,60.324315,55.981030,0
11300,93.487498,105.125000,0.000000,25.000095,90.000000,0
11310,93.487498,105.374999,0.000000,24.999857,90.000000,0
11320,93.600005,105.999999,0.000000,63.504551,79.795417,0
11330,93.600005,106.250000,0.000000,25.000095,90.000000,0
11340,93.825002,106.624999,0.000000,43.731881,59.036565,0
11350,93.937500,107.375000,0.000000,75.839078,81.469368,0
11360,93.937500,107.749999,0.000000,37.499905,90.000000,0
11370,94.049998,108.125000,0.000000,39.151237,73.301057,0
11380,94.049998,108.750000,0.000000,62.500000,90.000000,0
11390,94.049998,109.124999,0.000000,37.499905,90.000000,0
11400,94.049998,109.124999,0.000000,0.000000,0.000000,0
11410,93.825002,109.624999,0.000000,54.829096,114.227439,0
11420,93.600005,109.624999,0.000000,22.499657,180.000000,0
11430,93.037505,109.749999,0.000000,57.622163,167.471146,0
11440,92.924998,109.749999,0.000000,11.250687,180.000000,0
11450,92.700002,109.875000,0.000000,25.738798,150.944932,0
11460,92.362498,110.000000,0.000000,35.990789,159.676982,0
11470,92.250000,110.125000,0.000000,16.816951,131.986669,0
11480,92.137502,110.125000,0.000000,11.249828,180.000000,0
11490,92.137502,110.125000,0.000000,0.000000,0.000000,0
11500,91.912505,110.125000,0.000000,22.499657,180.000000,0
11510,91.799998,110.125000,0.000000,11.250687,180.000000,0
11520,91.799998,110.000000,0.000000,12.500048,-90.000000,0
11530,91.799998,109.500000,0.000000,49.999952,-90.000000,0
11540,91.799998,109.375000,0.000000,12.500048,-90.000000,0
11550,91.912505,109.375000,0.000000,11.250687,0.000000,0
11560,92.250000,109.124999,0.000000,42.000387,-36.529378,0
11570,92.250000,109.124999,0.000000,0.000000,0.000000,0
11580,92.587503,108.999999,0.000000,35.990789,-20.323018,0
11590,93.037505,108.750000,0.000000,51.478231,-29.054372,0
11600,93.150003,108.625000,0.000000,16.816951,-48.013331,0
11610,93.375000,108.499999,0.000000,25.738798,-29.055068,0
11620,93.600005,108.125000,0.000000,43.732322,-59.035601,0
11630,93.712503,107.874999,0.000000,27.414657,-65.772664,0
11640,93.825002,107.625000,0.000000,27.414439,-65.772459,0
11650,93.937500,107.375000,0.000000,27.414657,-65.772664,0
11660,93.937500,107.375000,0.000000,0.000000,0.000000,0
11670,94.162505,107.249999,0.000000,25.739549,-29.054140,0
11680,94.387502,107.249999,0.000000,22.499657,0.000000,0
11690,94.500000,107.249999,0.000000,11.249828,0.000000,0
11700,94.500000,107.249999,0.000000,0.000000,0.000000,0
11710,94.725005,107.249999,0.000000,22.500515,0.000000,0
11720,94.837503,107.375000,0.000000,16.816951,48.013331,0
11730,95.062500,107.500000,0.000000,25.738798,29.055068,0
11740,95.062500,107.625000,0.000000,12.500048,90.000000,0
11750,95.174998,107.874999,0.000000,27.414439,65.772459,0
11760,95.287505,108.000000,0.000000,16.817525,48.011157,0
11770,95.400003,108.250000,0.000000,27.414657,65.772664,0
11780,95.400003,108.625000,0.000000,37.499905,90.000000,0
11790,95.512502,108.750000,0.000000,16.816951,48.013331,0
11800,95.512502,108.875000,0.000000,12.500048,90.000000,0
11810,95.512502,108.999999,0.000000,12.499809,90.000000,0
11820,95.625000,109.124999,0.000000,16.816951,48.013331,0
11830,95.625000,109.124999,0.000000,0.000000,0.000000,0
11840,95.625000,108.999999,0.000000,12.500048,-90.000000,0
11850,95.625000,108.999999,0.000000,0.000000,0.000000,0
11860,95.625000,108.999999,0.000000,0.000000,0.000000,0
11870,95.625000,108.875000,0.000000,12.499809,-90.000000,0
11880,95.625000,108.875000,0.000000,0.000000,0.000000,0
11890,95.625000,108.750000,0.000000,12.500048,-90.000000,0
11900,95.625000,108.750000,0.000000,0.000000,0.000000,0
11910,95.625000,108.750000,0.000000,0.000000,0.000000,0
11920,95.625000,108.750000,0.000000,0.000000,0.000000,0
11930,95.737498,108.499999,0.000000,27.414657,-65.772664,0
11940,95.737498,108.374999,0.000000,12.500048,-90.000000,0
11950,95.737498,108.374999,0.000000,0.000000,0.000000,0
11960,95.737498,108.374999,0.000000,0.000000,0.000000,0
11970,95.850005,108.250000,0.000000,16.817348,-48.010614,0
11980,95.850005,108.250000,0.000000,0.000000,0.000000,0
11990,95.850005,108.250000,0.000000,0.000000,0.000000,0
12000,95.850005,108.250000,0.000000,0.000000,0.000000,0
12010,95.850005,108.250000,0.000000,0.000000,0.000000,0
12020,95.962503,108.374999,0.000000,16.816773,48.012788,0
12030,95.962503,108.374999,0.000000,0.000000,0.000000,0
12040,95.962503,108.374999,0.000000,0.000000,0.000000,0
12050,95.962503,108.374999,0.000000,0.000000,0.000000,0
12060,95.962503,108.374999,0.000000,0.000000,0.000000,0
12070,95.962503,108.374999,0.000000,0.000000,0.000000,0
12080,95.962503,108.374999,0.000000,0.000000,0.000000,0
12090,95.962503,108.374999,0.000000,0.000000,0.000000,0
12100,95.962503,108.374999,0.000000,0.000000,0.000000,0
12110,95.962503,108.374999,0.000000,0.000000,0.000000,0
12120,95.962503,108.374999,0.000000,0.000000,0.000000,0
12130,95.962503,108.374999,0.000000,0.000000,0.000000,0
12140,95.962503,108.374999,0.000000,0.000000,0.000000,0
12150,95.962503,108.374999,0.000000,0.000000,0.000000,0
12160,95.962503,108.499999,0.000000,12.500048,90.000000,0
12170,95.962503,108.499999,0.000000,0.000000,0.000000,0
12180,95.962503,108.499999,0.000000,0.000000,0.000000,0
12190,95.962503,108.499999,0.000000,0.000000,0.000000,0
12200,96.075002,108.499999,0.000000,11.249828,0.000000,0
12210,96.075002,108.625000,0.000000,12.500048,90.000000,0
12220,96.075002,108.625000,0.000000,0.000000,0.000000,0
12230,96.075002,108.625000,0.000000,0.000000,0.000000,0
12240,96.075002,108.625000,0.000000,0.000000,0.000000,0
12250,96.075002,108.625000,0.000000,0.000000,0.000000,0
12260,96.075002,108.625000,0.000000,0.000000,0.000000,0
12270,96.075002,108.625000,0.000000,0.000000,0.000000,0
12280,96.075002,108.625000,0.000000,0.000000,0.000000,0
12290,96.075002,108.625000,0.000000,0.000000,0.000000,0
12300,96.075002,108.625000,0.000000,0.000000,0.000000,0
12310,96.075002,108.625000,0.000000,0.000000,0.000000,0
12320,95.962503,108.625000,0.000000,11.249828,180.000000,0
12330,95.962503,108.625000,0.000000,0.000000,0.000000,0
12340,95.850005,108.625000,0.000000,11.249828,180.000000,0
12350,95.850005,108.625000,0.000000,0.000000,0.000000,0
12360,95.737498,108.625000,0.000000,11.250687,180.000000,0
12370,95.737498,108.625000,0.000000,0.000000,0.000000,0
12380,95.737498,108.625000,0.000000,0.000000,0.000000,0
12390,95.737498,108.625000,0.000000,0.000000,0.000000,0
12400,95.737498,108.625000,0.000000,0.000000,0.000000,0
12410,95.737498,108.625000,0.000000,0.000000,0.000000,0
12420,95.625000,108.499999,0.000000,16.816951,-131.986669,0
12430,95.625000,108.499999,0.000000,0.000000,0.000000,0
12440,95.625000,108.499999,0.000000,0.000000,0.000000,0
12450,95.625000,108.499999,0.000000,0.000000,0.000000,0
12460,95.625000,108.499999,0.000000,0.000000,0.000000,0
12470,95.625000,108.499999,0.000000,0.000000,0.000000,0
12480,95.625000,108.499999,0.000000,0.000000,0.000000,0
12490,95.625000,108.499999,0.000000,0.000000,0.000000,0
12500,95.850005,108.499999,0.000000,22.500515,0.000000,0
12510,95.962503,108.499999,0.000000,11.249828,0.000000,0
12520,95.962503,108.499999,0.000000,0.000000,0.000000,0
12530,96.075002,108.499999,0.000000,11.249828,0.000000,0
12540,96.187500,108.625000,0.000000,16.816951,48.013331,0
12550,96.187500,108.625000,0.000000,0.000000,0.000000,0
12560,96.187500,108.625000,0.000000,0.000000,0.000000,0
12570,96.412505,108.750000,0.000000,25.739549,29.054140,0
12580,96.412505,108.750000,0.000000,0.000000,0.000000,0
12590,96.412505,108.750000,0.000000,0.000000,0.000000,0
12600,96.525003,108.875000,0.000000,16.816951,48.013331,0
12610,96.525003,108.999999,0.000000,12.499809,90.000000,0
12620,96.637502,108.999999,0.000000,11.249828,0.000000,0
12630,96.637502,109.124999,0.000000,12.500048,90.000000,0
12640,96.750000,109.250000,0.000000,16.816951,48.013331,0
12650,96.750000,109.250000,0.000000,0.000000,0.000000,0
12660,96.750000,109.250000,0.000000,0.000000,0.000000,0
12670,96.862498,109.500000,0.000000,27.414657,65.772664,0
12680,96.975005,109.500000,0.000000,11.250687,0.000000,0
12690,96.975005,109.624999,0.000000,12.499809,90.000000,0
12700,97.087503,109.624999,0.000000,11.249828,0.000000,0
12710,97.087503,109.749999,0.000000,12.500048,90.000000,0
12720,97.087503,109.749999,0.000000,0.000000,0.000000,0
12730,97.087503,109.749999,0.000000,0.000000,0.000000,0
12740,97.200002,109.875000,0.000000,16.816951,48.013331,0
12750,97.200002,109.875000,0.000000,0.000000,0.000000,0
12760,97.312500,109.875000,0.000000,11.249828,0.000000,0
12770,97.312500,109.875000,0.000000,0.000000,0.000000,0
12780,97.312500,109.875000,0.000000,0.000000,0.000000,0
12790,97.537505,110.000000,0.000000,25.739549,29.054140,0
12800,97.650003,110.000000,0.000000,11.249828,0.000000,0
12810,97.650003,110.000000,0.000000,0.000000,0.000000,0
12820,97.875000,110.125000,0.000000,25.738798,29.055068,0
12830,97.875000,110.125000,0.216797,0.000000,0.000000,1
12840,97.875000,110.125000,0.216797,0.000000,0.000000,1
12850,97.875000,110.125000,0.216797,0.000000,0.000000,1
12860,97.875000,110.125000,0.216797,0.000000,0.000000,1
12870,97.875000,110.125000,0.216797,0.000000,0.000000,1
12880,97.875000,110.125000,0.216797,0.000000,0.000000,1
12890,97.875000,110.125000,0.216797,0.000000,0.000000,1
12900,97.987498,110.249999,0.550781,16.816773,48.012788,1
12910,97.987498,110.249999,0.550781,0.000000,0.000000,1
12920,97.987498,110.374999,0.640625,12.500048,90.000000,1
12930,97.987498,110.374999,0.640625,0.000000,0.000000,1
12940,97.875000,110.500000,0.640625,16.816951,131.986669,1
12950,97.875000,110.625000,0.657227,12.500048,90.000000,1
12960,97.875000,110.625000,0.657227,0.000000,0.000000,1
12970,97.762502,110.750000,0.666016,16.816951,131.986669,1
12980,97.650003,110.750000,0.669922,11.249828,180.000000,1
12990,97.537505,110.750000,0.698242,11.249828,180.000000,1
13000,97.312500,110.750000,0.700195,22.500515,180.000000,1
13010,97.087503,110.625000,0.705078,25.738798,-150.944932,1
13020,96.525003,110.249999,0.702148,67.604166,-146.309832,1
13030,96.187500,110.000000,0.701172,42.000935,-143.471580,1
13040,95.850005,109.749999,0.702148,42.000387,-143.470622,1
13050,95.287505,109.250000,0.706055,75.259934,-138.366488,1
13060,94.950002,108.999999,0.706055,42.001077,-143.471319,1
13070,94.612498,108.750000,0.707031,42.000935,-143.471580,1
13080,94.387502,108.499999,0.707031,33.633901,-131.986669,1
13090,93.825002,107.749999,0.709961,93.750038,-126.869880,1
13100,93.487498,107.249999,0.713867,60.324795,-124.019646,1
13110,92.924998,106.375000,0.722656,104.020611,-122.735269,1
13120,92.700002,106.125000,0.722656,33.633901,-131.986669,1
13130,92.362498,105.750000,0.747070,50.451249,-131.987575,1
13140,91.912505,105.125000,0.755859,77.014208,-125.753473,1
13150,91.912505,105.125000,0.755859,0.000000,0.000000,1
13160,91.237498,104.124999,0.783203,120.649788,-124.019582,1
13170,91.237498,104.124999,0.783203,0.000000,0.000000,1
13180,90.787505,103.374999,0.783203,87.463966,-120.963355,1
13190,90.450002,103.000000,0.786133,50.451249,-131.987575,1
13200,90.225005,102.625000,0.788086,43.731881,-120.963435,1
13210,89.549998,101.875000,0.791016,100.902675,-131.987484,1
13220,89.325002,101.499999,0.791992,43.732085,-120.963274,1
13230,88.650003,100.750000,0.792969,100.901924,-131.987212,1
13240,88.650003,100.750000,0.792969,0.000000,0.000000,1
13250,87.412505,99.500000,0.792969,175.894912,-134.712044,1
13260,87.412505,99.500000,0.792969,0.000000,0.000000,1
13270,86.512502,98.750000,0.792969,117.154039,-140.194518,1
13280,86.174998,98.250000,0.792969,60.324795,-124.019646,1
13290,85.725005,98.000000,0.779297,51.477597,-150.944932,1
13300,84.600005,97.249999,0.738281,135.208199,-146.309916,1
13310,83.812500,96.750000,0.699219,93.282575,-147.587888,1
13320,81.900003,95.874999,0.195313,210.315710,-155.415069,1
13330,81.900003,95.874999,0.000000,0.000000,0.000000,0
13340,81.225005,95.500000,0.000000,77.217030,-150.945396,0
13350,81.000000,95.500000,0.000000,22.500515,180.000000,0
13360,80.775003,95.374999,0.000000,25.738798,-150.944932,0
13370,80.549998,95.374999,0.000000,22.500515,180.000000,0
13380,80.549998,95.374999,0.000000,0.000000,0.000000,0
13390,80.437500,95.249999,0.000000,16.816951,-131.986669,0
13400,80.437500,95.249999,0.000000,0.000000,0.000000,0
13410,80.437500,95.249999,0.000000,0.000000,0.000000,0
13420,80.437500,95.249999,0.000000,0.000000,0.000000,0
13430,81.112498,95.249999,0.000000,67.499828,0.000000,0
13440,81.674998,95.249999,0.000000,56.250000,0.000000,0
13450,82.237498,95.374999,0.000000,57.622163,12.528854,0
13460,82.799998,95.500000,0.000000,57.622163,12.528854,0
13470,83.137502,95.500000,0.000000,33.750343,0.000000,0
13480,83.362498,95.500000,0.000000,22.499657,0.000000,0
13490,83.700002,95.249999,0.000000,42.001077,-36.528681,0
13500,83.812500,95.249999,0.000000,11.249828,0.000000,0
13510,83.812500,95.000000,0.000000,24.999857,-90.000000,0
13520,83.812500,95.000000,0.000000,0.000000,0.000000,0
13530,83.812500,95.000000,0.000000,0.000000,0.000000,0
13540,83.812500,95.000000,0.000000,0.000000,0.000000,0
13550,83.700002,94.749999,0.000000,27.414657,-114.227336,0
13560,83.587503,94.625001,0.000000,16.816773,-131.987212,0
13570,83.475005,94.625001,0.000000,11.249828,180.000000,0
13580,83.137502,94.499998,0.000000,35.990871,-159.676626,0
13590,83.025003,94.499998,0.000000,11.249828,180.000000,0
13600,82.912505,94.499998,0.000000,11.249828,180.000000,0
13610,82.799998,94.499998,0.000000,11.250687,180.000000,0
13620,82.799998,94.499998,0.000000,0.000000,0.000000,0
13630,82.799998,94.499998,0.000000,0.000000,0.000000,0
13640,82.575002,94.625001,0.000000,25.738914,150.944468,0
13650,82.575002,94.625001,0.000000,0.000000,0.000000,0
13660,82.575002,94.874997,0.000000,24.999619,90.000000,0
13670,82.687500,95.000000,0.000000,16.817128,48.013874,0
13680,82.799998,95.125000,0.000000,16.816951,48.013331,0
13690,82.799998,95.125000,0.000000,0.000000,0.000000,0
13700,82.912505,95.249999,0.000000,16.817348,48.010614,0
13710,82.912505,95.249999,0.000000,0.000000,0.000000,0
13720,83.025003,95.249999,0.000000,11.249828,0.000000,0
13730,83.025003,95.249999,0.000000,0.000000,0.000000,0
13740,83.025003,95.125000,0.000000,12.499809,-90.000000,0
13750,83.025003,95.000000,0.000000,12.500048,-90.000000,0
13760,83.025003,95.000000,0.000000,0.000000,0.000000,0
13770,83.137502,94.625001,0.000000,39.151009,-73.300956,0
13780,83.137502,94.499998,0.000000,12.500286,-90.000000,0
13790,83.137502,94.375000,0.000000,12.499809,-90.000000,0
13800,83.362498,94.124999,0.000000,33.633901,-48.013331,0
13810,83.362498,94.000001,0.000000,12.499809,-90.000000,0
13820,83.587503,93.750000,0.000000,33.634476,-48.012244,0
13830,83.700002,93.750000,0.000000,11.249828,0.000000,0
13840,83.700002,93.750000,0.000000,0.000000,0.000000,0
13850,83.812500,93.499999,0.000000,27.414657,-65.772664,0
13860,83.924998,93.249998,0.000000,27.414657,-65.772664,0
13870,83.924998,93.249998,0.000000,0.000000,0.000000,0
13880,83.924998,93.125000,0.000000,12.499809,-90.000000,0
13890,83.924998,93.125000,0.000000,0.000000,0.000000,0
13900,83.924998,93.125000,0.000000,0.000000,0.000000,0
13910,83.924998,93.125000,0.000000,0.000000,0.000000,0
13920,83.924998,93.125000,0.000000,0.000000,0.000000,0
13930,83.812500,93.249998,0.000000,16.816773,131.987212,0
13940,83.700002,93.375001,0.000000,16.817128,131.986126,0
13950,83.700002,93.375001,0.000000,0.000000,0.000000,0
13960,83.700002,93.499999,0.000000,12.499809,90.000000,0
13970,83.700002,93.499999,0.000000,0.000000,0.000000,0
13980,83.587503,93.624997,0.000000,16.816773,131.987212,0
13990,83.587503,93.624997,0.000000,0.000000,0.000000,0
14000,83.587503,93.624997,0.000000,0.000000,0.000000,0
14010,83.587503,93.624997,0.000000,0.000000,0.000000,0
14020,83.587503,93.624997,0.000000,0.000000,0.000000,0
14030,83.587503,93.624997,0.000000,0.000000,0.000000,0
14040,83.587503,93.624997,0.000000,0.000000,0.000000,0
14050,83.700002,93.624997,0.000000,11.249828,0.000000,0
14060,83.700002,93.624997,0.000000,0.000000,0.000000,0
14070,83.924998,93.375001,0.000000,33.633547,-48.012788,0
14080,83.924998,93.249998,0.000000,12.500286,-90.000000,0
14090,83.924998,93.125000,0.000000,12.499809,-90.000000,0
14100,84.037505,92.874999,0.000000,27.415009,-65.771028,0
14110,84.037505,92.750001,0.000000,12.499809,-90.000000,0
14120,84.037505,92.624998,0.000000,12.500286,-90.000000,0
14130,84.150003,92.500000,0.000000,16.816773,-48.012788,0
14140,84.150003,92.500000,0.000000,0.000000,0.000000,0
14150,84.150003,92.500000,0.000000,0.000000,0.000000,0
14160,84.262502,92.374997,0.000000,16.817128,-48.013874,0
14170,84.262502,92.374997,0.000000,0.000000,0.000000,0
14180,84.375000,92.500000,0.000000,16.817128,48.013874,0
14190,84.375000,92.624998,0.000000,12.499809,90.000000,0
14200,84.487498,92.874999,0.000000,27.414657,65.772664,0
14210,84.487498,92.999997,0.000000,12.499809,90.000000,0
14220,84.487498,92.999997,0.000000,0.000000,0.000000,0
14230,84.487498,93.249998,0.000000,25.000095,90.000000,0
14240,84.487498,93.249998,0.000000,0.000000,0.000000,0
14250,84.487498,93.375001,0.000000,12.500286,90.000000,0
14260,84.487498,93.499999,0.000000,12.499809,90.000000,0
14270,84.487498,93.499999,0.000000,0.000000,0.000000,0
14280,84.487498,93.624997,0.000000,12.499809,90.000000,0
14290,84.487498,93.624997,0.000000,0.000000,0.000000,0
14300,84.487498,93.624997,0.000000,0.000000,0.000000,0
14310,84.375000,93.874998,0.000000,27.414657,114.227336,0
14320,84.375000,94.000001,0.000000,12.500286,90.000000,0
14330,84.262502,94.000001,0.000000,11.249828,180.000000,0
14340,84.262502,94.124999,0.000000,12.499809,90.000000,0
14350,84.150003,94.249997,0.000000,16.816773,131.987212,0
14360,84.150003,94.249997,0.000000,0.000000,0.000000,0
14370,84.150003,94.249997,0.000000,0.000000,0.000000,0
14380,84.150003,94.249997,0.000000,0.000000,0.000000,0
14390,84.150003,94.249997,0.000000,0.000000,0.000000,0
14400,84.037505,94.375000,0.000000,16.817128,131.986126,0
14410,84.037505,94.375000,0.000000,0.000000,0.000000,0
14420,83.924998,94.375000,0.000000,11.250687,180.000000,0
14430,83.924998,94.375000,0.000000,0.000000,0.000000,0
14440,83.924998,94.375000,0.000000,0.000000,0.000000,0
14450,83.924998,94.375000,0.000000,0.000000,0.000000,0
14460,83.700002,94.249997,0.000000,25.738914,-150.944468,0
14470,83.700002,94.249997,0.000000,0.000000,0.000000,0
14480,83.587503,94.249997,0.000000,11.249828,180.000000,0
14490,83.587503,94.124999,0.000000,12.499809,-90.000000,0
14500,83.587503,94.124999,0.000000,0.000000,0.000000,0
14510,83.587503,94.124999,0.000000,0.000000,0.000000,0
14520,83.587503,94.124999,0.000000,0.000000,0.000000,0
14530,83.587503,94.124999,0.000000,0.000000,0.000000,0
14540,83.587503,94.124999,0.000000,0.000000,0.000000,0
14550,83.587503,94.124999,0.000000,0.000000,0.000000,0
14560,83.587503,94.249997,0.000000,12.499809,90.000000,0
14570,83.587503,94.249997,0.000000,0.000000,0.000000,0
14580,83.587503,94.249997,0.000000,0.000000,0.000000,0
14590,83.475005,94.249997,0.000000,11.249828,180.000000,0
14600,83.475005,94.249997,0.000000,0.000000,0.000000,0
14610,83.362498,94.375000,0.000000,16.817702,131.988299,0
14620,83.362498,94.375000,0.000000,0.000000,0.000000,0
14630,83.250000,94.499998,0.000000,16.816773,131.987212,0
14640,83.250000,94.499998,0.000000,0.000000,0.000000,0
14650,83.137502,94.499998,0.000000,11.249828,180.000000,0
14660,83.137502,94.625001,0.000000,12.500286,90.000000,0
14670,83.025003,94.625001,0.194336,11.249828,180.000000,1
14680,83.025003,94.625001,0.194336,0.000000,0.000000,1
14690,83.025003,94.625001,0.194336,0.000000,0.000000,1
14700,83.025003,94.625001,0.194336,0.000000,0.000000,1
14710,83.025003,94.625001,0.194336,0.000000,0.000000,1
14720,83.025003,94.625001,0.194336,0.000000,0.000000,1
14730,82.912505,94.625001,0.551758,11.249828,180.000000,1
14740,82.912505,94.625001,0.551758,0.000000,0.000000,1
14750,82.912505,94.625001,0.551758,0.000000,0.000000,1
14760,82.912505,94.499998,0.611328,12.500286,-90.000000,1
14770,82.912505,94.375000,0.620117,12.499809,-90.000000,1
14780,82.912505,94.124999,0.620117,25.000095,-90.000000,1
14790,83.025003,93.874998,0.626953,27.414657,-65.772664,1
14800,83.250000,93.375001,0.653320,54.828879,-65.772459,1
14810,83.362498,93.125000,0.666992,27.414657,-65.772664,1
14820,83.475005,92.874999,0.666992,27.415009,-65.771028,1
14830,83.700002,92.249999,0.710938,66.426535,-70.201402,1
14840,83.812500,91.875000,0.718750,39.151009,-73.300956,1
14850,83.924998,91.500001,0.734375,39.151009,-73.300956,1
14860,84.150003,90.374999,0.755859,114.728227,-78.689834,1
14870,84.262502,89.499998,0.764648,88.220323,-82.673712,1
14880,84.375000,88.624997,0.765625,88.220323,-82.673712,1
14890,84.487498,86.875000,0.802734,175.360938,-86.321811,1
14900,84.600005,85.999999,0.806641,88.220432,-82.673159,1
14910,84.712503,84.249997,0.823242,175.361414,-86.321821,1
14920,84.712503,83.375001,0.835938,87.499619,-90.000000,1
14930,84.712503,82.500000,0.835938,87.500095,-90.000000,1
14940,84.712503,81.500001,0.842773,99.999905,-90.000000,1
14950,84.600005,80.499997,0.856445,100.631183,-96.418665,1
14960,84.487498,78.249998,0.856445,225.281013,-92.862581,1
14970,84.375000,77.125001,0.866211,113.060799,-95.710521,1
14980,84.037505,74.874997,0.871094,227.517471,-98.530623,1
14990,83.812500,73.874998,0.871094,102.500020,-102.680676,1
15000,83.475005,71.875000,0.873047,202.827393,-99.578288,1
15010,83.475005,71.875000,0.873047,0.000000,0.000000,1
15020,83.137502,70.124998,0.871094,178.225005,-100.915979,1
15030,82.912505,69.249997,0.871094,90.346562,-104.420547,1
15040,82.799998,68.499999,0.871094,75.838970,-98.531300,1
15050,82.462503,66.999998,0.867188,153.749980,-102.680188,1
15060,82.462503,66.500001,0.867188,49.999714,-90.000000,1
15070,82.350005,65.875001,0.864258,63.504399,-100.203821,1
15080,82.350005,65.749998,0.855469,12.500286,-90.000000,1
15090,82.237498,65.250001,0.825195,51.249872,-102.681203,1
15100,82.237498,65.250001,0.825195,0.000000,0.000000,1
15110,82.237498,64.874997,0.762695,37.500381,-90.000000,1
15120,82.237498,64.749999,0.704102,12.499809,-90.000000,1
15130,82.125000,64.625001,0.655273,16.816773,-131.987212,1
15140,81.674998,64.749999,0.211914,46.703969,164.476171,1
15150,81.674998,64.749999,0.000000,0.000000,0.000000,0
15160,81.000000,65.374999,0.000000,91.991722,137.202526,0
15170,80.437500,65.875001,0.000000,75.260093,138.366352,0
15180,78.862498,66.999998,0.000000,193.552292,144.462421,0
15190,78.187500,66.875000,0.000000,68.647448,-169.508653,0
15200,78.187500,66.875000,0.000000,0.000000,0.000000,0
15210,78.525003,66.749997,0.000000,35.990871,-20.323374,0
15220,78.637502,66.624999,0.000000,16.816773,-48.012788,0
15230,78.750000,66.749997,0.000000,16.816773,48.012788,0
15240,78.412505,67.874999,0.000000,117.453483,106.698977,0
15250,78.299998,68.499999,0.000000,63.504551,100.204583,0
15260,78.412505,69.124999,0.000000,63.504551,79.795417,0
15270,79.762502,71.374998,0.000000,262.392577,59.036297,0
15280,80.887502,72.999997,0.000000,197.642275,55.304831,0
15290,82.125000,74.874997,0.000000,224.655892,56.575225,0
15300,84.262502,78.499999,0.000000,420.827190,59.474046,0
15310,85.275003,79.625001,0.000000,151.353527,48.012788,0
15320,85.837503,80.625000,0.000000,114.734665,60.642223,0
15330,87.075002,82.374997,0.000000,214.333665,54.734226,0
15340,87.750000,82.999997,0.000000,91.991722,42.797474,0
15350,88.200002,83.624997,0.000000,77.014709,54.246009,0
15360,88.875000,84.249997,0.000000,91.991722,42.797474,0
15370,88.875000,84.249997,0.000000,0.000000,0.000000,0
15380,89.100005,84.499998,0.000000,33.634476,48.012244,0
15390,89.437500,84.874997,0.000000,50.450675,48.013150,0
15400,89.549998,85.250001,0.000000,39.151465,73.301157,0
15410,89.662505,85.374999,0.000000,16.817348,48.010614,0
15420,89.662505,85.374999,0.000000,0.000000,0.000000,0
15430,89.662505,85.499997,0.000000,12.499809,90.000000,0
15440,89.549998,85.499997,0.000000,11.250687,180.000000,0
15450,89.212503,85.374999,0.000000,35.989901,-159.676863,0
15460,89.212503,85.374999,0.000000,0.000000,0.000000,0
15470,88.987498,85.250001,0.000000,25.739433,-150.946324,0
15480,88.650003,85.000000,0.000000,42.000387,-143.470622,0
15490,88.424998,84.874997,0.000000,25.739664,-150.945396,0
15500,87.975005,84.625001,0.000000,51.477365,-150.945396,0
15510,87.750000,84.499998,0.000000,25.739664,-150.945396,0
15520,87.299998,84.375000,0.000000,46.703969,-164.476171,0
15530,87.299998,84.375000,0.000000,0.000000,0.000000,0
15540,87.075002,84.249997,0.000000,25.738914,-150.944468,0
15550,86.962503,84.375000,0.000000,16.817128,131.986126,0
15560,86.962503,84.499998,0.000000,12.499809,90.000000,0
15570,86.962503,84.874997,0.000000,37.499905,90.000000,0
15580,86.962503,85.124998,0.000000,25.000095,90.000000,0
15590,86.962503,85.250001,0.000000,12.500286,90.000000,0
15600,87.187500,85.749998,0.000000,54.828879,65.772459,0
15610,87.187500,85.999999,0.000000,25.000095,90.000000,0
15620,87.187500,86.124997,0.000000,12.499809,90.000000,0
15630,87.187500,86.500001,0.000000,37.500381,90.000000,0
15640,87.187500,86.624999,0.000000,12.499809,90.000000,0
15650,87.187500,86.624999,0.000000,0.000000,0.000000,0
15660,87.187500,86.999998,0.000000,37.499905,90.000000,0
15670,87.187500,87.125001,0.000000,12.500286,90.000000,0
15680,87.187500,87.125001,0.000000,0.000000,0.000000,0
15690,87.187500,87.249999,0.000000,12.499809,90.000000,0
15700,87.187500,87.374997,0.000000,12.499809,90.000000,0
15710,87.187500,87.374997,0.000000,0.000000,0.000000,0
15720,87.187500,87.374997,0.000000,0.000000,0.000000,0
15730,87.299998,87.624998,0.000000,27.414657,65.772664,0
15740,87.299998,87.624998,0.000000,0.000000,0.000000,0
15750,87.412505,87.750001,0.000000,16.817702,48.011701,0
15760,87.412505,87.750001,0.000000,0.000000,0.000000,0
15770,87.525003,87.874999,0.000000,16.816773,48.012788,0
15780,87.525003,87.874999,0.000000,0.000000,0.000000,0
15790,87.525003,87.874999,0.000000,0.000000,0.000000,0
15800,87.525003,87.999997,0.000000,12.499809,90.000000,0
15810,87.525003,87.999997,0.000000,0.000000,0.000000,0
15820,87.412505,87.999997,0.000000,11.249828,180.000000,0
15830,87.412505,87.999997,0.000000,0.000000,0.000000,0
15840,87.299998,88.125000,0.000000,16.817702,131.988299,0
15850,87.299998,88.125000,0.000000,0.000000,0.000000,0
15860,87.187500,88.249998,0.000000,16.816773,131.987212,0
15870,87.075002,88.249998,0.000000,11.249828,180.000000,0
15880,87.075002,88.375001,0.000000,12.500286,90.000000,0
15890,86.962503,88.499999,0.000000,16.816773,131.987212,0
15900,86.850005,88.624997,0.000000,16.816773,131.987212,0
15910,86.737498,88.750000,0.000000,16.817702,131.988299,0
15920,86.737498,88.874998,0.000000,12.499809,90.000000,0
15930,86.737498,89.124999,0.000000,25.000095,90.000000,0
15940,86.737498,89.124999,0.000000,0.000000,0.000000,0
15950,86.737498,89.124999,0.000000,0.000000,0.000000,0
15960,86.625000,89.249997,0.000000,16.816773,131.987212,0
15970,86.625000,89.249997,0.000000,0.000000,0.000000,0
15980,86.625000,89.249997,0.000000,0.000000,0.000000,0
15990,86.625000,89.249997,0.000000,0.000000,0.000000,0
16000,86.625000,89.249997,0.000000,0.000000,0.000000,0
16010,86.625000,89.249997,0.000000,0.000000,0.000000,0
16020,86.625000,89.249997,0.000000,0.000000,0.000000,0
16030,86.625000,89.249997,0.000000,0.000000,0.000000,0
16040,86.625000,89.249997,0.000000,0.000000,0.000000,0
16050,86.625000,89.249997,0.000000,0.000000,0.000000,0
16060,86.625000,89.249997,0.000000,0.000000,0.000000,0
16070,86.625000,89.249997,0.000000,0.000000,0.000000,0
16080,86.625000,89.249997,0.000000,0.000000,0.000000,0
16090,86.625000,89.249997,0.000000,0.000000,0.000000,0
16100,86.625000,89.249997,0.000000,0.000000,0.000000,0
16110,86.625000,89.249997,0.000000,0.000000,0.000000,0
16120,86.850005,89.375000,0.000000,25.739664,29.054604,0
16130,86.850005,89.499998,0.000000,12.499809,90.000000,0
16140,86.962503,89.625001,0.000000,16.817128,48.013874,0
16150,87.075002,89.749999,0.000000,16.816773,48.012788,0
16160,87.075002,89.749999,0.000000,0.000000,0.000000,0
16170,87.187500,89.874997,0.000000,16.816773,48.012788,0
16180,87.187500,90.124998,0.000000,25.000095,90.000000,0
16190,87.187500,90.124998,0.000000,0.000000,0.000000,0
16200,87.187500,90.250001,0.000000,12.500286,90.000000,0
16210,87.187500,90.250001,0.000000,0.000000,0.000000,0
16220,87.187500,90.374999,0.000000,12.499809,90.000000,0
16230,87.187500,90.499997,0.000000,12.499809,90.000000,0
16240,87.187500,90.499997,0.000000,0.000000,0.000000,0
16250,87.187500,90.499997,0.000000,0.000000,0.000000,0
16260,87.187500,90.749998,0.000000,25.000095,90.000000,0
16270,87.187500,90.749998,0.000000,0.000000,0.000000,0
16280,87.075002,90.749998,0.000000,11.249828,180.000000,0
16290,86.962503,90.749998,0.000000,11.249828,180.000000,0
16300,86.962503,90.749998,0.000000,0.000000,0.000000,0
16310,86.962503,90.749998,0.000000,0.000000,0.000000,0
16320,86.737498,90.749998,0.000000,22.500515,180.000000,0
16330,86.737498,90.625000,0.000000,12.499809,-90.000000,0
16340,86.737498,90.625000,0.000000,0.000000,0.000000,0
16350,86.737498,90.625000,0.000000,0.000000,0.000000,0
16360,86.512502,90.374999,0.000000,33.633901,-131.986669,0
16370,86.512502,90.374999,0.000000,0.000000,0.000000,0
16380,86.512502,90.374999,0.000000,0.000000,0.000000,0
16390,86.512502,90.250001,0.000000,12.499809,-90.000000,0
16400,86.512502,90.250001,0.000000,0.000000,0.000000,0
16410,86.512502,90.250001,0.000000,0.000000,0.000000,0
16420,86.512502,90.250001,0.000000,0.000000,0.000000,0
16430,86.512502,90.250001,0.000000,0.000000,0.000000,0
16440,86.625000,90.250001,0.000000,11.249828,0.000000,0
16450,86.625000,90.250001,0.000000,0.000000,0.000000,0
16460,86.625000,90.250001,0.000000,0.000000,0.000000,0
16470,86.850005,90.250001,0.000000,22.500515,0.000000,0
16480,87.075002,90.250001,0.000000,22.499657,0.000000,0
16490,87.075002,90.250001,0.000000,0.000000,0.000000,0
16500,87.187500,90.250001,0.000000,11.249828,0.000000,0
16510,87.412505,90.250001,0.000000,22.500515,0.000000,0
16520,87.525003,90.250001,0.000000,11.249828,0.000000,0
16530,87.637502,90.250001,0.000000,11.249828,0.000000,0
16540,87.862498,90.374999,0.000000,25.738683,29.054604,0
16550,87.975005,90.374999,0.000000,11.250687,0.000000,0
16560,88.087503,90.374999,0.000000,11.249828,0.000000,0
16570,88.424998,90.374999,0.000000,33.749485,0.000000,0
16580,88.424998,90.499997,0.000000,12.499809,90.000000,0
16590,88.537505,90.499997,0.000000,11.250687,0.000000,0
16600,88.537505,90.499997,0.000000,0.000000,0.000000,0
16610,88.650003,90.499997,0.000000,11.249828,0.000000,0
16620,88.650003,90.499997,0.000000,0.000000,0.000000,0
16630,88.650003,90.499997,0.000000,0.000000,0.000000,0
16640,88.650003,90.499997,0.000000,0.000000,0.000000,0
16650,88.537505,90.499997,0.000000,11.249828,180.000000,0
16660,88.424998,90.499997,0.000000,11.250687,180.000000,0
16670,88.424998,90.499997,0.000000,0.000000,0.000000,0
16680,88.424998,90.374999,0.000000,12.499809,-90.000000,0
16690,88.200002,90.250001,0.000000,25.738683,-150.945396,0
16700,88.087503,90.250001,0.000000,11.249828,180.000000,0
16710,88.087503,90.250001,0.000000,0.000000,0.000000,0
16720,87.975005,90.124998,0.000000,16.817128,-131.986126,0
16730,87.862498,90.124998,0.000000,11.250687,180.000000,0
16740,87.750000,90.000000,0.000000,16.816773,-131.987212,0
16750,87.750000,90.000000,0.000000,0.000000,0.000000,0
16760,87.637502,90.000000,0.000000,11.249828,180.000000,0
16770,87.525003,89.874997,0.000000,16.817128,-131.986126,0
16780,87.412505,89.874997,0.000000,11.249828,180.000000,0
16790,87.412505,89.874997,0.000000,0.000000,0.000000,0
16800,87.299998,89.874997,0.000000,11.250687,180.000000,0
16810,87.299998,89.874997,0.000000,0.000000,0.000000,0
16820,87.187500,89.749999,0.000000,16.816773,-131.987212,0
16830,87.187500,89.749999,0.000000,0.000000,0.000000,0
16840,87.187500,89.749999,0.000000,0.000000,0.000000,0
16850,87.187500,89.749999,0.000000,0.000000,0.000000,0
16860,87.187500,89.749999,0.000000,0.000000,0.000000,0
16870,87.187500,89.749999,0.000000,0.000000,0.000000,0
16880,87.412505,89.749999,0.000000,22.500515,0.000000,0
16890,87.412505,89.749999,0.000000,0.000000,0.000000,0
16900,87.412505,89.749999,0.000000,0.000000,0.000000,0
16910,87.412505,89.749999,0.000000,0.000000,0.000000,0
16920,87.412505,89.625001,0.000000,12.499809,-90.000000,0
16930,87.412505,89.625001,0.000000,0.000000,0.000000,0
16940,87.299998,89.625001,0.000000,11.250687,180.000000,0
16950,87.299998,89.499998,0.000000,12.500286,-90.000000,0
16960,87.299998,89.499998,0.000000,0.000000,0.000000,0
16970,87.299998,89.499998,0.000000,0.000000,0.000000,0
16980,87.299998,89.499998,0.000000,0.000000,0.000000,0
16990,87.075002,89.499998,0.000000,22.499657,180.000000,0
17000,86.962503,89.499998,0.000000,11.249828,180.000000,0
17010,86.962503,89.499998,0.000000,0.000000,0.000000,0
17020,86.737498,89.375000,0.000000,25.739433,-150.946324,0
17030,86.737498,89.375000,0.000000,0.000000,0.000000,0
17040,86.512502,89.375000,0.000000,22.499657,180.000000,0
17050,86.400003,89.249997,0.000000,16.817128,-131.986126,0
17060,86.174998,89.249997,0.000000,22.500515,180.000000,0
17070,86.062500,89.124999,0.000000,16.816773,-131.987212,0
17080,85.837503,89.124999,0.000000,22.499657,180.000000,0
17090,85.725005,89.124999,0.000000,11.249828,180.000000,0
17100,85.612498,89.124999,0.000000,11.250687,180.000000,0
17110,85.612498,89.124999,0.000000,0.000000,0.000000,0
17120,85.387502,89.124999,0.000000,22.499657,180.000000,0
17130,85.387502,89.124999,0.000000,0.000000,0.000000,0
17140,85.275003,89.124999,0.000000,11.249828,180.000000,0
17150,85.275003,89.000001,0.000000,12.499809,-90.000000,0
17160,85.049998,89.000001,0.000000,22.500515,180.000000,0
17170,85.049998,89.000001,0.000000,0.000000,0.000000,0
17180,85.049998,88.874998,0.000000,12.500286,-90.000000,0
17190,84.937500,88.750000,0.000000,16.816773,-131.987212,0
17200,84.825002,88.750000,0.000000,11.249828,180.000000,0
17210,84.825002,88.750000,0.000000,0.000000,0.000000,0
17220,84.825002,88.499999,0.000000,25.000095,-90.000000,0
17230,84.825002,88.375001,0.000000,12.499809,-90.000000,0
17240,84.712503,88.249998,0.000000,16.817128,-131.986126,0
17250,84.712503,88.249998,0.000000,0.000000,0.000000,0
17260,84.712503,88.249998,0.000000,0.000000,0.000000,0
17270,84.712503,88.125000,0.000000,12.499809,-90.000000,0
17280,84.600005,88.125000,0.000000,11.249828,180.000000,0
17290,84.487498,88.125000,0.000000,11.250687,180.000000,0
17300,84.487498,88.125000,0.000000,0.000000,0.000000,0
17310,84.487498,88.125000,0.000000,0.000000,0.000000,0
17320,84.262502,88.125000,0.000000,22.499657,180.000000,0
17330,84.262502,88.125000,0.000000,0.000000,0.000000,0
17340,84.150003,88.125000,0.000000,11.249828,180.000000,0
17350,84.037505,88.125000,0.000000,11.249828,180.000000,0
17360,83.924998,88.125000,0.000000,11.250687,180.000000,0
17370,83.700002,88.125000,0.000000,22.499657,180.000000,0
17380,83.587503,87.999997,0.000000,16.817128,-131.986126,0
17390,83.587503,87.874999,0.000000,12.499809,-90.000000,0
17400,83.475005,87.874999,0.000000,11.249828,180.000000,0
17410,83.475005,87.624998,0.000000,25.000095,-90.000000,0
17420,83.475005,87.624998,0.000000,0.000000,0.000000,0
17430,83.362498,87.500000,0.299805,16.817348,-131.989386,1
17440,83.362498,87.500000,0.299805,0.000000,0.000000,1
17450,83.362498,87.500000,0.299805,0.000000,0.000000,1
17460,83.362498,87.500000,0.299805,0.000000,0.000000,1
17470,83.362498,87.500000,0.299805,0.000000,0.000000,1
17480,83.362498,87.500000,0.299805,0.000000,0.000000,1
17490,83.250000,87.500000,0.375977,11.249828,180.000000,1
17500,83.250000,87.500000,0.375977,0.000000,0.000000,1
17510,83.250000,87.500000,0.375977,0.000000,0.000000,1
17520,83.250000,87.500000,0.375977,0.000000,0.000000,1
17530,83.250000,87.500000,0.375977,0.000000,0.000000,1
17540,83.250000,87.500000,0.375977,0.000000,0.000000,1
17550,83.250000,87.500000,0.375977,0.000000,0.000000,1
17560,83.250000,87.500000,0.375977,0.000000,0.000000,1
17570,83.250000,87.500000,0.375977,0.000000,0.000000,1
17580,83.250000,87.500000,0.375977,0.000000,0.000000,1
17590,83.250000,87.500000,0.375977,0.000000,0.000000,1
17600,83.250000,87.500000,0.375977,0.000000,0.000000,1
17610,83.250000,87.500000,0.375977,0.000000,0.000000,1
17620,83.362498,87.500000,0.505859,11.249828,0.000000,1
17630,83.475005,87.624998,0.517578,16.817348,48.010614,1
17640,83.812500,87.874999,0.532227,42.000387,36.529378,1
17650,84.150003,87.999997,0.541016,35.990706,20.322662,1
17660,84.712503,88.375001,0.569336,67.604298,33.690337,1
17670,85.162505,88.624997,0.569336,51.478116,29.054140,1
17680,86.512502,89.375000,0.585938,154.434291,29.054759,1
17690,86.512502,89.375000,0.585938,0.000000,0.000000,1
17700,88.312500,90.000000,0.592773,190.541828,19.148154,1
17710,89.212503,90.250001,0.601563,93.408065,15.524111,1
17720,90.112498,90.499997,0.604492,93.407110,15.523970,1
17730,91.912505,91.250000,0.635742,195.000744,22.619865,1
17740,93.037505,91.624999,0.637695,118.585382,18.434905,1
17750,95.400003,92.500000,0.671875,251.933023,20.323171,1
17760,96.637502,92.874999,0.676758,129.306855,16.858380,1
17770,99.112498,93.750000,0.682617,262.511613,19.470347,1
17780,99.112498,93.750000,0.682617,0.000000,0.000000,1
17790,101.475005,94.375000,0.688477,244.378061,14.818106,1
17800,102.600005,94.625001,0.688477,115.244326,12.528854,1
17810,103.612498,94.749999,0.688477,102.017982,7.037882,1
17820,105.187500,95.000000,0.686523,159.471969,9.019347,1
17830,105.750000,95.125000,0.684570,57.622163,12.528854,1
17840,106.424998,95.125000,0.691406,67.499828,0.000000,1
17850,106.537505,95.125000,0.691406,11.250687,0.000000,1
17860,106.875000,95.125000,0.706055,33.749485,0.000000,1
17870,106.875000,95.125000,0.706055,0.000000,0.000000,1
17880,106.987498,95.125000,0.709961,11.249828,0.000000,1
17890,106.987498,95.125000,0.709961,0.000000,0.000000,1
17900,106.987498,95.125000,0.709961,0.000000,0.000000,1
17910,106.987498,95.125000,0.709961,0.000000,0.000000,1
17920,106.987498,95.125000,0.709961,0.000000,0.000000,1
17930,106.875000,95.125000,0.798828,11.249828,180.000000,1
17940,106.762502,95.125000,0.789063,11.249828,180.000000,1
17950,105.750000,95.000000,0.250977,102.018863,-172.962044,1
17960,105.750000,95.000000,0.000000,0.000000,0.000000,0
17970,104.850005,94.749999,0.000000,93.407238,-164.475748,0
17980,103.387502,94.249997,0.000000,154.561256,-161.125425,0
17990,102.712503,93.874998,0.000000,77.217030,-150.945396,0
18000,102.037505,93.499999,0.000000,77.217030,-150.945396,0
18010,101.137502,92.874999,0.000000,109.573317,-145.222271,0
18020,100.799998,92.624998,0.000000,42.001077,-143.471319,0
18030,100.687500,92.500000,0.000000,16.816773,-131.987212,0
18040,100.350005,91.999998,0.000000,60.324513,-124.018843,0
18050,100.350005,91.999998,0.000000,0.000000,0.000000,0
18060,100.125000,91.749997,0.000000,33.634476,-131.987756,0
18070,99.450002,90.875001,0.000000,110.509774,-127.647671,0
18080,99.112498,90.499997,0.000000,50.451603,-131.987212,0
18090,98.325002,89.625001,0.000000,117.718697,-131.987212,0
18100,97.987498,89.375000,0.000000,42.001077,-143.471319,0
18110,97.424998,89.124999,0.000000,61.555400,-156.037430,0
18120,97.200002,89.124999,0.000000,22.499657,180.000000,0
18130,96.975005,89.124999,0.000000,22.499657,180.000000,0
18140,96.637502,89.375000,0.000000,42.001077,143.471319,0
18150,96.412505,89.375000,0.000000,22.499657,180.000000,0
18160,96.187500,89.625001,0.000000,33.634476,131.987756,0
18170,96.187500,89.749999,0.000000,12.499809,90.000000,0
18180,96.075002,89.749999,0.000000,11.249828,180.000000,0
18190,95.962503,89.874997,0.000000,16.816773,131.987212,0
18200,95.850005,90.000000,0.000000,16.817128,131.986126,0
18210,95.850005,90.124998,0.000000,12.499809,90.000000,0
18220,95.737498,90.250001,0.000000,16.817702,131.988299,0
18230,95.737498,90.374999,0.000000,12.499809,90.000000,0
18240,95.737498,90.374999,0.000000,0.000000,0.000000,0
18250,95.625000,90.749998,0.000000,39.151009,106.699044,0
18260,95.625000,90.749998,0.000000,0.000000,0.000000,0
18270,95.625000,90.875001,0.000000,12.500286,90.000000,0
18280,95.737498,90.999999,0.000000,16.816773,48.012788,0
18290,95.850005,91.124997,0.000000,16.817348,48.010614,0
18300,95.850005,91.124997,0.000000,0.000000,0.000000,0
18310,95.962503,91.250000,0.000000,16.817128,48.013874,0
18320,95.962503,91.250000,0.000000,0.000000,0.000000,0
18330,96.075002,91.374998,0.000000,16.816773,48.012788,0
18340,96.187500,91.500001,0.000000,16.817128,48.013874,0
18350,96.187500,91.500001,0.000000,0.000000,0.000000,0
18360,96.412505,91.624999,0.000000,25.739433,29.053676,0
18370,96.637502,91.749997,0.000000,25.738683,29.054604,0
18380,96.862498,91.875000,0.000000,25.738914,29.055532,0
18390,97.200002,92.125001,0.000000,42.001077,36.528681,0
18400,97.312500,92.125001,0.238281,11.249828,0.000000,1
18410,97.312500,92.125001,0.238281,0.000000,0.000000,1
18420,97.312500,92.125001,0.238281,0.000000,0.000000,1
18430,97.312500,92.125001,0.238281,0.000000,0.000000,1
18440,97.312500,92.125001,0.238281,0.000000,0.000000,1
18450,97.312500,92.125001,0.238281,0.000000,0.000000,1
18460,97.424998,92.125001,0.433594,11.249828,0.000000,1
18470,97.424998,92.125001,0.433594,0.000000,0.000000,1
18480,97.424998,92.125001,0.433594,0.000000,0.000000,1
18490,97.424998,92.125001,0.433594,0.000000,0.000000,1
18500,97.424998,92.125001,0.433594,0.000000,0.000000,1
18510,97.424998,91.999998,0.603516,12.500286,-90.000000,1
18520,97.424998,91.875000,0.609375,12.499809,-90.000000,1
18530,97.424998,91.749997,0.622070,12.500286,-90.000000,1
18540,97.424998,91.250000,0.641602,49.999714,-90.000000,1
18550,97.424998,90.875001,0.650391,37.499905,-90.000000,1
18560,97.424998,90.374999,0.651367,50.000191,-90.000000,1
18570,97.312500,89.124999,0.693359,125.505214,-95.142687,1
18580,97.200002,88.375001,0.696289,75.838842,-98.530659,1
18590,97.087503,86.875000,0.725586,150.421366,-94.289085,1
18600,97.087503,86.250000,0.742188,62.500000,-90.000000,1
18610,96.975005,85.374999,0.742188,88.220323,-97.326288,1
18620,96.975005,84.499998,0.746094,87.500095,-90.000000,1
18630,96.862498,83.499999,0.765625,100.630805,-96.419181,1
18640,96.750000,81.374998,0.784180,212.797672,-93.030429,1
18650,96.637502,80.374999,0.799805,100.630709,-96.418696,1
18660,96.525003,78.125000,0.838867,225.280971,-92.862363,1
18670,96.525003,77.125001,0.840820,99.999905,-90.000000,1
18680,96.637502,75.124998,0.857422,200.316432,-86.780559,1
18690,96.637502,74.124999,0.857422,99.999905,-90.000000,1
18700,96.750000,73.249998,0.857422,88.220323,-82.673712,1
18710,96.862498,72.374997,0.857422,88.220323,-82.673712,1
18720,96.975005,71.500001,0.860352,88.219959,-82.673119,1
18730,97.200002,69.749999,0.867188,176.440645,-82.673712,1
18740,97.200002,68.750000,0.864258,99.999905,-90.000000,1
18750,97.200002,66.999998,0.858398,175.000191,-90.000000,1
18760,97.200002,65.999999,0.858398,99.999905,-90.000000,1
18770,97.200002,64.249997,0.858398,175.000191,-90.000000,1
18780,97.200002,63.499999,0.866211,74.999809,-90.000000,1
18790,97.200002,62.750001,0.866211,74.999809,-90.000000,1
18800,97.312500,61.749997,0.860352,100.631183,-83.581335,1
18810,97.312500,61.749997,0.860352,0.000000,0.000000,1
18820,97.424998,60.999999,0.858398,75.838842,-81.469341,1
18830,97.537505,60.749998,0.857422,27.415009,-65.771028,1
18840,97.650003,60.124998,0.858398,63.504399,-79.796179,1
18850,97.650003,59.749999,0.858398,37.499905,-90.000000,1
18860,97.875000,59.124999,0.850586,66.426535,-70.201402,1
18870,97.875000,58.874998,0.850586,25.000095,-90.000000,1
18880,97.987498,58.624997,0.844727,27.414657,-65.772664,1
18890,98.100005,58.125000,0.820313,51.249872,-77.318797,1
18900,98.100005,58.125000,0.820313,0.000000,0.000000,1
18910,98.100005,57.874999,0.769531,25.000095,-90.000000,1
18920,98.100005,57.750001,0.720703,12.499809,-90.000000,1
18930,98.100005,57.750001,0.720703,0.000000,0.000000,1
18940,98.100005,57.750001,0.000000,0.000000,0.000000,0
18950,97.762502,59.000001,0.000000,129.476197,105.109722,0
18960,97.537505,60.000000,0.000000,102.499832,102.680208,0
18970,97.312500,61.250000,0.000000,127.008949,100.204202,0
18980,97.424998,64.249997,0.000000,300.210571,87.852445,0
18990,97.424998,65.749998,0.000000,150.000095,90.000000,0
19000,97.424998,67.249999,0.000000,150.000095,90.000000,0
19010,97.424998,67.249999,0.000000,0.000000,0.000000,0
19020,97.424998,67.249999,0.000000,0.000000,0.000000,0
19030,97.424998,67.249999,0.000000,0.000000,0.000000,0
19040,97.424998,67.249999,0.000000,0.000000,0.000000,0
19050,97.424998,67.249999,0.000000,0.000000,0.000000,0
19060,97.424998,67.249999,0.000000,0.000000,0.000000,0
19070,97.424998,67.249999,0.000000,0.000000,0.000000,0
19080,97.424998,67.249999,0.000000,0.000000,0.000000,0
19090,97.424998,67.249999,0.000000,0.000000,0.000000,0
19100,97.424998,67.249999,0.000000,0.000000,0.000000,0
19110,113.287505,89.249997,0.000000,2712.229784,54.207525,0
19120,113.400003,89.499998,0.000000,27.414657,65.772664,0
19130,113.512502,89.749999,0.000000,27.414657,65.772664,0
19140,113.625000,89.874997,0.000000,16.816773,48.012788,0
19150,113.625000,89.874997,0.000000,0.000000,0.000000,0
19160,113.625000,90.124998,0.000000,25.000095,90.000000,0
19170,113.625000,90.124998,0.000000,0.000000,0.000000,0
19180,113.625000,90.499997,0.000000,37.499905,90.000000,0
19190,113.625000,90.875001,0.000000,37.500381,90.000000,0
19200,113.512502,91.124997,0.000000,27.414222,114.227745,0
19210,112.950002,92.125001,0.000000,114.735081,119.357660,0
19220,112.612498,92.750001,0.000000,71.030526,118.369290,0
19230,111.825002,93.624997,0.000000,117.718697,131.987212,0
19240,111.487498,94.000001,0.000000,50.451603,131.987212,0
19250,110.700002,94.749999,0.000000,108.749620,136.397129,0
19260,110.250000,95.125000,0.000000,58.577096,140.194429,0
19270,109.912505,95.500000,0.000000,50.450675,131.986850,0
19280,109.125000,96.250000,0.000000,108.750406,136.397350,0
19290,108.674998,96.624999,0.000000,58.576943,140.194608,0
19300,108.337503,97.000000,0.000000,50.450852,131.986669,0
19310,107.549998,97.874999,0.000000,117.719449,131.987445,0
19320,107.100005,98.374999,0.000000,67.267625,131.986805,0
19330,106.650003,98.875000,0.000000,67.268377,131.987212,0
19340,106.312500,99.250000,0.000000,50.451249,131.987575,0
19350,105.637502,100.000000,0.000000,100.902101,131.987122,0
19360,105.412505,100.374999,0.000000,43.731881,120.963435,0
19370,105.412505,100.874999,0.000000,49.999952,90.000000,0
19380,105.412505,101.125000,0.000000,25.000095,90.000000,0
19390,105.412505,101.375000,0.000000,25.000095,90.000000,0
19400,105.187500,101.875000,0.000000,54.829448,114.228257,0
19410,105.187500,101.875000,0.000000,0.000000,0.000000,0
19420,105.187500,101.875000,0.000000,0.000000,0.000000,0
19430,105.637502,102.000000,0.000000,46.704032,15.524111,0
19440,106.087503,102.249999,0.000000,51.478231,29.054372,0
19450,106.537505,102.375000,0.000000,46.704032,15.524111,0
19460,107.212503,102.500000,0.000000,68.647491,10.491542,0
19470,107.662505,102.625000,0.000000,46.704032,15.524111,0
19480,108.000000,102.749999,0.000000,35.989901,20.323137,0
19490,108.562500,102.874999,0.000000,57.622163,12.528854,0
19500,108.787505,102.874999,0.000000,22.500515,0.000000,0
19510,109.012502,102.874999,0.000000,22.499657,0.000000,0
19520,109.350005,103.000000,0.000000,35.990789,20.323018,0
19530,109.462503,103.000000,0.000000,11.249828,0.000000,0
19540,109.462503,103.000000,0.000000,0.000000,0.000000,0
19550,109.462503,103.000000,0.000000,0.000000,0.000000,0
19560,109.575002,103.000000,0.000000,11.249828,0.000000,0
19570,109.575002,103.000000,0.000000,0.000000,0.000000,0
19580,109.575002,103.000000,0.000000,0.000000,0.000000,0
19590,109.462503,103.374999,0.000000,39.151009,106.699044,0
19600,109.350005,103.499999,0.000000,16.816951,131.986669,0
19610,109.125000,103.750000,0.000000,33.634476,131.987756,0
19620,109.125000,103.750000,0.000000,0.000000,0.000000,0
19630,108.900003,104.124999,0.000000,43.731881,120.963435,0
19640,108.674998,104.624999,0.000000,54.829448,114.228257,0
19650,108.674998,105.000000,0.000000,37.500143,90.000000,0
19660,108.562500,105.249999,0.000000,27.414439,114.227541,0
19670,108.450002,105.874999,0.000000,63.504399,100.203821,0
19680,108.337503,106.125000,0.000000,27.414657,114.227336,0
19690,108.225005,106.375000,0.000000,27.414657,114.227336,0
19700,108.112498,106.499999,0.000000,16.817348,131.989386,0
19710,107.887502,106.499999,0.000000,22.499657,180.000000,0
19720,107.775003,106.624999,0.000000,16.816951,131.986669,0
19730,107.549998,106.875000,0.000000,33.634476,131.987756,0
19740,107.549998,106.875000,0.000000,0.000000,0.000000,0
19750,107.437500,107.124999,0.000000,27.414439,114.227541,0
19760,107.437500,107.249999,0.000000,12.500048,90.000000,0
19770,107.437500,107.749999,0.000000,49.999952,90.000000,0
19780,107.437500,108.000000,0.000000,25.000095,90.000000,0
19790,107.437500,108.250000,0.000000,25.000095,90.000000,0
19800,107.437500,108.250000,0.000000,0.000000,0.000000,0
19810,107.325002,108.250000,0.000000,11.249828,180.000000,0
19820,107.325002,108.625000,0.000000,37.499905,90.000000,0
19830,107.212503,108.750000,0.000000,16.816951,131.986669,0
19840,107.212503,108.999999,0.000000,24.999857,90.000000,0
19850,107.212503,109.375000,0.000000,37.500143,90.000000,0
19860,107.212503,109.500000,0.000000,12.500048,90.000000,0
19870,107.212503,109.749999,0.000000,24.999857,90.000000,0
19880,107.325002,109.875000,0.000000,16.816951,48.013331,0
19890,107.437500,109.875000,0.000000,11.249828,0.000000,0
19900,107.437500,109.875000,0.000000,0.000000,0.000000,0
19910,107.437500,109.875000,0.000000,0.000000,0.000000,0
19920,107.662505,110.000000,0.000000,25.739549,29.054140,0
19930,107.775003,109.749999,0.000000,27.414657,-65.772664,0
19940,107.887502,109.624999,0.000000,16.816951,-48.013331,0
19950,108.000000,109.624999,0.000000,11.249828,0.000000,0
19960,108.225005,109.500000,0.000000,25.739433,-29.053676,0
19970,108.562500,109.500000,0.000000,33.749485,0.000000,0
19980,108.562500,109.500000,0.000000,0.000000,0.000000,0
19990,108.900003,109.500000,0.000000,33.750343,0.000000,0
20000,109.012502,109.749999,0.000000,27.414439,65.772459,0
20010,109.012502,109.749999,0.000000,0.000000,0.000000,0
20020,109.125000,109.875000,0.000000,16.816951,48.013331,0
20030,109.125000,109.875000,0.000000,0.000000,0.000000,0
20040,109.125000,109.875000,0.000000,0.000000,0.000000,0
20050,109.237498,110.125000,0.000000,27.414657,65.772664,0
20060,109.237498,110.249999,0.000000,12.499809,90.000000,0
20070,109.237498,110.249999,0.000000,0.000000,0.000000,0
20080,109.012502,110.374999,0.000000,25.738798,150.944932,0
20090,109.012502,110.374999,0.000000,0.000000,0.000000,0
20100,108.900003,110.374999,0.000000,11.249828,180.000000,0
20110,108.787505,110.374999,0.000000,11.249828,180.000000,0
20120,108.674998,110.249999,0.000000,16.817525,-131.988843,0
20130,108.674998,110.249999,0.000000,0.000000,0.000000,0
20140,108.562500,110.125000,0.000000,16.816773,-131.987212,0
20150,108.562500,110.000000,0.000000,12.500048,-90.000000,0
20160,108.562500,110.000000,0.000000,0.000000,0.000000,0
20170,108.450002,110.000000,0.000000,11.249828,180.000000,0
20180,108.450002,110.000000,0.000000,0.000000,0.000000,0
20190,108.450002,110.000000,0.000000,0.000000,0.000000,0
20200,108.450002,110.000000,0.000000,0.000000,0.000000,0
20210,108.450002,110.000000,0.000000,0.000000,0.000000,0
20220,108.450002,109.749999,0.000000,25.000095,-90.000000,0
20230,108.450002,109.749999,0.000000,0.000000,0.000000,0
20240,108.450002,109.749999,0.000000,0.000000,0.000000,0
20250,108.450002,109.749999,0.000000,0.000000,0.000000,0
20260,108.450002,109.749999,0.000000,0.000000,0.000000,0
20270,108.450002,109.749999,0.000000,0.000000,0.000000,0
20280,108.450002,109.749999,0.000000,0.000000,0.000000,0
20290,108.450002,109.749999,0.000000,0.000000,0.000000,0
20300,108.450002,109.749999,0.000000,0.000000,0.000000,0
20310,108.450002,109.749999,0.000000,0.000000,0.000000,0
20320,108.337503,109.749999,0.000000,11.249828,180.000000,0
20330,108.337503,109.749999,0.000000,0.000000,0.000000,0
20340,108.337503,109.749999,0.000000,0.000000,0.000000,0
20350,108.337503,109.749999,0.000000,0.000000,0.000000,0
20360,108.337503,109.749999,0.000000,0.000000,0.000000,0
20370,108.337503,109.749999,0.000000,0.000000,0.000000,0
20380,108.225005,109.875000,0.000000,16.816951,131.986669,0
20390,108.225005,109.875000,0.000000,0.000000,0.000000,0
20400,108.225005,109.875000,0.000000,0.000000,0.000000,0
20410,108.225005,109.875000,0.000000,0.000000,0.000000,0
20420,108.225005,109.875000,0.000000,0.000000,0.000000,0
20430,108.225005,109.875000,0.000000,0.000000,0.000000,0
20440,108.225005,109.875000,0.000000,0.000000,0.000000,0
20450,108.112498,110.000000,0.000000,16.817525,131.988843,0
20460,108.112498,110.000000,0.000000,0.000000,0.000000,0
20470,108.112498,110.000000,0.000000,0.000000,0.000000,0
20480,108.112498,110.000000,0.000000,0.000000,0.000000,0
20490,108.112498,110.000000,0.000000,0.000000,0.000000,0
20500,108.112498,110.000000,0.000000,0.000000,0.000000,0
20510,108.112498,110.000000,0.000000,0.000000,0.000000,0
20520,108.112498,110.125000,0.000000,12.500048,90.000000,0
20530,108.112498,110.125000,0.000000,0.000000,0.000000,0
20540,108.112498,110.125000,0.000000,0.000000,0.000000,0
20550,108.112498,110.125000,0.000000,0.000000,0.000000,0
20560,108.112498,110.125000,0.000000,0.000000,0.000000,0
20570,108.112498,110.125000,0.000000,0.000000,0.000000,0
20580,108.112498,110.125000,0.000000,0.000000,0.000000,0
20590,108.112498,110.125000,0.000000,0.000000,0.000000,0
20600,108.112498,110.125000,0.000000,0.000000,0.000000,0
20610,107.887502,110.125000,0.000000,22.499657,180.000000,0
20620,107.887502,110.125000,0.000000,0.000000,0.000000,0
20630,107.775003,110.249999,0.000000,16.816773,131.987212,0
20640,107.775003,110.249999,0.000000,0.000000,0.000000,0
20650,107.662505,110.374999,0.000000,16.816951,131.986669,0
20660,107.549998,110.500000,0.000000,16.817525,131.988843,0
20670,107.549998,110.500000,0.000000,0.000000,0.000000,0
20680,107.325002,110.750000,0.000000,33.633901,131.986669,0
20690,107.325002,110.750000,0.000000,0.000000,0.000000,0
20700,107.100005,110.999999,0.000000,33.633724,131.986941,0
20710,107.100005,111.125000,0.000000,12.500048,90.000000,0
20720,106.987498,111.250000,0.000000,16.817525,131.988843,0
20730,106.875000,111.499999,0.000000,27.414439,114.227541,0
20740,106.875000,111.624999,0.000000,12.500048,90.000000,0
20750,106.762502,111.750000,0.000000,16.816951,131.986669,0
20760,106.762502,111.750000,0.000000,0.000000,0.000000,0
20770,106.762502,112.000000,0.000000,25.000095,90.000000,0
20780,106.762502,112.000000,0.000000,0.000000,0.000000,0
20790,106.762502,112.000000,0.000000,0.000000,0.000000,0
20800,106.762502,112.000000,0.000000,0.000000,0.000000,0
20810,106.875000,112.124999,0.000000,16.816773,48.012788,0
20820,106.875000,112.124999,0.000000,0.000000,0.000000,0
20830,106.875000,112.124999,0.000000,0.000000,0.000000,0
20840,107.100005,112.249999,0.000000,25.739549,29.054140,0
20850,107.437500,112.375000,0.000000,35.989984,20.323493,0
20860,107.437500,112.375000,0.000000,0.000000,0.000000,0
20870,107.775003,112.375000,0.000000,33.750343,0.000000,0
20880,107.887502,112.375000,0.415039,11.249828,0.000000,1
20890,107.887502,112.375000,0.415039,0.000000,0.000000,1
20900,107.887502,112.375000,0.415039,0.000000,0.000000,1
20910,107.887502,112.375000,0.415039,0.000000,0.000000,1
20920,107.887502,112.375000,0.415039,0.000000,0.000000,1
20930,107.887502,112.375000,0.415039,0.000000,0.000000,1
20940,107.887502,112.249999,0.649414,12.500048,-90.000000,1
20950,107.437500,111.375000,0.685547,98.393295,-117.216239,1
20960,106.987498,110.249999,0.687500,121.166449,-111.801451,1
20970,106.424998,108.750000,0.696289,160.199936,-110.556063,1
20980,105.299998,105.125000,0.726563,379.555616,-107.241462,1
20990,104.737498,103.250000,0.726563,195.755747,-106.699244,1
21000,103.500000,99.624999,0.748047,383.041001,-108.848810,1
21010,103.049998,98.125000,0.758789,156.604510,-106.699319,1
21020,102.600005,96.875000,0.775391,132.853070,-109.798598,1
21030,102.487498,95.999999,0.797852,88.220432,-97.326841,1
21040,102.375000,95.249999,0.841797,75.839078,-98.530632,1
21050,102.375000,95.125000,0.841797,12.499809,-90.000000,1
21060,102.375000,95.000000,0.841797,12.500048,-90.000000,1
21070,102.375000,94.874997,0.833008,12.500286,-90.000000,1
21080,102.487498,94.874997,0.811523,11.249828,0.000000,1
21090,102.712503,95.625000,0.489258,78.302721,73.300455,1
21100,102.712503,95.625000,0.000000,0.000000,0.000000,0
21110,102.825002,96.125000,0.000000,51.249916,77.319792,0
21120,102.825002,96.624999,0.000000,49.999952,90.000000,0
21130,102.825002,96.875000,0.000000,25.000095,90.000000,0
21140,102.825002,97.124999,0.000000,24.999857,90.000000,0
21150,103.162505,97.749999,0.000000,71.030526,61.630710,0
21160,103.387502,98.125000,0.000000,43.732085,59.036726,0
21170,103.837503,98.499999,0.000000,58.576943,39.805392,0
21180,104.512502,98.999999,0.000000,84.001322,36.528899,0
21190,104.962503,99.375000,0.000000,58.577096,39.805571,0
21200,105.299998,99.624999,0.000000,42.000245,36.529117,0
21210,105.750000,99.749999,0.000000,46.704032,15.524111,0
21220,106.424998,100.000000,0.000000,71.980772,20.323255,0
21230,106.650003,100.000000,0.000000,22.500515,0.000000,0
21240,106.987498,100.249999,0.000000,42.000245,36.529117,0
21250,106.987498,100.374999,0.000000,12.500048,90.000000,0
21260,107.100005,100.374999,0.000000,11.250687,0.000000,0
21270,107.100005,100.374999,0.000000,0.000000,0.000000,0
21280,107.100005,100.500000,0.000000,12.500048,90.000000,0
21290,107.100005,100.500000,0.000000,0.000000,0.000000,0
21300,106.987498,100.500000,0.000000,11.250687,180.000000,0
21310,106.987498,100.500000,0.000000,0.000000,0.000000,0
21320,106.987498,100.500000,0.000000,0.000000,0.000000,0
21330,106.987498,100.750000,0.000000,25.000095,90.000000,0
21340,106.987498,100.750000,0.000000,0.000000,0.000000,0
21350,106.987498,100.874999,0.000000,12.499809,90.000000,0
21360,106.987498,100.999999,0.000000,12.500048,90.000000,0
21370,106.987498,100.999999,0.000000,0.000000,0.000000,0
21380,106.987498,101.125000,0.000000,12.500048,90.000000,0
21390,106.987498,101.125000,0.000000,0.000000,0.000000,0
21400,106.987498,101.125000,0.000000,0.000000,0.000000,0
21410,106.987498,101.125000,0.000000,0.000000,0.000000,0
21420,106.987498,101.125000,0.000000,0.000000,0.000000,0
21430,106.987498,101.125000,0.000000,0.000000,0.000000,0
21440,106.987498,101.125000,0.000000,0.000000,0.000000,0
21450,107.100005,101.125000,0.000000,11.250687,0.000000,0
21460,107.100005,101.125000,0.000000,0.000000,0.000000,0
21470,107.100005,101.125000,0.000000,0.000000,0.000000,0
21480,107.100005,101.125000,0.000000,0.000000,0.000000,0
21490,106.987498,101.125000,0.000000,11.250687,180.000000,0
21500,106.987498,100.999999,0.000000,12.500048,-90.000000,0
21510,106.875000,100.750000,0.000000,27.414439,-114.227541,0
21520,106.762502,100.625000,0.000000,16.816951,-131.986669,0
21530,106.762502,100.500000,0.210938,12.500048,-90.000000,1
21540,106.762502,100.500000,0.210938,0.000000,0.000000,1
21550,106.762502,100.500000,0.210938,0.000000,0.000000,1
21560,106.762502,100.500000,0.210938,0.000000,0.000000,1
21570,106.762502,100.500000,0.210938,0.000000,0.000000,1
21580,106.762502,100.500000,0.210938,0.000000,0.000000,1
21590,106.650003,100.500000,0.390625,11.249828,180.000000,1
21600,106.650003,100.500000,0.390625,0.000000,0.000000,1
21610,106.650003,100.500000,0.390625,0.000000,0.000000,1
21620,106.650003,100.500000,0.390625,0.000000,0.000000,1
21630,106.650003,100.500000,0.390625,0.000000,0.000000,1
21640,106.650003,100.500000,0.390625,0.000000,0.000000,1
21650,106.650003,100.500000,0.390625,0.000000,0.000000,1
21660,106.650003,100.500000,0.390625,0.000000,0.000000,1
21670,106.650003,100.500000,0.390625,0.000000,0.000000,1
21680,106.650003,100.500000,0.390625,0.000000,0.000000,1
21690,106.650003,100.500000,0.390625,0.000000,0.000000,1
21700,106.650003,100.500000,0.390625,0.000000,0.000000,1
21710,106.762502,100.500000,0.640625,11.249828,0.000000,1
21720,106.762502,100.500000,0.640625,0.000000,0.000000,1
21730,106.987498,100.500000,0.644531,22.499657,0.000000,1
21740,107.100005,100.500000,0.644531,11.250687,0.000000,1
21750,107.325002,100.625000,0.651367,25.738798,29.055068,1
21760,107.325002,100.625000,0.651367,0.000000,0.000000,1
21770,107.662505,100.625000,0.658203,33.750343,0.000000,1
21780,107.775003,100.750000,0.658203,16.816951,48.013331,1
21790,108.225005,100.874999,0.657227,46.703969,15.523829,1
21800,108.450002,100.999999,0.657227,25.738798,29.055068,1
21810,108.674998,101.125000,0.657227,25.738798,29.055068,1
21820,109.237498,101.375000,0.663086,61.555400,23.962570,1
21830,109.575002,101.624999,0.663086,42.000935,36.528420,1
21840,110.700002,102.124999,0.662109,123.110703,23.962469,1
21850,110.700002,102.124999,0.662109,0.000000,0.000000,1
21860,111.487498,102.500000,0.662109,87.222527,25.463527,1
21870,113.287505,103.374999,0.659180,200.141131,25.924779,1
21880,114.075002,103.875000,0.662109,93.281978,32.412519,1
21890,115.650003,104.500000,0.663086,169.447792,21.644414,1
21900,116.437500,104.749999,0.661133,82.622644,17.612555,1
21910,118.125000,105.249999,0.660156,176.001584,16.504346,1
21920,119.025003,105.500000,0.660156,93.408065,15.524111,1
21930,120.712503,105.999999,0.661133,176.001584,16.504346,1
21940,120.712503,105.999999,0.661133,0.000000,0.000000,1
21950,122.174998,106.375000,0.659180,150.980703,14.381496,1
21960,122.962503,106.499999,0.659180,79.736371,9.019129,1
21970,123.637502,106.624999,0.655273,68.647491,10.491542,1
21980,124.987498,106.875000,0.659180,137.294982,10.491542,1
21990,125.549998,107.000000,0.659180,57.622163,12.528854,1
22000,126.787505,107.124999,0.661133,124.380375,5.767770,1
22010,127.237498,107.124999,0.661133,44.999313,0.000000,1
22020,127.912505,107.249999,0.657227,68.648335,10.491412,1
22030,127.912505,107.249999,0.657227,0.000000,0.000000,1
22040,128.587503,107.249999,0.657227,67.499828,0.000000,1
22050,128.924998,107.249999,0.657227,33.749485,0.000000,1
22060,129.375000,107.249999,0.659180,45.000172,0.000000,1
22070,130.049998,107.124999,0.664063,68.647491,-10.491542,1
22080,130.500000,107.000000,0.664063,46.703969,-15.523829,1
22090,131.174998,106.875000,0.665039,68.647491,-10.491542,1
22100,131.512502,106.750000,0.665039,35.990789,-20.323018,1
22110,132.187500,106.624999,0.665039,68.647491,-10.491542,1
22120,132.187500,106.624999,0.665039,0.000000,0.000000,1
22130,132.412505,106.499999,0.660156,25.739549,-29.054140,1
22140,132.975005,106.375000,0.660156,57.622111,-12.528623,1
22150,133.312500,106.250000,0.661133,35.989984,-20.323493,1
22160,133.762502,105.874999,0.665039,58.577096,-39.805571,1
22170,133.987498,105.750000,0.665039,25.738683,-29.054604,1
22180,134.437500,105.500000,0.675781,51.478347,-29.054604,1
22190,134.549998,105.249999,0.675781,27.414657,-65.772664,1
22200,134.887502,104.749999,0.690430,60.324795,-55.980354,1
22210,134.887502,104.749999,0.690430,0.000000,0.000000,1
22220,135.112498,104.500000,0.700195,33.633724,-48.013059,1
22230,135.225005,103.875000,0.726563,63.504551,-79.795417,1
22240,135.225005,103.499999,0.729492,37.500143,-90.000000,1
22250,135.225005,102.500000,0.778320,99.999905,-90.000000,1
22260,134.887502,101.499999,0.790039,105.542002,-108.649691,1
22270,133.762502,99.250000,0.805664,251.557562,-116.565061,1
22280,132.975005,98.000000,0.809570,147.737972,-122.210815,1
22290,131.287505,95.625000,0.812500,291.346512,-125.394801,1
22300,130.387502,94.375000,0.819336,154.029419,-125.753991,1
22310,130.387502,94.375000,0.819336,0.000000,0.000000,1
22320,128.924998,92.125001,0.814453,268.354467,-123.023940,1
22330,128.250000,91.124997,0.808594,120.649505,-124.019181,1
22340,126.562500,89.000001,0.509766,271.353368,-128.453759,1
22350,126.562500,89.000001,0.000000,0.000000,0.000000,0
22360,125.212503,87.999997,0.000000,168.002927,-143.470970,0
22370,123.075002,86.999998,0.000000,235.985417,-154.928141,0
22380,122.062500,86.624999,0.000000,107.971478,-159.676942,0
22390,120.375000,86.374998,0.000000,170.591815,-171.572999,0
22400,119.812500,86.500001,0.000000,57.622215,167.470915,0
22410,120.150003,86.624999,0.000000,35.990706,20.322662,0
22420,120.375000,86.624999,0.000000,22.499657,0.000000,0
22430,120.375000,86.624999,0.000000,0.000000,0.000000,0
22440,120.262502,86.749997,0.000000,16.816773,131.987212,0
22450,119.812500,86.749997,0.000000,45.000172,180.000000,0
22460,119.700002,87.125001,0.000000,39.151465,106.698843,0
22470,119.812500,88.125000,0.000000,100.630709,83.581304,0
22480,119.812500,88.125000,0.000000,0.000000,0.000000,0
22490,119.812500,88.750000,0.000000,62.500000,90.000000,0
22500,120.375000,90.374999,0.000000,171.960116,70.906498,0
22510,120.600005,90.875001,0.000000,54.829666,65.771846,0
22520,120.712503,91.124997,0.000000,27.414222,65.772255,0
22530,121.049998,91.624999,0.000000,60.324513,55.981157,0
22540,121.162505,91.624999,0.000000,11.250687,0.000000,0
22550,121.162505,91.624999,0.000000,0.000000,0.000000,0
22560,120.937500,91.624999,0.000000,22.500515,180.000000,0
22570,120.487498,91.624999,0.000000,45.000172,180.000000,0
22580,120.487498,91.624999,0.000000,0.000000,0.000000,0
22590,119.362498,91.624999,0.000000,112.500000,180.000000,0
22600,119.025003,91.624999,0.000000,33.749485,180.000000,0
22610,118.125000,91.624999,0.000000,90.000343,180.000000,0
22620,117.674998,91.875000,0.000000,51.478347,150.945396,0
22630,117.337503,91.999998,0.000000,35.989901,159.676863,0
22640,116.775003,92.249999,0.000000,61.555400,156.037430,0
22650,116.437500,92.374997,0.000000,35.990706,159.677338,0
22660,116.100005,92.624998,0.000000,42.000387,143.470622,0
22670,115.875000,92.624998,0.000000,22.500515,180.000000,0
22680,115.875000,92.874999,0.000000,25.000095,90.000000,0
22690,115.762502,92.999997,0.000000,16.816773,131.987212,0
22700,115.762502,92.999997,0.000000,0.000000,0.000000,0
22710,115.762502,93.249998,0.000000,25.000095,90.000000,0
22720,115.875000,93.375001,0.000000,16.817128,48.013874,0
22730,115.987498,93.624997,0.000000,27.414222,65.772255,0
22740,115.987498,93.874998,0.000000,25.000095,90.000000,0
22750,116.100005,93.874998,0.000000,11.250687,0.000000,0
22760,116.100005,93.874998,0.000000,0.000000,0.000000,0
22770,116.212503,94.124999,0.000000,27.414657,65.772664,0
22780,116.212503,94.249997,0.000000,12.499809,90.000000,0
22790,116.325002,94.375000,0.000000,16.817128,48.013874,0
22800,116.325002,94.499998,0.000000,12.499809,90.000000,0
22810,116.437500,94.499998,0.000000,11.249828,0.000000,0
22820,116.437500,94.625001,0.000000,12.500286,90.000000,0
22830,116.437500,94.625001,0.000000,0.000000,0.000000,0
22840,116.437500,94.625001,0.000000,0.000000,0.000000,0
22850,116.437500,94.625001,0.000000,0.000000,0.000000,0
22860,116.662505,94.625001,0.000000,22.500515,0.000000,0
22870,116.662505,94.625001,0.000000,0.000000,0.000000,0
22880,116.662505,94.749999,0.000000,12.499809,90.000000,0
22890,116.662505,94.749999,0.000000,0.000000,0.000000,0
22900,116.775003,94.749999,0.000000,11.249828,0.000000,0
22910,116.775003,94.874997,0.000000,12.499809,90.000000,0
22920,116.775003,94.874997,0.000000,0.000000,0.000000,0
22930,116.887502,95.000000,0.000000,16.817128,48.013874,0
22940,116.887502,95.000000,0.000000,0.000000,0.000000,0
22950,117.000000,95.125000,0.000000,16.816951,48.013331,0
22960,117.000000,95.125000,0.000000,0.000000,0.000000,0
22970,117.000000,95.125000,0.000000,0.000000,0.000000,0
22980,117.000000,95.125000,0.000000,0.000000,0.000000,0
22990,117.000000,95.125000,0.000000,0.000000,0.000000,0
23000,117.000000,95.125000,0.000000,0.000000,0.000000,0
23010,117.000000,95.125000,0.000000,0.000000,0.000000,0
23020,117.000000,95.125000,0.000000,0.000000,0.000000,0
23030,117.000000,95.125000,0.000000,0.000000,0.000000,0
23040,117.225005,95.125000,0.000000,22.500515,0.000000,0
23050,117.225005,95.125000,0.000000,0.000000,0.000000,0
23060,117.225005,95.125000,0.000000,0.000000,0.000000,0
23070,117.225005,95.125000,0.000000,0.000000,0.000000,0
23080,117.225005,95.125000,0.000000,0.000000,0.000000,0
23090,117.225005,95.125000,0.000000,0.000000,0.000000,0
23100,117.225005,95.125000,0.000000,0.000000,0.000000,0
23110,117.112498,95.125000,0.000000,11.250687,180.000000,0
23120,117.112498,95.125000,0.000000,0.000000,0.000000,0
23130,117.112498,95.125000,0.000000,0.000000,0.000000,0
23140,117.112498,95.125000,0.000000,0.000000,0.000000,0
23150,117.112498,95.125000,0.000000,0.000000,0.000000,0
23160,117.112498,95.125000,0.000000,0.000000,0.000000,0
23170,117.112498,95.125000,0.000000,0.000000,0.000000,0
23180,117.112498,95.125000,0.000000,0.000000,0.000000,0
23190,117.112498,95.125000,0.000000,0.000000,0.000000,0
23200,117.112498,95.125000,0.000000,0.000000,0.000000,0
23210,117.112498,95.125000,0.000000,0.000000,0.000000,0
23220,117.112498,95.125000,0.000000,0.000000,0.000000,0
23230,117.112498,95.125000,0.000000,0.000000,0.000000,0
23240,117.112498,95.125000,0.000000,0.000000,0.000000,0
23250,117.112498,95.125000,0.000000,0.000000,0.000000,0
23260,117.225005,95.000000,0.000000,16.817525,-48.011157,0
23270,117.225005,95.000000,0.000000,0.000000,0.000000,0
23280,117.225005,95.000000,0.000000,0.000000,0.000000,0
23290,117.337503,95.000000,0.000000,11.249828,0.000000,0
23300,117.337503,95.000000,0.000000,0.000000,0.000000,0
23310,117.337503,95.000000,0.000000,0.000000,0.000000,0
23320,117.450002,94.874997,0.000000,16.817128,-48.013874,0
23330,117.450002,94.874997,0.000000,0.000000,0.000000,0
23340,117.450002,94.874997,0.000000,0.000000,0.000000,0
23350,117.562500,94.874997,0.000000,11.249828,0.000000,0
23360,117.562500,94.874997,0.000000,0.000000,0.000000,0
23370,117.787505,94.874997,0.000000,22.500515,0.000000,0
23380,117.900003,94.874997,0.000000,11.249828,0.000000,0
23390,118.012502,94.874997,0.000000,11.249828,0.000000,0
23400,118.125000,94.874997,0.000000,11.249828,0.000000,0
23410,118.125000,94.874997,0.000000,0.000000,0.000000,0
23420,118.350005,94.874997,0.000000,22.500515,0.000000,0
23430,118.462503,94.874997,0.000000,11.249828,0.000000,0
23440,118.687500,94.874997,0.000000,22.499657,0.000000,0
23450,118.687500,94.874997,0.000000,0.000000,0.000000,0
23460,118.912505,94.874997,0.000000,22.500515,0.000000,0
23470,119.025003,94.874997,0.000000,11.249828,0.000000,0
23480,119.250000,95.000000,0.000000,25.738914,29.055532,0
23490,119.250000,95.000000,0.000000,0.000000,0.000000,0
23500,119.475005,95.125000,0.000000,25.739549,29.054140,0
23510,119.587503,95.249999,0.000000,16.816773,48.012788,0
23520,119.587503,95.249999,0.000000,0.000000,0.000000,0
23530,119.700002,95.249999,0.000000,11.249828,0.000000,0
23540,119.700002,95.374999,0.000000,12.500048,90.000000,0
23550,119.812500,95.374999,0.000000,11.249828,0.000000,0
23560,119.812500,95.374999,0.000000,0.000000,0.000000,0
23570,119.924998,95.500000,0.000000,16.816951,48.013331,0
23580,120.037505,95.625000,0.000000,16.817525,48.011157,0
23590,120.037505,95.625000,0.000000,0.000000,0.000000,0
23600,120.150003,95.750000,0.000000,16.816951,48.013331,0
23610,120.150003,95.750000,0.000000,0.000000,0.000000,0
23620,120.150003,95.750000,0.000000,0.000000,0.000000,0
23630,120.262502,95.874999,0.000000,16.816773,48.012788,0
23640,120.262502,95.874999,0.000000,0.000000,0.000000,0
23650,120.262502,95.874999,0.000000,0.000000,0.000000,0
23660,120.375000,95.999999,0.000000,16.816951,48.013331,0
23670,120.375000,95.999999,0.198242,0.000000,0.000000,1
23680,120.375000,95.999999,0.198242,0.000000,0.000000,1
23690,120.375000,95.999999,0.198242,0.000000,0.000000,1
23700,120.375000,95.999999,0.198242,0.000000,0.000000,1
23710,120.375000,95.999999,0.198242,0.000000,0.000000,1
23720,120.375000,95.999999,0.198242,0.000000,0.000000,1
23730,120.262502,96.125000,0.427734,16.816951,131.986669,1
23740,120.150003,96.125000,0.450195,11.249828,180.000000,1
23750,120.037505,96.125000,0.528320,11.249828,180.000000,1
23760,119.812500,95.999999,0.547852,25.739549,-150.945860,1
23770,119.362498,95.374999,0.565430,77.014709,-125.753991,1
23780,118.912505,94.874997,0.582031,67.267803,-131.986669,1
23790,118.462503,94.249997,0.582031,77.014709,-125.753991,1
23800,117.900003,93.375001,0.582031,104.020410,-122.735340,1
23810,117.450002,92.624998,0.605469,87.464612,-120.963757,1
23820,116.662505,91.124997,0.619141,169.415280,-117.699355,1
23830,116.325002,90.374999,0.636719,82.243888,-114.228018,1
23840,115.650003,88.874998,0.676758,164.487858,-114.227677,1
23850,115.200002,87.999997,0.681641,98.393507,-117.216175,1
23860,114.525003,86.124997,0.697266,199.279896,-109.798830,1
23870,114.187500,85.124998,0.697266,105.541777,-108.649732,1
23880,113.850005,84.000001,0.700195,117.453026,-106.699044,1
23890,113.512502,82.750001,0.698242,129.476197,-105.109722,1
23900,113.174998,81.624999,0.706055,117.453730,-106.699378,1
23910,112.500000,79.249997,0.724609,246.905989,-105.865657,1
23920,112.162505,77.999997,0.725586,129.475974,-105.109355,1
23930,111.600005,75.749998,0.736328,231.924599,-104.036249,1
23940,111.262502,74.625001,0.736328,117.453273,-106.699445,1
23950,110.475005,72.500000,0.742188,226.622591,-110.334023,1
23960,110.475005,72.500000,0.742188,0.000000,0.000000,1
23970,109.799998,70.374999,0.753906,222.963300,-107.622458,1
23980,109.350005,69.375000,0.753906,109.658192,-114.227439,1
23990,109.012502,68.375001,0.758789,105.541777,-108.649732,1
24000,108.450002,66.749997,0.761719,171.960567,-109.093450,1
24010,108.112498,66.250000,0.761719,60.324598,-124.019772,1
24020,107.887502,65.625000,0.766602,66.426535,-109.798598,1
24030,107.775003,65.374999,0.766602,27.414657,-114.227336,1
24040,107.549998,65.124998,0.758789,33.634476,-131.987756,1
24050,107.437500,65.000000,0.758789,16.816773,-131.987212,1
24060,107.325002,64.874997,0.751953,16.817128,-131.986126,1
24070,107.212503,64.749999,0.746094,16.816773,-131.987212,1
24080,107.100005,64.749999,0.731445,11.249828,180.000000,1
24090,107.100005,64.625001,0.722656,12.499809,-90.000000,1
24100,107.100005,64.625001,0.722656,0.000000,0.000000,1
24110,107.100005,64.625001,0.722656,0.000000,0.000000,1
24120,107.100005,64.625001,0.722656,0.000000,0.000000,1
24130,107.100005,64.625001,0.722656,0.000000,0.000000,1
24140,107.100005,64.749999,0.518555,12.499809,90.000000,1
24150,107.100005,65.124998,0.485352,37.499905,90.000000,1
24160,107.212503,65.749998,0.000000,63.504399,79.796179,0
24170,107.100005,66.749997,0.000000,100.630709,96.418696,0
24180,106.762502,67.500000,0.000000,82.244323,114.227882,0
24190,105.975005,68.874998,0.000000,158.454113,119.800870,0
24200,105.525003,69.499998,0.000000,77.014709,125.753991,0
24210,105.525003,69.499998,0.000000,0.000000,0.000000,0
24220,105.525003,69.499998,0.000000,0.000000,0.000000,0
24230,105.525003,69.499998,0.000000,0.000000,0.000000,0
24240,105.525003,69.499998,0.000000,0.000000,0.000000,0
24250,105.525003,69.499998,0.000000,0.000000,0.000000,0
24260,105.525003,69.499998,0.000000,0.000000,0.000000,0
24270,105.525003,69.499998,0.000000,0.000000,0.000000,0
24280,105.525003,69.499998,0.000000,0.000000,0.000000,0
24290,105.525003,69.499998,0.000000,0.000000,0.000000,0
24300,105.525003,69.499998,0.000000,0.000000,0.000000,0
24310,105.525003,69.499998,0.000000,0.000000,0.000000,0
24320,105.525003,69.499998,0.000000,0.000000,0.000000,0
24330,105.525003,69.499998,0.000000,0.000000,0.000000,0
24340,120.375000,82.750001,0.000000,1990.188368,41.741138,0
24350,120.375000,82.750001,0.000000,0.000000,0.000000,0
24360,120.600005,82.624998,0.000000,25.739664,-29.054604,0
24370,120.712503,82.500000,0.000000,16.816773,-48.012788,0
24380,120.825002,82.249999,0.000000,27.414657,-65.772664,0
24390,120.937500,82.125001,0.000000,16.816773,-48.012788,0
24400,120.937500,81.875000,0.000000,25.000095,-90.000000,0
24410,120.937500,81.500001,0.000000,37.499905,-90.000000,0
24420,120.937500,81.500001,0.000000,0.000000,0.000000,0
24430,120.600005,80.499997,0.000000,105.541954,-108.649208,0
24440,120.150003,80.374999,0.000000,46.703969,-164.476171,0
24450,119.924998,80.374999,0.000000,22.500515,180.000000,0
24460,119.475005,80.625000,0.000000,51.477597,150.944932,0
24470,119.137502,80.749998,0.000000,35.990706,159.677338,0
24480,118.799998,80.875001,0.000000,35.990871,159.676626,0
24490,117.900003,80.875001,0.000000,89.999485,180.000000,0
24500,117.450002,80.999999,0.000000,46.703969,164.476171,0
24510,117.112498,80.999999,0.000000,33.750343,180.000000,0
24520,116.437500,80.999999,0.000000,67.499828,180.000000,0
24530,116.100005,81.124997,0.000000,35.989901,159.676863,0
24540,115.875000,81.124997,0.000000,22.500515,180.000000,0
24550,115.312500,81.124997,0.000000,56.250000,180.000000,0
24560,115.087503,81.124997,0.000000,22.499657,180.000000,0
24570,114.862498,80.999999,0.000000,25.739433,-150.946324,0
24580,114.862498,80.999999,0.000000,0.000000,0.000000,0
24590,114.412505,80.875001,0.000000,46.703142,-164.475889,0
24600,114.412505,80.749998,0.000000,12.500286,-90.000000,0
24610,114.299998,80.625000,0.000000,16.817348,-131.989386,0
24620,114.299998,80.625000,0.000000,0.000000,0.000000,0
24630,114.075002,80.625000,0.000000,22.499657,180.000000,0
24640,114.075002,80.625000,0.000000,0.000000,0.000000,0
24650,114.075002,80.749998,0.000000,12.499809,90.000000,0
24660,114.075002,80.875001,0.000000,12.500286,90.000000,0
24670,114.075002,80.875001,0.000000,0.000000,0.000000,0
24680,114.075002,81.124997,0.000000,24.999619,90.000000,0
24690,114.075002,81.124997,0.000000,0.000000,0.000000,0
24700,113.962503,81.124997,0.000000,11.249828,180.000000,0
24710,113.962503,81.124997,0.000000,0.000000,0.000000,0
24720,113.850005,81.124997,0.000000,11.249828,180.000000,0
24730,113.850005,81.124997,0.000000,0.000000,0.000000,0
24740,113.737498,81.124997,0.000000,11.250687,180.000000,0
24750,113.737498,81.124997,0.000000,0.000000,0.000000,0
24760,113.512502,81.250000,0.000000,25.738914,150.944468,0
24770,113.400003,81.374998,0.000000,16.816773,131.987212,0
24780,113.287505,81.374998,0.000000,11.249828,180.000000,0
24790,113.174998,81.500001,0.000000,16.817702,131.988299,0
24800,112.950002,81.624999,0.000000,25.738683,150.945396,0
24810,112.837503,81.624999,0.000000,11.249828,180.000000,0
24820,112.612498,81.624999,0.000000,22.500515,180.000000,0
24830,112.612498,81.624999,0.000000,0.000000,0.000000,0
24840,112.612498,81.624999,0.000000,0.000000,0.000000,0
24850,112.387502,81.624999,0.000000,22.499657,180.000000,0
24860,112.275003,81.500001,0.000000,16.816773,-131.987212,0
24870,112.162505,81.500001,0.000000,11.249828,180.000000,0
24880,112.162505,81.500001,0.000000,0.000000,0.000000,0
24890,112.162505,81.500001,0.000000,0.000000,0.000000,0
24900,112.162505,81.500001,0.000000,0.000000,0.000000,0
24910,112.162505,81.500001,0.000000,0.000000,0.000000,0
24920,112.162505,81.500001,0.000000,0.000000,0.000000,0
24930,112.162505,81.500001,0.000000,0.000000,0.000000,0
24940,112.162505,81.500001,0.000000,0.000000,0.000000,0
24950,112.162505,81.624999,0.000000,12.499809,90.000000,0
24960,112.162505,81.624999,0.000000,0.000000,0.000000,0
24970,112.275003,81.749997,0.000000,16.816773,48.012788,0
24980,112.275003,81.749997,0.000000,0.000000,0.000000,0
24990,112.275003,81.749997,0.000000,0.000000,0.000000,0
25000,112.275003,81.749997,0.000000,0.000000,0.000000,0
25010,112.387502,81.999998,0.000000,27.414657,65.772664,0
25020,112.500000,81.999998,0.000000,11.249828,0.000000,0
25030,112.500000,81.999998,0.000000,0.000000,0.000000,0
25040,112.725005,81.999998,0.000000,22.500515,0.000000,0
25050,112.837503,82.125001,0.000000,16.817128,48.013874,0
25060,112.950002,82.125001,0.000000,11.249828,0.000000,0
25070,113.174998,82.249999,0.000000,25.738683,29.054604,0
25080,113.287505,82.249999,0.000000,11.250687,0.000000,0
25090,113.400003,82.249999,0.000000,11.249828,0.000000,0
25100,113.400003,82.249999,0.000000,0.000000,0.000000,0
25110,113.512502,82.249999,0.000000,11.249828,0.000000,0
25120,113.625000,82.249999,0.000000,11.249828,0.000000,0
25130,113.625000,82.249999,0.000000,0.000000,0.000000,0
25140,113.850005,82.249999,0.000000,22.500515,0.000000,0
25150,113.850005,82.249999,0.000000,0.000000,0.000000,0
25160,113.962503,82.125001,0.000000,16.816773,-48.012788,0
25170,113.962503,82.125001,0.000000,0.000000,0.000000,0
25180,113.962503,81.999998,0.000000,12.500286,-90.000000,0
25190,113.962503,81.999998,0.000000,0.000000,0.000000,0
25200,113.962503,81.875000,0.000000,12.499809,-90.000000,0
25210,114.075002,81.875000,0.000000,11.249828,0.000000,0
25220,114.187500,81.875000,0.000000,11.249828,0.000000,0
25230,114.187500,81.875000,0.000000,0.000000,0.000000,0
25240,114.187500,81.875000,0.000000,0.000000,0.000000,0
25250,114.412505,81.999998,0.162109,25.739433,29.053676,1
25260,114.412505,81.999998,0.162109,0.000000,0.000000,1
25270,114.412505,81.999998,0.162109,0.000000,0.000000,1
25280,114.412505,81.999998,0.162109,0.000000,0.000000,1
25290,114.412505,81.999998,0.162109,0.000000,0.000000,1
25300,114.412505,81.999998,0.162109,0.000000,0.000000,1
25310,114.412505,81.999998,0.162109,0.000000,0.000000,1
25320,114.525003,81.999998,0.460938,11.249828,0.000000,1
25330,114.525003,81.999998,0.460938,0.000000,0.000000,1
25340,114.862498,81.999998,0.561523,33.749485,0.000000,1
25350,114.975005,81.999998,0.571289,11.250687,0.000000,1
25360,115.200002,81.999998,0.574219,22.499657,0.000000,1
25370,115.424998,81.999998,0.588867,22.499657,0.000000,1
25380,115.987498,81.999998,0.607422,56.250000,0.000000,1
25390,116.212503,81.875000,0.607422,25.739433,-29.053676,1
25400,116.549998,81.875000,0.608398,33.749485,0.000000,1
25410,117.112498,81.624999,0.620117,61.555400,-23.962570,1
25420,117.450002,81.500001,0.621094,35.990706,-20.322662,1
25430,118.012502,81.374998,0.644531,57.622215,-12.529085,1
25440,118.237498,81.124997,0.655273,33.633901,-48.013331,1
25450,118.575002,80.999999,0.655273,35.990706,-20.322662,1
25460,118.799998,80.875001,0.655273,25.738683,-29.054604,1
25470,119.025003,80.625000,0.673828,33.634476,-48.012244,1
25480,119.587503,80.000000,0.679688,84.085150,-48.012788,1
25490,119.812500,79.749999,0.691406,33.633901,-48.013331,1
25500,120.375000,79.000001,0.707031,93.749847,-53.130032,1
25510,120.712503,78.624997,0.707031,50.451603,-48.012788,1
25520,121.387502,77.874999,0.719727,100.901924,-48.012788,1
25530,121.612498,77.374997,0.721680,54.829314,-65.772664,1
25540,121.612498,77.374997,0.721680,0.000000,0.000000,1
25550,122.287505,76.624999,0.730469,100.902498,-48.012425,1
25560,122.625000,76.124997,0.731445,60.324513,-55.981157,1
25570,123.299998,75.250001,0.742188,110.509774,-52.352329,1
25580,123.750000,74.874997,0.742188,58.577249,-39.805750,1
25590,124.424998,74.000001,0.751953,110.509774,-52.352329,1
25600,124.762502,73.499999,0.753906,60.324993,-55.980481,1
25610,125.549998,72.624998,0.762695,117.719052,-48.012943,1
25620,125.887502,72.125001,0.778320,60.324598,-55.980228,1
25630,126.337503,71.624999,0.778320,67.268377,-48.012788,1
25640,127.125000,70.625000,0.791016,127.285071,-51.779663,1
25650,127.125000,70.625000,0.791016,0.000000,0.000000,1
25660,127.799998,69.749999,0.792969,110.510151,-52.352480,1
25670,128.137502,69.249997,0.793945,60.324993,-55.980481,1
25680,128.812500,68.375001,0.799805,110.509774,-52.352329,1
25690,129.150003,67.874999,0.799805,60.324993,-55.980481,1
25700,129.937500,66.999998,0.803711,117.719052,-48.012943,1
25710,130.275003,66.500001,0.803711,60.324598,-55.980228,1
25720,130.612498,66.124997,0.803711,50.451029,-48.013512,1
25730,130.950002,65.625000,0.810547,60.324598,-55.980228,1
25740,131.174998,65.124998,0.810547,54.829314,-65.772664,1
25750,131.850005,64.124999,0.823242,120.649590,-55.980354,1
25760,132.187500,63.750000,0.823242,50.450675,-48.013150,1
25770,132.750000,62.874999,0.832031,104.020811,-57.264802,1
25780,133.087503,62.500000,0.835938,50.451249,-48.012425,1
25790,133.650003,61.624999,0.840820,104.020811,-57.264802,1
25800,133.987498,61.250000,0.854492,50.450675,-48.013150,1
25810,134.325002,60.875001,0.854492,50.451249,-48.012425,1
25820,134.549998,60.499997,0.854492,43.732290,-59.036886,1
25830,134.887502,60.124998,0.853516,50.451249,-48.012425,1
25840,135.450002,59.375000,0.857422,93.749847,-53.130032,1
25850,135.674998,59.000001,0.857422,43.731881,-59.036565,1
25860,136.237498,58.375001,0.863281,84.085150,-48.012788,1
25870,136.462503,58.125000,0.863281,33.634476,-48.012244,1
25880,137.025003,57.750001,0.863281,67.604034,-33.690000,1
25890,137.250000,57.500000,0.863281,33.633901,-48.013331,1
25900,137.475005,57.374997,0.864258,25.739664,-29.054604,1
25910,137.700002,57.249999,0.864258,25.738683,-29.054604,1
25920,138.262502,56.999998,0.873047,61.555400,-23.962570,1
25930,138.600005,56.875000,0.873047,35.990706,-20.322662,1
25940,138.937500,56.875000,0.872070,33.749485,0.000000,1
25950,139.612498,56.875000,0.874023,67.499828,0.000000,1
25960,140.174998,56.875000,0.874023,56.250000,0.000000,1
25970,140.737498,57.125001,0.872070,61.555400,23.962570,1
25980,142.537505,58.125000,0.872070,205.913157,29.054488,1
25990,143.662505,59.000001,0.872070,142.521987,37.875014,1
26000,146.250000,61.500001,0.844727,359.793407,44.014723,1
26010,148.387510,63.874998,0.638672,319.524047,48.012616,1
26020,148.387510,63.874998,0.000000,0.000000,0.000000,0
26030,151.425007,68.249998,0.000000,532.606894,55.228335,0
26040,152.437500,70.000000,0.000000,202.179352,59.947748,0
26050,152.887510,71.124997,0.000000,121.166325,68.198088,0
26060,152.887510,71.124997,0.000000,0.000000,0.000000,0
26070,152.887510,71.124997,0.000000,0.000000,0.000000,0
26080,152.887510,71.124997,0.000000,0.000000,0.000000,0
26090,152.887510,71.124997,0.000000,0.000000,0.000000,0
26100,152.887510,71.124997,0.000000,0.000000,0.000000,0
26110,152.887510,71.124997,0.000000,0.000000,0.000000,0
26120,152.887510,71.124997,0.000000,0.000000,0.000000,0
26130,152.887510,71.124997,0.000000,0.000000,0.000000,0
26140,152.887510,71.124997,0.000000,0.000000,0.000000,0
26150,152.887510,71.124997,0.000000,0.000000,0.000000,0
26160,152.887510,71.124997,0.000000,0.000000,0.000000,0
26170,152.887510,71.124997,0.000000,0.000000,0.000000,0
26180,152.887510,71.124997,0.000000,0.000000,0.000000,0
26190,152.887510,71.124997,0.000000,0.000000,0.000000,0
26200,152.887510,71.124997,0.000000,0.000000,0.000000,0
26210,152.887510,71.124997,0.000000,0.000000,0.000000,0
26220,152.887510,71.124997,0.000000,0.000000,0.000000,0
26230,152.887510,71.124997,0.000000,0.000000,0.000000,0
26240,152.887510,71.124997,0.000000,0.000000,0.000000,0
26250,152.887510,71.124997,0.000000,0.000000,0.000000,0
26260,152.887510,71.124997,0.000000,0.000000,0.000000,0
26270,152.887510,71.124997,0.000000,0.000000,0.000000,0
26280,152.887510,71.124997,0.000000,0.000000,0.000000,0
26290,152.887510,71.124997,0.000000,0.000000,0.000000,0
26300,152.887510,71.124997,0.000000,0.000000,0.000000,0
26310,152.887510,71.124997,0.000000,0.000000,0.000000,0
26320,152.887510,71.124997,0.000000,0.000000,0.000000,0
26330,152.887510,71.124997,0.000000,0.000000,0.000000,0
26340,152.887510,71.124997,0.000000,0.000000,0.000000,0
26350,152.887510,71.124997,0.000000,0.000000,0.000000,0
26360,152.887510,71.124997,0.000000,0.000000,0.000000,0
26370,152.887510,71.124997,0.000000,0.000000,0.000000,0
26380,152.887510,71.124997,0.000000,0.000000,0.000000,0
26390,152.887510,71.124997,0.000000,0.000000,0.000000,0
26400,152.887510,71.124997,0.000000,0.000000,0.000000,0
26410,152.887510,71.124997,0.000000,0.000000,0.000000,0
26420,152.887510,71.124997,0.000000,0.000000,0.000000,0
26430,152.887510,71.124997,0.000000,0.000000,0.000000,0
26440,160.875000,104.124999,0.000000,3395.291030,76.393523,0
26450,160.875000,104.250000,0.000000,12.500048,90.000000,0
26460,160.875000,104.250000,0.000000,0.000000,0.000000,0
26470,160.875000,104.250000,0.000000,0.000000,0.000000,0
26480,160.875000,104.250000,0.000000,0.000000,0.000000,0
26490,160.875000,104.250000,0.000000,0.000000,0.000000,0
26500,160.762510,104.250000,0.000000,11.248970,180.000000,0
26510,160.650003,104.250000,0.000000,11.250687,180.000000,0
26520,160.537497,104.250000,0.000000,11.250687,180.000000,0
26530,160.537497,104.250000,0.000000,0.000000,0.000000,0
26540,160.537497,104.250000,0.000000,0.000000,0.000000,0
26550,160.425007,104.124999,0.000000,16.816377,-131.984495,0
26560,160.425007,104.124999,0.000000,0.000000,0.000000,0
26570,160.200010,103.999999,0.000000,25.738798,-150.944932,0
26580,159.974997,103.875000,0.000000,25.740183,-150.947252,0
26590,159.862507,103.875000,0.000000,11.248970,180.000000,0
26600,159.637510,103.750000,0.000000,25.738798,-150.944932,0
26610,159.412497,103.750000,0.000000,22.501373,180.000000,0
26620,158.737507,103.625000,0.000000,68.646647,-169.508327,0
26630,158.287497,103.499999,0.000000,46.704859,-164.476171,0
26640,157.387510,103.499999,0.000000,89.998627,180.000000,0
26650,157.162497,103.374999,0.000000,25.740299,-150.946788,0
26660,156.937500,103.374999,0.000000,22.499657,180.000000,0
26670,156.937500,103.374999,0.000000,0.000000,0.000000,0
26680,156.599997,103.499999,0.000000,35.990789,159.676982,0
26690,156.375000,103.499999,0.000000,22.499657,180.000000,0
26700,156.037497,103.625000,0.000000,35.990789,159.676982,0
26710,155.812500,103.750000,0.000000,25.738798,150.944932,0
26720,155.587503,103.750000,0.000000,22.499657,180.000000,0
26730,155.025003,103.750000,0.000000,56.250000,180.000000,0
26740,154.912497,103.750000,0.000000,11.250687,180.000000,0
26750,154.800007,103.750000,0.000000,11.248970,180.000000,0
26760,154.800007,103.499999,0.000000,25.000095,-90.000000,0
26770,154.687500,103.374999,0.000000,16.817525,-131.988843,0
26780,154.687500,103.374999,0.000000,0.000000,0.000000,0
26790,154.687500,103.250000,0.000000,12.499809,-90.000000,0
26800,154.687500,103.250000,0.000000,0.000000,0.000000,0
26810,154.687500,103.250000,0.000000,0.000000,0.000000,0
26820,154.687500,103.250000,0.000000,0.000000,0.000000,0
26830,154.687500,103.250000,0.000000,0.000000,0.000000,0
26840,154.575010,103.250000,0.000000,11.248970,180.000000,0
26850,154.575010,103.374999,0.000000,12.499809,90.000000,0
26860,154.462503,103.374999,0.000000,11.250687,180.000000,0
26870,154.349997,103.374999,0.000000,11.250687,180.000000,0
26880,154.237507,103.374999,0.000000,11.248970,180.000000,0
26890,154.237507,103.374999,0.000000,0.000000,0.000000,0
26900,154.012510,103.374999,0.000000,22.499657,180.000000,0
26910,154.012510,103.374999,0.000000,0.000000,0.000000,0
26920,153.900003,103.374999,0.000000,11.250687,180.000000,0
26930,153.787497,103.374999,0.000000,11.250687,180.000000,0
26940,153.787497,103.374999,0.000000,0.000000,0.000000,0
26950,153.675007,103.250000,0.000000,16.816199,-131.985039,0
26960,153.675007,103.250000,0.000000,0.000000,0.000000,0
26970,153.675007,103.250000,0.000000,0.000000,0.000000,0
26980,153.337503,103.125000,0.000000,35.990789,-159.676982,0
26990,153.224997,103.125000,0.000000,11.250687,180.000000,0
27000,153.112507,103.000000,0.000000,16.816377,-131.984495,0
27010,153.112507,103.000000,0.000000,0.000000,0.000000,0
27020,152.887510,102.874999,0.000000,25.738798,-150.944932,0
27030,152.775003,102.874999,0.000000,11.250687,180.000000,0
27040,152.662497,102.749999,0.000000,16.817525,-131.988843,0
27050,152.662497,102.749999,0.000000,0.000000,0.000000,0
27060,152.662497,102.749999,0.000000,0.000000,0.000000,0
27070,152.662497,102.749999,0.000000,0.000000,0.000000,0
27080,152.662497,102.749999,0.000000,0.000000,0.000000,0
27090,152.662497,102.749999,0.000000,0.000000,0.000000,0
27100,152.662497,102.749999,0.000000,0.000000,0.000000,0
27110,152.662497,102.749999,0.000000,0.000000,0.000000,0
27120,152.662497,102.749999,0.000000,0.000000,0.000000,0
27130,152.887510,102.749999,0.000000,22.501373,0.000000,0
27140,152.887510,102.749999,0.000000,0.000000,0.000000,0
27150,153.000000,102.749999,0.000000,11.248970,0.000000,0
27160,153.000000,102.749999,0.000000,0.000000,0.000000,0
27170,153.112507,102.625000,0.000000,16.817348,-48.010614,0
27180,153.224997,102.625000,0.000000,11.248970,0.000000,0
27190,153.224997,102.625000,0.000000,0.000000,0.000000,0
27200,153.224997,102.500000,0.000000,12.500048,-90.000000,0
27210,153.224997,102.500000,0.000000,0.000000,0.000000,0
27220,153.337503,102.500000,0.000000,11.250687,0.000000,0
27230,153.337503,102.500000,0.000000,0.000000,0.000000,0
27240,153.337503,102.500000,0.000000,0.000000,0.000000,0
27250,153.337503,102.500000,0.000000,0.000000,0.000000,0
27260,153.337503,102.500000,0.000000,0.000000,0.000000,0
27270,153.337503,102.500000,0.000000,0.000000,0.000000,0
27280,153.450010,102.500000,0.000000,11.250687,0.000000,0
27290,153.450010,102.500000,0.000000,0.000000,0.000000,0
27300,153.562500,102.500000,0.000000,11.248970,0.000000,0
27310,153.562500,102.500000,0.000000,0.000000,0.000000,0
27320,153.562500,102.500000,0.000000,0.000000,0.000000,0
27330,153.787497,102.500000,0.000000,22.499657,0.000000,0
27340,153.787497,102.500000,0.000000,0.000000,0.000000,0
27350,153.787497,102.500000,0.000000,0.000000,0.000000,0
27360,153.787497,102.500000,0.000000,0.000000,0.000000,0
27370,153.900003,102.500000,0.000000,11.250687,0.000000,0
27380,153.900003,102.500000,0.000000,0.000000,0.000000,0
27390,153.900003,102.500000,0.000000,0.000000,0.000000,0
27400,154.012510,102.500000,0.000000,11.250687,0.000000,0
27410,154.125000,102.500000,0.000000,11.248970,0.000000,0
27420,154.125000,102.500000,0.000000,0.000000,0.000000,0
27430,154.349997,102.500000,0.000000,22.499657,0.000000,0
27440,154.349997,102.500000,0.000000,0.000000,0.000000,0
27450,154.462503,102.625000,0.000000,16.817525,48.011157,0
27460,154.575010,102.625000,0.000000,11.250687,0.000000,0
27470,154.687500,102.749999,0.000000,16.816199,48.014961,0
27480,154.687500,102.749999,0.000000,0.000000,0.000000,0
27490,154.687500,102.749999,0.000000,0.000000,0.000000,0
27500,154.800007,102.874999,0.000000,16.817525,48.011157,0
27510,154.800007,102.874999,0.000000,0.000000,0.000000,0
27520,154.800007,102.874999,0.000000,0.000000,0.000000,0
27530,154.912497,103.000000,0.000000,16.816377,48.015505,0
27540,154.912497,103.000000,0.000000,0.000000,0.000000,0
27550,154.912497,103.250000,0.000000,25.000095,90.000000,0
27560,154.912497,103.374999,0.000000,12.499809,90.000000,0
27570,154.912497,103.499999,0.000000,12.500048,90.000000,0
27580,155.025003,103.875000,0.000000,39.151484,73.299853,0
27590,155.025003,104.124999,0.000000,24.999857,90.000000,0
27600,155.025003,104.375000,0.000000,25.000095,90.000000,0
27610,155.137510,104.624999,0.000000,27.414792,65.770823,0
27620,155.137510,104.749999,0.000000,12.500048,90.000000,0
27630,155.137510,105.000000,0.000000,25.000095,90.000000,0
27640,155.250000,105.374999,0.000000,39.150762,73.302159,0
27650,155.362507,105.500000,0.000000,16.817525,48.011157,0
27660,155.362507,105.750000,0.000000,25.000095,90.000000,0
27670,155.474997,106.125000,0.000000,39.150762,73.302159,0
27680,155.587503,106.375000,0.000000,27.415009,65.771028,0
27690,155.587503,106.624999,0.000000,24.999857,90.000000,0
27700,155.700010,107.249999,0.000000,63.504551,79.795417,0
27710,155.700010,107.249999,0.000000,0.000000,0.000000,0
27720,155.700010,107.874999,0.000000,62.500000,90.000000,0
27730,155.812500,108.374999,0.000000,51.249727,77.320728,0
27740,155.812500,108.750000,0.000000,37.500143,90.000000,0
27750,155.812500,108.999999,0.000000,24.999857,90.000000,0
27760,155.812500,109.624999,0.000000,62.500000,90.000000,0
27770,155.812500,109.875000,0.000000,25.000095,90.000000,0
27780,155.700010,110.249999,0.000000,39.150762,106.697841,0
27790,155.700010,111.125000,0.000000,87.500095,90.000000,0
27800,155.700010,111.125000,0.000000,0.000000,0.000000,0
27810,155.700010,111.875000,0.000000,75.000048,90.000000,0
27820,155.700010,112.625000,0.000000,75.000048,90.000000,0
27830,155.700010,113.000000,0.000000,37.499905,90.000000,0
27840,155.700010,113.374999,0.000000,37.499905,90.000000,0
27850,155.925007,113.999999,0.000000,66.426535,70.201402,0
27860,155.925007,114.250000,0.000000,25.000095,90.000000,0
27870,156.037497,114.375000,0.000000,16.816377,48.015505,0
27880,156.262510,114.624999,0.000000,33.634872,48.010886,0
27890,156.262510,114.749999,0.000000,12.500048,90.000000,0
27900,156.487507,114.749999,0.000000,22.499657,0.000000,0
27910,156.599997,114.749999,0.000000,11.248970,0.000000,0
27920,156.825010,114.875000,0.000000,25.740299,29.053212,0
27930,157.275003,114.875000,0.000000,44.999313,0.000000,0
27940,157.612507,114.875000,0.000000,33.750343,0.000000,0
27950,157.837503,114.875000,0.000000,22.499657,0.000000,0
27960,158.062500,114.749999,0.000000,25.738798,-29.055068,0
27970,158.512510,114.749999,0.000000,45.001030,0.000000,0
27980,158.737507,114.749999,0.000000,22.499657,0.000000,0
27990,158.962503,114.749999,0.000000,22.499657,0.000000,0
28000,159.187500,114.749999,0.000000,22.499657,0.000000,0
28010,159.525003,114.875000,0.000000,35.990789,20.323018,0
28020,159.637510,114.875000,0.000000,11.250687,0.000000,0
28030,159.637510,114.875000,0.000000,0.000000,0.000000,0
28040,159.750000,114.749999,0.000000,16.816377,-48.015505,0
28050,159.862507,114.624999,0.000000,16.817525,-48.011157,0
28060,159.862507,114.500000,0.000000,12.499809,-90.000000,0
28070,159.862507,114.375000,0.000000,12.500048,-90.000000,0
28080,159.862507,114.375000,0.000000,0.000000,0.000000,0
28090,159.862507,114.375000,0.000000,0.000000,0.000000,0
28100,159.862507,114.375000,0.000000,0.000000,0.000000,0
28110,159.862507,114.500000,0.000000,12.500048,90.000000,0
28120,159.862507,114.500000,0.000000,0.000000,0.000000,0
28130,159.637510,114.624999,0.000000,25.738683,150.945396,0
28140,159.412497,114.749999,0.000000,25.740299,150.946788,0
28150,159.300007,114.875000,0.000000,16.816377,131.984495,0
28160,159.300007,114.875000,0.000000,0.000000,0.000000,0
28170,159.075010,115.000000,0.000000,25.738798,150.944932,0
28180,158.737507,115.375000,0.000000,50.451338,131.987484,0
28190,158.625000,115.500000,0.000000,16.817436,131.989114,0
28200,158.625000,115.749999,0.000000,24.999976,90.000000,0
28210,158.400003,116.250000,0.000000,54.829205,114.227387,0
28220,158.287497,116.500000,0.000000,27.414900,114.229074,0
28230,158.175007,116.750000,0.000000,27.414196,114.225803,0
28240,157.950010,117.250000,0.000000,54.829205,114.227387,0
28250,157.950010,117.500000,0.000000,24.999976,90.000000,0
28260,157.837503,117.750000,0.000000,27.414900,114.229074,0
28270,157.837503,117.875000,0.000000,12.500048,90.000000,0
28280,157.724997,118.000000,0.000000,16.817436,131.989114,0
28290,157.724997,118.249999,0.000000,24.999976,90.000000,0
28300,157.724997,118.249999,0.000000,0.000000,0.000000,0
28310,157.724997,118.375000,0.000000,12.500048,90.000000,0
28320,157.950010,118.500000,0.000000,25.740299,29.053212,0
28330,158.062500,118.625000,0.000000,16.816288,48.015233,0
28340,158.062500,118.625000,0.000000,0.000000,0.000000,0
28350,158.062500,118.625000,0.000000,0.000000,0.000000,0
28360,158.287497,118.625000,0.000000,22.499657,0.000000,0
28370,158.287497,118.625000,0.000000,0.000000,0.000000,0
28380,158.287497,118.625000,0.000000,0.000000,0.000000,0
28390,158.287497,118.500000,0.000000,12.499928,-90.000000,0
28400,158.287497,118.500000,0.000000,0.000000,0.000000,0
28410,158.287497,118.500000,0.000000,0.000000,0.000000,0
28420,158.287497,118.500000,0.000000,0.000000,0.000000,0
28430,158.287497,118.500000,0.000000,0.000000,0.000000,0
28440,158.287497,118.500000,0.000000,0.000000,0.000000,0
28450,158.287497,118.500000,0.000000,0.000000,0.000000,0
28460,158.287497,118.625000,0.000000,12.499928,90.000000,0
28470,158.287497,118.625000,0.000000,0.000000,0.000000,0
28480,158.287497,118.625000,0.000000,0.000000,0.000000,0
28490,158.175007,118.874999,0.000000,27.414196,114.225803,0
28500,158.175007,118.874999,0.000000,0.000000,0.000000,0
28510,158.175007,119.000000,0.000000,12.500048,90.000000,0
28520,158.175007,119.250000,0.000000,24.999976,90.000000,0
28530,158.175007,119.250000,0.000000,0.000000,0.000000,0
28540,158.287497,119.499999,0.000000,27.414196,65.774197,0
28550,158.287497,119.625000,0.000000,12.500048,90.000000,0
28560,158.287497,119.625000,0.000000,0.000000,0.000000,0
28570,158.287497,119.625000,0.000000,0.000000,0.000000,0
28580,158.287497,119.750000,0.000000,12.500048,90.000000,0
28590,158.287497,119.750000,0.000000,0.000000,0.000000,0
28600,158.287497,119.750000,0.000000,0.000000,0.000000,0
28610,158.175007,119.750000,0.000000,11.248970,180.000000,0
28620,158.175007,119.750000,0.000000,0.000000,0.000000,0
28630,157.950010,119.750000,0.000000,22.499657,180.000000,0
28640,157.950010,119.875000,0.000000,12.499928,90.000000,0
28650,157.950010,119.875000,0.000000,0.000000,0.000000,0
28660,158.062500,120.000000,0.000000,16.816377,48.015505,0
28670,158.175007,120.124999,0.000000,16.817436,48.010886,0
28680,158.175007,120.124999,0.000000,0.000000,0.000000,0
28690,158.287497,120.124999,0.000000,11.248970,0.000000,0
28700,158.400003,120.250000,0.000000,16.817525,48.011157,0
28710,158.400003,120.250000,0.000000,0.000000,0.000000,0
28720,158.400003,120.250000,0.000000,0.000000,0.000000,0
28730,158.512510,120.250000,0.000000,11.250687,0.000000,0
28740,158.512510,120.250000,0.000000,0.000000,0.000000,0
28750,158.625000,120.250000,0.000000,11.248970,0.000000,0
28760,158.625000,120.250000,0.000000,0.000000,0.000000,0
28770,158.737507,120.375000,0.000000,16.817525,48.011157,0
28780,158.962503,120.375000,0.000000,22.499657,0.000000,0
28790,158.962503,120.500000,0.000000,12.499928,90.000000,0
28800,159.075010,120.500000,0.000000,11.250687,0.000000,0
28810,159.075010,120.500000,0.000000,0.000000,0.000000,0
28820,159.187500,120.625000,0.000000,16.816377,48.015505,0
28830,159.187500,120.625000,0.000000,0.000000,0.000000,0
28840,159.187500,120.625000,0.125977,0.000000,0.000000,1
28850,159.187500,120.625000,0.125977,0.000000,0.000000,1
28860,159.187500,120.625000,0.125977,0.000000,0.000000,1
28870,159.187500,120.625000,0.125977,0.000000,0.000000,1
28880,159.187500,120.625000,0.125977,0.000000,0.000000,1
28890,159.187500,120.625000,0.125977,0.000000,0.000000,1
28900,159.187500,120.625000,0.125977,0.000000,0.000000,1
28910,159.187500,120.625000,0.125977,0.000000,0.000000,1
28920,159.187500,120.625000,0.125977,0.000000,0.000000,1
28930,159.187500,120.625000,0.125977,0.000000,0.000000,1
28940,159.187500,120.625000,0.125977,0.000000,0.000000,1
28950,159.187500,120.625000,0.125977,0.000000,0.000000,1
28960,159.187500,120.625000,0.125977,0.000000,0.000000,1
28970,159.187500,120.625000,0.125977,0.000000,0.000000,1
28980,159.187500,120.625000,0.125977,0.000000,0.000000,1
28990,159.187500,120.625000,0.125977,0.000000,0.000000,1
29000,159.187500,120.625000,0.125977,0.000000,0.000000,1
29010,159.187500,120.625000,0.125977,0.000000,0.000000,1
29020,159.187500,120.625000,0.125977,0.000000,0.000000,1
29030,159.187500,120.625000,0.125977,0.000000,0.000000,1
29040,159.187500,120.625000,0.125977,0.000000,0.000000,1
29050,159.187500,120.625000,0.125977,0.000000,0.000000,1
29060,159.187500,120.625000,0.125977,0.000000,0.000000,1
29070,159.187500,120.625000,0.125977,0.000000,0.000000,1
29080,159.187500,120.625000,0.125977,0.000000,0.000000,1
29090,159.187500,120.625000,0.125977,0.000000,0.000000,1
29100,159.187500,120.625000,0.125977,0.000000,0.000000,1
29110,159.187500,120.625000,0.125977,0.000000,0.000000,1
29120,159.187500,120.625000,0.125977,0.000000,0.000000,1
29130,159.187500,120.625000,0.125977,0.000000,0.000000,1
29140,159.187500,120.625000,0.125977,0.000000,0.000000,1
29150,159.187500,120.625000,0.125977,0.000000,0.000000,1
29160,159.187500,120.625000,0.125977,0.000000,0.000000,1
29170,159.187500,120.625000,0.125977,0.000000,0.000000,1
29180,159.187500,120.625000,0.125977,0.000000,0.000000,1
29190,159.187500,120.625000,0.125977,0.000000,0.000000,1
29200,159.187500,120.625000,0.125977,0.000000,0.000000,1
29210,159.075010,120.625000,0.770508,11.248970,180.000000,1
29220,159.075010,120.625000,0.770508,0.000000,0.000000,1
29230,159.075010,120.625000,0.770508,0.000000,0.000000,1
29240,159.075010,120.625000,0.770508,0.000000,0.000000,1
29250,159.075010,120.625000,0.770508,0.000000,0.000000,1
29260,159.075010,120.625000,0.770508,0.000000,0.000000,1
29270,159.075010,120.625000,0.770508,0.000000,0.000000,1
29280,159.075010,120.625000,0.770508,0.000000,0.000000,1
29290,159.075010,120.625000,0.770508,0.000000,0.000000,1
29300,159.075010,120.625000,0.770508,0.000000,0.000000,1
29310,159.075010,120.625000,0.770508,0.000000,0.000000,1
29320,159.075010,120.625000,0.770508,0.000000,0.000000,1
29330,159.075010,120.625000,0.770508,0.000000,0.000000,1
29340,159.075010,120.625000,0.770508,0.000000,0.000000,1
29350,159.075010,120.625000,0.770508,0.000000,0.000000,1
29360,158.962503,120.500000,0.794922,16.817525,-131.988843,1
29370,158.962503,120.500000,0.794922,0.000000,0.000000,1
29380,158.962503,120.375000,0.794922,12.499928,-90.000000,1
29390,158.849997,120.124999,0.795898,27.415009,-114.228972,1
29400,158.737507,119.875000,0.795898,27.414196,-114.225803,1
29410,158.400003,119.250000,0.793945,71.030526,-118.369290,1
29420,158.175007,118.874999,0.793945,43.731983,-120.963355,1
29430,157.612507,117.750000,0.799805,125.778781,-116.565061,1
29440,157.162497,116.999999,0.795898,87.464849,-120.964319,1
29450,156.150003,115.124999,0.795898,213.090763,-118.368884,1
29460,155.700010,113.999999,0.795898,121.166020,-111.801095,1
29470,155.137510,113.000000,0.795898,114.734665,-119.357777,1
29480,154.575010,111.750000,0.795898,137.073201,-114.227745,1
29490,153.337503,108.999999,0.799805,301.561411,-114.227857,1
29500,152.662497,107.500000,0.793945,164.487993,-114.227984,1
29510,151.987507,105.999999,0.793945,164.487506,-114.227405,1
29520,150.750000,103.125000,0.791992,313.002281,-113.288848,1
29530,150.075010,101.875000,0.791016,142.060237,-118.368681,1
29540,148.950010,100.000000,0.793945,218.660696,-120.963757,1
29550,148.612507,99.124999,0.793945,93.783540,-111.092514,1
29560,148.162497,98.499999,0.791016,77.015211,-125.754509,1
29570,147.937500,98.000000,0.789063,54.829096,-114.227439,1
29580,147.825010,97.749999,0.791016,27.414305,-114.225700,1
29590,147.599997,97.375000,0.781250,43.732764,-120.965364,1
29600,147.487507,97.249999,0.753906,16.816377,-131.984495,1
29610,147.487507,97.249999,0.753906,0.000000,0.000000,1
29620,147.599997,97.500000,0.618164,27.414305,65.774300,1
29630,147.937500,98.250000,0.544922,82.244105,65.772050,1
29640,148.612507,99.749999,0.000000,164.487993,65.772016,0
29650,149.287497,101.375000,0.000000,175.961381,67.443081,0
29660,149.737507,102.124999,0.000000,87.464645,59.035601,0
29670,150.187500,102.749999,0.000000,77.014208,54.246527,0
29680,150.862507,103.499999,0.000000,100.902675,48.012516,0
29690,151.087503,103.625000,0.000000,25.738798,29.055068,0
29700,151.425007,103.999999,0.000000,50.451249,48.012425,0
29710,151.762510,104.250000,0.000000,42.001077,36.528681,0
29720,151.987507,104.375000,0.000000,25.738798,29.055068,0
29730,152.662497,104.875000,0.000000,84.000632,36.529247,0
29740,152.887510,105.000000,0.000000,25.740299,29.053212,0
29750,153.224997,105.249999,0.000000,41.999555,36.529814,0
29760,153.337503,105.374999,0.000000,16.817525,48.011157,0
29770,153.337503,105.374999,0.000000,0.000000,0.000000,0
29780,153.450010,105.500000,0.000000,16.817525,48.011157,0
29790,153.562500,105.500000,0.000000,11.248970,0.000000,0
29800,153.562500,105.500000,0.000000,0.000000,0.000000,0
29810,153.787497,105.625000,0.000000,25.738798,29.055068,0
29820,153.787497,105.625000,0.000000,0.000000,0.000000,0
29830,153.900003,105.625000,0.345703,11.250687,0.000000,1
29840,153.900003,105.625000,0.345703,0.000000,0.000000,1
29850,153.900003,105.625000,0.345703,0.000000,0.000000,1
29860,153.900003,105.625000,0.345703,0.000000,0.000000,1
29870,153.900003,105.625000,0.345703,0.000000,0.000000,1
29880,153.900003,105.625000,0.345703,0.000000,0.000000,1
29890,153.900003,105.750000,0.553711,12.500048,90.000000,1
29900,153.900003,105.750000,0.553711,0.000000,0.000000,1
29910,153.900003,105.750000,0.553711,0.000000,0.000000,1
29920,153.900003,105.750000,0.553711,0.000000,0.000000,1
29930,153.900003,105.750000,0.553711,0.000000,0.000000,1
29940,153.900003,105.750000,0.553711,0.000000,0.000000,1
29950,153.900003,105.750000,0.553711,0.000000,0.000000,1
29960,153.900003,105.750000,0.553711,0.000000,0.000000,1
29970,153.900003,105.750000,0.553711,0.000000,0.000000,1
29980,153.900003,105.750000,0.553711,0.000000,0.000000,1
29990,153.900003,105.750000,0.553711,0.000000,0.000000,1
30000,154.125000,105.874999,0.613281,25.738683,29.054604,1
30010,154.349997,105.999999,0.613281,25.738798,29.055068,1
30020,154.800007,106.250000,0.612305,51.479097,29.054140,1
30030,154.800007,106.250000,0.612305,0.000000,0.000000,1
30040,155.812500,106.875000,0.612305,118.986022,31.686541,1
30050,156.712503,107.500000,0.614258,109.573317,34.777729,1
30060,157.724997,108.125000,0.614258,118.986022,31.686541,1
30070,159.862507,109.375000,0.614258,247.617654,30.318776,1
30080,160.762510,109.875000,0.614258,102.956578,29.054488,1
30090,162.787497,110.625000,0.613281,215.941429,20.323275,1
30100,163.800007,110.874999,0.613281,104.291725,13.869474,1
30110,165.825010,111.125000,0.625977,204.037726,7.037956,1
30120,165.825010,111.125000,0.625977,0.000000,0.000000,1
30130,167.287497,111.250000,0.635742,146.781852,4.885267,1
30140,167.625000,111.250000,0.637695,33.750343,0.000000,1
30150,167.962503,111.250000,0.662109,33.750343,0.000000,1
30160,168.300007,111.125000,0.663086,35.990789,-20.323018,1
30170,168.412497,111.125000,0.678711,11.248970,0.000000,1
30180,168.525003,111.125000,0.685547,11.250687,0.000000,1
30190,168.637510,111.125000,0.694336,11.250687,0.000000,1
30200,168.637510,111.125000,0.694336,0.000000,0.000000,1
30210,168.637510,111.125000,0.694336,0.000000,0.000000,1
30220,168.637510,111.125000,0.694336,0.000000,0.000000,1
30230,168.412497,111.125000,0.705078,22.501373,180.000000,1
30240,168.412497,111.125000,0.705078,0.000000,0.000000,1
30250,167.287497,110.874999,0.125000,115.244326,-167.471146,1
30260,167.287497,110.874999,0.000000,0.000000,0.000000,0
30270,165.712503,110.625000,0.000000,159.471084,-170.980690,0
30280,165.150003,110.500000,0.000000,57.622163,-167.471146,0
30290,164.812500,110.500000,0.000000,33.750343,180.000000,0
30300,165.037497,110.374999,0.000000,25.738798,-29.055068,0
30310,164.925007,110.374999,0.000000,11.248970,180.000000,0
30320,164.362507,109.749999,0.000000,84.085150,-131.987212,0
30330,164.250000,109.250000,0.000000,51.250104,-102.681144,0
30340,164.137510,108.625000,0.000000,63.504247,-100.203059,0
30350,164.025003,106.750000,0.000000,187.837238,-93.433839,0
30360,163.912497,106.125000,0.000000,63.504551,-100.204583,0
30370,163.687500,105.625000,0.000000,54.829096,-114.227439,0
30380,163.237507,104.250000,0.000000,144.676195,-108.121596,0
30390,163.237507,104.250000,0.000000,0.000000,0.000000,0
30400,162.900003,103.499999,0.000000,82.244105,-114.227950,0
30410,161.887510,101.750000,0.000000,202.179145,-120.052286,0
30420,161.437500,101.375000,0.000000,58.577603,-140.195146,0
30430,160.762510,100.999999,0.000000,77.216395,-150.944932,0
30440,159.750000,100.000000,0.000000,142.308650,-135.356189,0
30450,158.962503,99.375000,0.000000,100.537348,-141.562577,0
30460,158.287497,98.875000,0.000000,84.002011,-143.471450,0
30470,156.937500,98.000000,0.000000,160.876269,-147.050690,0
30480,156.262510,97.749999,0.000000,71.979968,-159.676507,0
30490,155.700010,97.375000,0.000000,67.604034,-146.310000,0
30500,154.575010,96.875000,0.000000,123.110703,-156.037531,0
30510,154.125000,96.750000,0.000000,46.704859,-164.476171,0
30520,153.900003,96.750000,0.000000,22.499657,180.000000,0
30530,153.450010,96.499999,0.000000,51.477597,-150.944932,0
30540,153.224997,96.499999,0.000000,22.501373,180.000000,0
30550,153.112507,96.499999,0.000000,11.248970,180.000000,0
30560,152.662497,96.499999,0.000000,45.001030,180.000000,0
30570,152.550007,96.499999,0.000000,11.248970,180.000000,0
30580,152.550007,96.499999,0.000000,0.000000,0.000000,0
30590,152.550007,96.499999,0.000000,0.000000,0.000000,0
30600,152.325010,96.499999,0.000000,22.499657,180.000000,0
30610,152.325010,96.499999,0.000000,0.000000,0.000000,0
30620,152.325010,96.375000,0.000000,12.499809,-90.000000,0
30630,152.325010,96.375000,0.000000,0.000000,0.000000,0
30640,152.325010,96.125000,0.000000,25.000095,-90.000000,0
30650,152.325010,95.874999,0.000000,25.000095,-90.000000,0
30660,152.325010,95.750000,0.000000,12.499809,-90.000000,0
30670,152.325010,95.750000,0.000000,0.000000,0.000000,0
30680,152.325010,95.249999,0.000000,50.000191,-90.000000,0
30690,152.325010,95.125000,0.000000,12.499809,-90.000000,0
30700,152.437500,95.000000,0.000000,16.816377,-48.015505,0
30710,152.437500,95.000000,0.000000,0.000000,0.000000,0
30720,152.437500,94.749999,0.000000,25.000095,-90.000000,0
30730,152.437500,94.749999,0.000000,0.000000,0.000000,0
30740,152.437500,94.749999,0.000000,0.000000,0.000000,0
30750,152.662497,94.749999,0.000000,22.499657,0.000000,0
30760,152.662497,94.749999,0.000000,0.000000,0.000000,0
30770,152.662497,94.749999,0.000000,0.000000,0.000000,0
30780,152.662497,94.874997,0.000000,12.499809,90.000000,0
30790,152.662497,94.874997,0.000000,0.000000,0.000000,0
30800,152.662497,95.125000,0.000000,25.000334,90.000000,0
30810,152.662497,95.125000,0.000000,0.000000,0.000000,0
30820,152.662497,95.249999,0.000000,12.499809,90.000000,0
30830,152.550007,95.249999,0.000000,11.248970,180.000000,0
30840,152.550007,95.374999,0.000000,12.500048,90.000000,0
30850,152.550007,95.374999,0.000000,0.000000,0.000000,0
30860,152.325010,95.500000,0.000000,25.738798,150.944932,0
30870,152.325010,95.500000,0.000000,0.000000,0.000000,0
30880,152.325010,95.500000,0.000000,0.000000,0.000000,0
30890,152.099997,95.500000,0.000000,22.501373,180.000000,0
30900,152.099997,95.500000,0.000000,0.000000,0.000000,0
30910,151.987507,95.374999,0.000000,16.816377,-131.984495,0
30920,151.987507,95.374999,0.000000,0.000000,0.000000,0
30930,151.762510,95.249999,0.305664,25.738798,-150.944932,1
30940,151.762510,95.249999,0.305664,0.000000,0.000000,1
30950,151.762510,95.249999,0.305664,0.000000,0.000000,1
30960,151.762510,95.249999,0.305664,0.000000,0.000000,1
30970,151.762510,95.249999,0.305664,0.000000,0.000000,1
30980,151.762510,95.249999,0.305664,0.000000,0.000000,1
30990,151.425007,95.249999,0.404297,33.750343,180.000000,1
31000,151.312500,95.249999,0.408203,11.250687,180.000000,1
31010,151.312500,95.249999,0.408203,0.000000,0.000000,1
31020,151.312500,95.249999,0.408203,0.000000,0.000000,1
31030,151.200010,95.249999,0.449219,11.248970,180.000000,1
31040,151.200010,95.249999,0.449219,0.000000,0.000000,1
31050,151.200010,95.249999,0.449219,0.000000,0.000000,1
31060,151.200010,95.249999,0.449219,0.000000,0.000000,1
31070,151.200010,95.249999,0.449219,0.000000,0.000000,1
31080,151.200010,95.249999,0.449219,0.000000,0.000000,1
31090,151.200010,95.249999,0.449219,0.000000,0.000000,1
31100,151.200010,95.249999,0.449219,0.000000,0.000000,1
31110,151.200010,95.249999,0.449219,0.000000,0.000000,1
31120,151.200010,95.249999,0.449219,0.000000,0.000000,1
31130,151.200010,95.249999,0.449219,0.000000,0.000000,1
31140,151.200010,95.249999,0.449219,0.000000,0.000000,1
31150,151.200010,95.374999,0.469727,12.500048,90.000000,1
31160,151.312500,95.500000,0.469727,16.816377,48.015505,1
31170,151.537497,95.625000,0.467773,25.738798,29.055068,1
31180,151.987507,95.999999,0.467773,58.577603,39.804854,1
31190,152.212503,96.375000,0.469727,43.732085,59.036726,1
31200,152.887510,97.000000,0.477539,91.992351,42.797111,1
31210,153.337503,97.249999,0.477539,51.477481,29.054836,1
31220,153.787497,97.500000,0.477539,51.477597,29.055068,1
31230,154.912497,98.125000,0.514648,128.695377,29.054604,1
31240,154.912497,98.125000,0.514648,0.000000,0.000000,1
31250,156.599997,98.625000,0.537109,176.001584,16.504346,1
31260,157.387510,98.875000,0.547852,82.624352,17.612353,1
31270,158.737507,99.250000,0.567383,140.111206,15.524111,1
31280,159.075010,99.375000,0.567383,35.990789,20.323018,1
31290,160.087503,99.749999,0.575195,107.970673,20.323216,1
31300,160.650003,99.875000,0.582031,57.622163,12.528854,1
31310,161.437500,100.125000,0.602539,82.622716,17.612713,1
31320,162.562500,100.249999,0.639648,113.192293,6.340096,1
31330,162.562500,100.249999,0.639648,0.000000,0.000000,1
31340,163.575010,100.500000,0.647461,104.291782,13.869602,1
31350,164.025003,100.500000,0.668945,44.999313,0.000000,1
31360,164.587503,100.500000,0.673828,56.250000,0.000000,1
31370,164.812500,100.500000,0.683594,22.499657,0.000000,1
31380,165.037497,100.500000,0.685547,22.499657,0.000000,1
31390,165.487507,100.500000,0.702148,45.001030,0.000000,1
31400,165.712503,100.500000,0.707031,22.499657,0.000000,1
31410,165.825010,100.500000,0.727539,11.250687,0.000000,1
31420,165.825010,100.500000,0.727539,0.000000,0.000000,1
31430,165.825010,100.500000,0.727539,0.000000,0.000000,1
31440,165.825010,100.500000,0.727539,0.000000,0.000000,1
31450,165.937500,100.500000,0.782227,11.248970,0.000000,1
31460,165.937500,100.500000,0.782227,0.000000,0.000000,1
31470,165.937500,100.500000,0.782227,0.000000,0.000000,1
31480,165.937500,100.500000,0.782227,0.000000,0.000000,1
31490,165.937500,100.500000,0.782227,0.000000,0.000000,1
31500,165.487507,100.500000,0.784180,44.999313,180.000000,1
31510,165.150003,100.500000,0.736328,33.750343,180.000000,1
31520,164.700010,100.374999,0.000000,46.703205,-164.475607,0
31530,162.562500,99.749999,0.000000,222.701039,-163.701278,0
31540,161.662497,99.250000,0.000000,102.956578,-150.945512,0
31550,160.875000,98.750000,0.000000,93.281851,-147.587605,0
31560,159.637510,97.625000,0.000000,167.242479,-137.726086,0
31570,159.187500,97.124999,0.000000,67.268951,-131.987756,0
31580,158.849997,96.499999,0.000000,71.030526,-118.369290,0
31590,158.737507,95.999999,0.000000,51.249727,-102.679272,0
31600,158.737507,95.125000,0.000000,87.499857,-90.000000,0
31610,158.737507,94.625001,0.000000,49.999952,-90.000000,0
31620,158.175007,93.249998,0.000000,148.561069,-112.248982,0
31630,157.950010,92.249999,0.000000,102.499832,-102.680208,0
31640,157.387510,91.250000,0.000000,114.734665,-119.357777,0
31650,156.262510,89.625001,0.000000,197.642275,-124.695169,0
31660,155.812500,88.874998,0.000000,87.465054,-120.964239,0
31670,155.362507,88.125000,0.000000,87.463762,-120.963435,0
31680,154.912497,87.500000,0.000000,77.015211,-125.754509,0
31690,154.237507,86.624999,0.000000,110.509627,-127.647168,0
31700,154.012510,86.374998,0.000000,33.633901,-131.986669,0
31710,153.787497,85.999999,0.000000,43.732764,-120.965364,0
31720,153.675007,85.749998,0.000000,27.414305,-114.225700,0
31730,153.562500,85.625000,0.000000,16.817348,-131.989386,0
31740,153.337503,85.499997,0.000000,25.738914,-150.944468,0
31750,153.337503,85.499997,0.000000,0.000000,0.000000,0
31760,153.337503,85.499997,0.000000,0.000000,0.000000,0
31770,153.224997,85.749998,0.000000,27.415009,114.228972,0
31780,153.112507,85.875001,0.000000,16.816554,131.983952,0
31790,153.000000,85.999999,0.000000,16.817348,131.989386,0
31800,152.887510,86.124997,0.000000,16.816199,131.985039,0
31810,152.775003,86.250000,0.000000,16.817702,131.988299,0
31820,152.662497,86.250000,0.000000,11.250687,180.000000,0
31830,152.325010,86.250000,0.000000,33.748627,180.000000,0
31840,152.212503,86.124997,0.000000,16.817702,-131.988299,0
31850,152.099997,85.999999,0.000000,16.817348,-131.989386,0
31860,151.987507,85.999999,0.000000,11.248970,180.000000,0
31870,151.875000,85.875001,0.000000,16.817348,-131.989386,0
31880,151.762510,85.875001,0.000000,11.248970,180.000000,0
31890,151.650003,85.875001,0.000000,11.250687,180.000000,0
31900,151.650003,85.875001,0.000000,0.000000,0.000000,0
31910,151.650003,85.875001,0.000000,0.000000,0.000000,0
31920,151.650003,85.875001,0.000000,0.000000,0.000000,0
31930,151.650003,85.875001,0.000000,0.000000,0.000000,0
31940,151.650003,85.875001,0.000000,0.000000,0.000000,0
31950,151.537497,85.875001,0.000000,11.250687,180.000000,0
31960,151.537497,85.749998,0.000000,12.500286,-90.000000,0
31970,151.537497,85.625000,0.000000,12.499809,-90.000000,0
31980,151.425007,85.625000,0.000000,11.248970,180.000000,0
31990,151.425007,85.625000,0.000000,0.000000,0.000000,0
32000,151.425007,85.625000,0.000000,0.000000,0.000000,0
32010,151.425007,85.625000,0.000000,0.000000,0.000000,0
32020,151.537497,85.499997,0.000000,16.816554,-48.016048,0
32030,151.537497,85.499997,0.000000,0.000000,0.000000,0
32040,151.537497,85.499997,0.000000,0.000000,0.000000,0
32050,151.537497,85.499997,0.000000,0.000000,0.000000,0
32060,151.537497,85.499997,0.000000,0.000000,0.000000,0
32070,151.537497,85.499997,0.000000,0.000000,0.000000,0
32080,151.425007,85.499997,0.000000,11.248970,180.000000,0
32090,151.425007,85.374999,0.000000,12.499809,-90.000000,0
32100,151.425007,85.374999,0.000000,0.000000,0.000000,0
32110,151.087503,85.374999,0.000000,33.750343,180.000000,0
32120,151.087503,85.374999,0.000000,0.000000,0.000000,0
32130,150.974997,85.374999,0.000000,11.250687,180.000000,0
32140,150.974997,85.374999,0.000000,0.000000,0.000000,0
32150,150.862507,85.374999,0.000000,11.248970,180.000000,0
32160,150.862507,85.374999,0.000000,0.000000,0.000000,0
32170,150.862507,85.374999,0.000000,0.000000,0.000000,0
32180,150.862507,85.374999,0.000000,0.000000,0.000000,0
32190,150.862507,85.374999,0.000000,0.000000,0.000000,0
32200,150.862507,85.374999,0.000000,0.000000,0.000000,0
32210,150.862507,85.374999,0.000000,0.000000,0.000000,0
32220,150.637510,85.250001,0.000000,25.738683,-150.945396,0
32230,150.637510,85.250001,0.000000,0.000000,0.000000,0
32240,150.637510,85.250001,0.000000,0.000000,0.000000,0
32250,150.637510,85.124998,0.000000,12.500286,-90.000000,0
32260,150.637510,85.124998,0.000000,0.000000,0.000000,0
32270,150.525003,85.124998,0.000000,11.250687,180.000000,0
32280,150.525003,85.124998,0.000000,0.000000,0.000000,0
32290,150.525003,85.124998,0.000000,0.000000,0.000000,0
32300,150.525003,85.124998,0.000000,0.000000,0.000000,0
32310,150.525003,85.124998,0.000000,0.000000,0.000000,0
32320,150.525003,85.124998,0.000000,0.000000,0.000000,0
32330,150.525003,85.000000,0.000000,12.499809,-90.000000,0
32340,150.412497,85.000000,0.000000,11.250687,180.000000,0
32350,150.412497,85.000000,0.000000,0.000000,0.000000,0
32360,150.412497,84.874997,0.111328,12.500286,-90.000000,1
32370,150.412497,84.874997,0.111328,0.000000,0.000000,1
32380,150.412497,84.874997,0.111328,0.000000,0.000000,1
32390,150.412497,84.874997,0.111328,0.000000,0.000000,1
32400,150.412497,84.874997,0.111328,0.000000,0.000000,1
32410,150.412497,84.874997,0.111328,0.000000,0.000000,1
32420,150.412497,84.874997,0.111328,0.000000,0.000000,1
32430,150.412497,84.874997,0.111328,0.000000,0.000000,1
32440,150.412497,84.874997,0.111328,0.000000,0.000000,1
32450,150.412497,84.874997,0.111328,0.000000,0.000000,1
32460,150.412497,84.874997,0.111328,0.000000,0.000000,1
32470,150.412497,84.874997,0.111328,0.000000,0.000000,1
32480,150.412497,84.874997,0.111328,0.000000,0.000000,1
32490,150.412497,84.874997,0.111328,0.000000,0.000000,1
32500,150.412497,84.874997,0.111328,0.000000,0.000000,1
32510,150.412497,84.874997,0.111328,0.000000,0.000000,1
32520,150.412497,84.874997,0.111328,0.000000,0.000000,1
32530,150.412497,84.874997,0.111328,0.000000,0.000000,1
32540,150.412497,84.874997,0.111328,0.000000,0.000000,1
32550,150.412497,84.874997,0.111328,0.000000,0.000000,1
32560,150.412497,84.874997,0.111328,0.000000,0.000000,1
32570,150.412497,84.874997,0.111328,0.000000,0.000000,1
32580,150.412497,84.874997,0.111328,0.000000,0.000000,1
32590,150.412497,84.874997,0.111328,0.000000,0.000000,1
32600,150.412497,84.874997,0.111328,0.000000,0.000000,1
32610,150.412497,84.874997,0.111328,0.000000,0.000000,1
32620,150.412497,84.874997,0.111328,0.000000,0.000000,1
32630,150.412497,84.874997,0.111328,0.000000,0.000000,1
32640,150.412497,84.874997,0.111328,0.000000,0.000000,1
32650,150.412497,84.874997,0.111328,0.000000,0.000000,1
32660,150.412497,84.874997,0.111328,0.000000,0.000000,1
32670,150.412497,84.874997,0.111328,0.000000,0.000000,1
32680,150.412497,84.874997,0.111328,0.000000,0.000000,1
32690,150.412497,84.874997,0.111328,0.000000,0.000000,1
32700,150.412497,84.874997,0.111328,0.000000,0.000000,1
32710,150.412497,84.874997,0.111328,0.000000,0.000000,1
32720,150.412497,84.874997,0.111328,0.000000,0.000000,1
32730,150.412497,84.874997,0.111328,0.000000,0.000000,1
32740,150.412497,84.874997,0.111328,0.000000,0.000000,1
32750,150.412497,84.874997,0.111328,0.000000,0.000000,1
32760,150.412497,84.874997,0.111328,0.000000,0.000000,1
32770,150.300007,84.874997,0.677734,11.248970,180.000000,1
32780,150.300007,84.874997,0.677734,0.000000,0.000000,1
32790,150.187500,85.000000,0.676758,16.817702,131.988299,1
32800,150.187500,85.000000,0.676758,0.000000,0.000000,1
32810,150.075010,85.000000,0.672852,11.248970,180.000000,1
32820,149.962503,85.000000,0.677734,11.250687,180.000000,1
32830,149.849997,85.000000,0.678711,11.250687,180.000000,1
32840,149.625000,85.000000,0.678711,22.499657,180.000000,1
32850,149.400003,85.000000,0.674805,22.499657,180.000000,1
32860,149.175007,84.874997,0.671875,25.738914,-150.944468,1
32870,149.062500,84.749999,0.670898,16.817348,-131.989386,1
32880,148.837503,84.625001,0.671875,25.738683,-150.945396,1
32890,148.724997,84.375000,0.671875,27.415009,-114.228972,1
32900,148.724997,84.375000,0.671875,0.000000,0.000000,1
32910,148.500000,84.124999,0.663086,33.633901,-131.986669,1
32920,148.387510,83.750000,0.663086,39.150762,-106.697841,1
32930,148.050007,83.125000,0.659180,71.030526,-118.369290,1
32940,147.937500,82.874999,0.662109,27.415009,-114.228972,1
32950,147.712503,82.374997,0.663086,54.829314,-114.227336,1
32960,147.712503,82.249999,0.663086,12.499809,-90.000000,1
32970,147.712503,82.125001,0.653320,12.499809,-90.000000,1
32980,147.712503,82.125001,0.653320,0.000000,0.000000,1
32990,147.825010,81.999998,0.645508,16.817702,-48.011701,1
33000,147.937500,81.999998,0.650391,11.248970,0.000000,1
33010,148.162497,81.999998,0.648438,22.499657,0.000000,1
33020,148.500000,81.999998,0.648438,33.750343,0.000000,1
33030,148.724997,81.999998,0.644531,22.499657,0.000000,1
33040,149.175007,82.125001,0.644531,46.704923,15.524111,1
33050,149.512510,82.125001,0.642578,33.750343,0.000000,1
33060,149.737507,82.249999,0.646484,25.738683,29.054604,1
33070,150.525003,82.500000,0.642578,82.622716,17.612713,1
33080,150.525003,82.500000,0.642578,0.000000,0.000000,1
33090,151.537497,82.999997,0.647461,112.922074,26.281435,1
33100,152.099997,83.249998,0.647461,61.555400,23.962570,1
33110,153.562500,84.124999,0.643555,170.427197,30.891655,1
33120,154.237507,84.499998,0.647461,77.217780,29.054295,1
33130,154.912497,84.874997,0.652344,77.216279,29.054913,1
33140,156.262510,85.499997,0.652344,148.767002,24.842167,1
33150,157.050007,85.749998,0.647461,82.622716,17.612713,1
33160,158.849997,86.624999,0.647461,200.139691,25.925055,1
33170,158.849997,86.624999,0.647461,0.000000,0.000000,1
33180,160.762510,87.500000,0.662109,210.317271,24.584737,1
33190,161.775003,87.999997,0.669922,112.922074,26.281435,1
33200,163.912497,89.124999,0.669922,241.547225,27.758656,1
33210,165.037497,89.625001,0.666992,123.110800,23.962570,1
33220,166.050007,90.124998,0.666992,112.923613,26.281049,1
33230,167.849997,90.875001,0.660156,194.999159,22.620059,1
33240,168.637510,91.250000,0.665039,87.223974,25.462901,1
33250,169.537497,91.624999,0.668945,97.498696,22.620124,1
33260,169.875000,91.749997,0.666016,35.990706,20.322662,1
33270,170.212503,91.999998,0.666016,42.001077,36.528681,1
33280,170.212503,91.999998,0.666016,0.000000,0.000000,1
33290,170.550007,92.125001,0.666016,35.990871,20.323374,1
33300,170.550007,92.125001,0.666016,0.000000,0.000000,1
33310,170.550007,92.125001,0.666016,0.000000,0.000000,1
33320,170.550007,92.125001,0.666016,0.000000,0.000000,1
33330,170.550007,92.125001,0.666016,0.000000,0.000000,1
33340,170.550007,92.125001,0.666016,0.000000,0.000000,1
33350,170.550007,92.125001,0.666016,0.000000,0.000000,1
33360,170.662497,92.125001,0.771484,11.248970,0.000000,1
33370,170.662497,92.125001,0.771484,0.000000,0.000000,1
33380,170.662497,92.125001,0.771484,0.000000,0.000000,1
33390,170.775003,92.249999,0.768555,16.817348,48.010614,1
33400,170.775003,92.249999,0.768555,0.000000,0.000000,1
33410,170.775003,92.249999,0.768555,0.000000,0.000000,1
33420,170.775003,92.249999,0.768555,0.000000,0.000000,1
33430,170.775003,92.249999,0.768555,0.000000,0.000000,1
33440,170.775003,92.249999,0.768555,0.000000,0.000000,1
33450,170.775003,92.249999,0.768555,0.000000,0.000000,1
33460,170.775003,92.249999,0.768555,0.000000,0.000000,1
33470,170.775003,92.249999,0.768555,0.000000,0.000000,1
33480,170.775003,92.249999,0.768555,0.000000,0.000000,1
33490,170.775003,92.249999,0.768555,0.000000,0.000000,1
33500,170.775003,92.249999,0.768555,0.000000,0.000000,1
33510,170.662497,92.249999,0.794922,11.250687,180.000000,1
33520,170.325010,92.374997,0.794922,35.989096,159.676389,1
33530,169.987507,92.500000,0.786133,35.990871,159.676626,1
33540,169.200010,92.624998,0.731445,79.735523,170.980774,1
33550,167.849997,92.874999,0.000000,137.296670,169.508588,0
33560,166.162497,92.999997,0.000000,169.212316,175.763670,0
33570,165.037497,92.999997,0.000000,112.500000,180.000000,0
33580,163.237507,92.999997,0.000000,179.998970,180.000000,0
33590,162.562500,92.999997,0.000000,67.500687,180.000000,0
33600,162.112507,92.999997,0.000000,44.999313,180.000000,0
33610,161.775003,92.999997,0.000000,33.750343,180.000000,0
33620,161.550007,93.125000,0.000000,25.738914,150.944468,0
33630,161.437500,93.249998,0.000000,16.817348,131.989386,0
33640,161.212503,93.499999,0.000000,33.633901,131.986669,0
33650,161.099997,93.499999,0.000000,11.250687,180.000000,0
33660,161.099997,93.624997,0.000000,12.499809,90.000000,0
33670,161.099997,93.624997,0.000000,0.000000,0.000000,0
33680,161.099997,93.874998,0.000000,25.000095,90.000000,0
33690,161.099997,94.000001,0.000000,12.500286,90.000000,0
33700,161.212503,94.124999,0.000000,16.817348,48.010614,0
33710,161.212503,94.124999,0.000000,0.000000,0.000000,0
33720,161.325010,94.124999,0.000000,11.250687,0.000000,0
33730,161.437500,94.124999,0.000000,11.248970,0.000000,0
33740,161.437500,94.124999,0.000000,0.000000,0.000000,0
33750,161.437500,94.124999,0.000000,0.000000,0.000000,0
33760,161.437500,94.249997,0.000000,12.499809,90.000000,0
33770,161.437500,94.249997,0.000000,0.000000,0.000000,0
33780,161.437500,94.249997,0.000000,0.000000,0.000000,0
33790,161.550007,94.499998,0.000000,27.415009,65.771028,0
33800,161.662497,94.625001,0.000000,16.816554,48.016048,0
33810,161.662497,94.749999,0.000000,12.499809,90.000000,0
33820,161.775003,94.874997,0.000000,16.817348,48.010614,0
33830,161.887510,95.000000,0.158203,16.817702,48.011701,1
33840,161.887510,95.000000,0.158203,0.000000,0.000000,1
33850,161.887510,95.000000,0.158203,0.000000,0.000000,1
33860,161.887510,95.000000,0.158203,0.000000,0.000000,1
33870,161.887510,95.000000,0.158203,0.000000,0.000000,1
33880,161.887510,95.000000,0.158203,0.000000,0.000000,1
33890,161.550007,95.374999,0.518555,50.451249,131.987575,1
33900,161.550007,95.374999,0.518555,0.000000,0.000000,1
33910,161.437500,95.374999,0.555664,11.250687,180.000000,1
33920,161.437500,95.500000,0.563477,12.500048,90.000000,1
33930,161.437500,95.500000,0.563477,0.000000,0.000000,1
33940,161.325010,95.500000,0.595703,11.248970,180.000000,1
33950,161.325010,95.500000,0.595703,0.000000,0.000000,1
33960,161.212503,95.500000,0.636719,11.250687,180.000000,1
33970,161.212503,95.500000,0.636719,0.000000,0.000000,1
33980,161.099997,95.625000,0.666992,16.817525,131.988843,1
33990,160.987507,95.625000,0.681641,11.248970,180.000000,1
34000,160.762510,95.625000,0.686523,22.499657,180.000000,1
34010,160.650003,95.625000,0.686523,11.250687,180.000000,1
34020,160.537497,95.625000,0.693359,11.250687,180.000000,1
34030,160.425007,95.625000,0.717773,11.248970,180.000000,1
34040,160.087503,95.500000,0.726563,35.990789,-159.676982,1
34050,159.974997,95.500000,0.746094,11.250687,180.000000,1
34060,159.862507,95.374999,0.749023,16.816377,-131.984495,1
34070,159.525003,95.125000,0.750000,42.000935,-143.471580,1
34080,159.300007,94.874997,0.750977,33.634079,-131.986397,1
34090,158.962503,94.499998,0.753906,50.451249,-131.987575,1
34100,158.737507,94.249997,0.753906,33.633901,-131.986669,1
34110,158.625000,94.124999,0.750977,16.817348,-131.989386,1
34120,158.512510,93.874998,0.750977,27.414305,-114.225700,1
34130,158.175007,93.499999,0.750977,50.451249,-131.987575,1
34140,158.062500,93.249998,0.750977,27.415009,-114.228972,1
34150,157.950010,92.874999,0.751953,39.150762,-106.697841,1
34160,157.724997,92.125001,0.751953,78.302511,-106.700247,1
34170,157.612507,91.749997,0.755859,39.151219,-106.697640,1
34180,157.275003,90.749998,0.762695,105.541777,-108.649732,1
34190,157.050007,90.250001,0.772461,54.828879,-114.227541,1
34200,156.825010,89.499998,0.773438,78.302474,-106.698943,1
34210,156.599997,88.750000,0.805664,78.302511,-106.700247,1
34220,156.150003,87.500000,0.805664,132.853070,-109.798598,1
34230,156.037497,87.125001,0.816406,39.151255,-106.700247,1
34240,156.037497,86.875000,0.823242,25.000095,-90.000000,1
34250,155.925007,86.250000,0.827148,63.504247,-100.203059,1
34260,155.812500,85.749998,0.827148,51.250337,-102.681086,1
34270,155.700010,84.874997,0.837891,88.220213,-97.325735,1
34280,155.700010,84.874997,0.837891,0.000000,0.000000,1
34290,155.474997,84.000001,0.844727,90.346528,-104.421677,1
34300,155.362507,83.499999,0.845703,51.249960,-102.679213,1
34310,155.250000,83.125000,0.848633,39.151255,-106.700247,1
34320,155.137510,82.125001,0.849609,100.630613,-96.418210,1
34330,155.025003,81.749997,0.860352,39.151712,-106.700046,1
34340,154.800007,80.875001,0.860352,90.346100,-104.420623,1
34350,154.800007,80.374999,0.863281,50.000191,-90.000000,1
34360,154.687500,79.625001,0.866211,75.838970,-98.531300,1
34370,154.687500,79.625001,0.866211,0.000000,0.000000,1
34380,154.575010,78.750000,0.869141,88.220213,-97.325735,1
34390,154.575010,78.375001,0.872070,37.499905,-90.000000,1
34400,154.575010,77.999997,0.872070,37.500381,-90.000000,1
34410,154.462503,77.125001,0.868164,88.219959,-97.326881,1
34420,154.462503,76.749997,0.868164,37.500381,-90.000000,1
34430,154.462503,75.749998,0.865234,99.999905,-90.000000,1
34440,154.462503,75.374999,0.865234,37.499905,-90.000000,1
34450,154.462503,74.375000,0.870117,99.999905,-90.000000,1
34460,154.462503,74.375000,0.870117,0.000000,0.000000,1
34470,154.462503,73.499999,0.868164,87.500095,-90.000000,1
34480,154.462503,72.999997,0.868164,50.000191,-90.000000,1
34490,154.349997,72.500000,0.870117,51.249872,-102.681203,1
34500,154.349997,71.624999,0.870117,87.500095,-90.000000,1
34510,154.349997,71.124997,0.872070,50.000191,-90.000000,1
34520,154.237507,70.250001,0.867188,88.219740,-97.325775,1
34530,154.237507,69.874997,0.867188,37.500381,-90.000000,1
34540,154.237507,69.000001,0.871094,87.499619,-90.000000,1
34550,154.237507,69.000001,0.871094,0.000000,0.000000,1
34560,154.237507,68.249998,0.871094,75.000286,-90.000000,1
34570,154.237507,67.999997,0.874023,25.000095,-90.000000,1
34580,154.237507,67.624998,0.874023,37.499905,-90.000000,1
34590,154.237507,66.999998,0.869141,62.500000,-90.000000,1
34600,154.349997,66.749997,0.872070,27.414305,-65.774300,1
34610,154.349997,66.124997,0.875977,62.500000,-90.000000,1
34620,154.462503,65.875001,0.875977,27.414574,-65.770619,1
34630,154.462503,65.374999,0.878906,50.000191,-90.000000,1
34640,154.462503,65.374999,0.878906,0.000000,0.000000,1
34650,154.687500,64.874997,0.877930,54.829314,-65.772664,1
34660,154.687500,64.625001,0.877930,24.999619,-90.000000,1
34670,154.800007,64.499998,0.877930,16.817702,-48.011701,1
34680,154.912497,64.249997,0.877930,27.414305,-65.774300,1
34690,154.912497,64.124999,0.879883,12.499809,-90.000000,1
34700,155.025003,64.000001,0.879883,16.817348,-48.010614,1
34710,155.137510,63.874998,0.877930,16.817702,-48.011701,1
34720,155.137510,63.874998,0.877930,0.000000,0.000000,1
34730,155.250000,63.750000,0.875977,16.816199,-48.014961,1
34740,155.250000,63.750000,0.875977,0.000000,0.000000,1
34750,155.474997,63.624997,0.875000,25.738914,-29.055532,1
34760,155.474997,63.624997,0.875000,0.000000,0.000000,1
34770,155.700010,63.624997,0.868164,22.501373,0.000000,1
34780,155.812500,63.624997,0.868164,11.248970,0.000000,1
34790,156.037497,63.624997,0.868164,22.499657,0.000000,1
34800,156.150003,63.624997,0.868164,11.250687,0.000000,1
34810,156.262510,63.624997,0.861328,11.250687,0.000000,1
34820,156.599997,63.750000,0.858398,35.989262,20.324323,1
34830,156.599997,63.750000,0.858398,0.000000,0.000000,1
34840,157.162497,64.124999,0.860352,67.604034,33.690000,1
34850,157.162497,64.124999,0.860352,0.000000,0.000000,1
34860,157.612507,64.375000,0.856445,51.479097,29.054140,1
34870,157.950010,64.625001,0.859375,42.001077,36.528681,1
34880,158.400003,65.000000,0.852539,58.576284,39.805929,1
34890,158.625000,65.124998,0.851563,25.738683,29.054604,1
34900,158.849997,65.374999,0.852539,33.633901,48.013331,1
34910,159.412497,65.999999,0.853516,84.085150,48.012788,1
34920,159.412497,65.999999,0.853516,0.000000,0.000000,1
34930,161.325010,68.750000,0.848633,334.965879,55.182959,1
34940,161.325010,68.750000,0.848633,0.000000,0.000000,1
34950,163.349997,71.749997,0.833008,361.946850,55.980805,1
34960,164.474997,73.375001,0.814453,197.642667,55.304909,1
34970,165.825010,75.374999,0.792969,241.299180,55.980354,1
34980,168.974997,79.375000,0.632813,509.140659,51.779696,1
34990,171.337503,81.875000,0.000000,343.968584,46.619674,0
35000,173.587503,83.750000,0.000000,292.884363,39.805571,0
35010,173.587503,83.750000,0.000000,0.000000,0.000000,0
35020,177.075010,86.875000,0.000000,468.276939,41.862106,0
35030,177.862507,87.750001,0.000000,117.719052,48.012943,0
35040,178.650003,88.499999,0.000000,108.749620,43.602871,0
35050,179.775003,90.250001,0.000000,208.041623,57.264802,0
35060,180.224997,91.124997,0.000000,98.392690,62.784142,0
35070,180.112507,92.125001,0.000000,100.631087,96.418180,0
35080,179.887510,93.874998,0.000000,176.440172,97.326308,0
35090,179.662497,94.375000,0.000000,54.830018,114.228972,0
35100,179.662497,94.375000,0.000000,0.000000,0.000000,0
35110,179.775003,93.874998,0.000000,51.250337,-77.318914,0
35120,179.887510,93.750000,0.000000,16.817348,-48.010614,0
35130,180.112507,93.750000,0.000000,22.499657,0.000000,0
35140,180.337503,94.000001,0.000000,33.633901,48.013331,0
35150,180.450010,94.124999,0.000000,16.817348,48.010614,0
35160,180.450010,94.499998,0.000000,37.499905,90.000000,0
35170,180.450010,95.249999,0.000000,75.000048,90.000000,0
35180,180.450010,95.374999,0.000000,12.500048,90.000000,0
35190,180.450010,95.374999,0.000000,0.000000,0.000000,0
35200,180.224997,95.500000,0.000000,25.740299,150.946788,0
35210,180.112507,95.500000,0.000000,11.248970,180.000000,0
35220,180.112507,95.500000,0.000000,0.000000,0.000000,0
35230,179.887510,95.625000,0.000000,25.738798,150.944932,0
35240,179.775003,95.625000,0.000000,11.250687,180.000000,0
35250,179.662497,95.625000,0.000000,11.250687,180.000000,0
35260,179.550007,95.625000,0.000000,11.248970,180.000000,0
35270,179.212503,95.625000,0.000000,33.750343,180.000000,0
35280,178.987507,95.625000,0.000000,22.499657,180.000000,0
35290,178.312500,95.625000,0.000000,67.500687,180.000000,0
35300,177.974997,95.625000,0.000000,33.750343,180.000000,0
35310,177.525003,95.625000,0.000000,44.999313,180.000000,0
35320,176.737507,95.500000,0.000000,79.735561,-170.980605,0
35330,176.512510,95.500000,0.000000,22.499657,180.000000,0
35340,176.287497,95.374999,0.000000,25.740299,-150.946788,0
35350,175.837503,95.374999,0.000000,44.999313,180.000000,0
35360,175.724997,95.374999,0.000000,11.250687,180.000000,0
35370,175.500000,95.374999,0.000000,22.499657,180.000000,0
35380,174.937500,95.374999,0.000000,56.250000,180.000000,0
35390,174.599997,95.374999,0.000000,33.750343,180.000000,0
35400,174.262510,95.374999,0.000000,33.748627,180.000000,0
35410,173.587503,95.249999,0.000000,68.648335,-169.508588,0
35420,173.250000,95.249999,0.000000,33.750343,180.000000,0
35430,172.912497,95.125000,0.000000,35.990706,-159.677338,0
35440,172.349997,94.874997,0.000000,61.555497,-156.037227,0
35450,172.237507,94.749999,0.000000,16.816199,-131.985039,0
35460,172.012510,94.625001,0.000000,25.738683,-150.945396,0
35470,171.900003,94.375000,0.000000,27.415009,-114.228972,0
35480,171.787497,94.249997,0.000000,16.817702,-131.988299,0
35490,171.787497,94.249997,0.000000,0.000000,0.000000,0
35500,171.675007,94.124999,0.000000,16.816199,-131.985039,0
35510,171.675007,94.000001,0.000000,12.499809,-90.000000,0
35520,171.675007,93.874998,0.000000,12.500286,-90.000000,0
35530,171.675007,93.874998,0.000000,0.000000,0.000000,0
35540,171.675007,93.750000,0.000000,12.499809,-90.000000,0
35550,171.675007,93.750000,0.000000,0.000000,0.000000,0
35560,171.675007,93.750000,0.000000,0.000000,0.000000,0
35570,171.675007,93.750000,0.000000,0.000000,0.000000,0
35580,171.675007,93.750000,0.000000,0.000000,0.000000,0
35590,171.675007,93.750000,0.000000,0.000000,0.000000,0
35600,171.675007,93.750000,0.000000,0.000000,0.000000,0
35610,171.450010,93.750000,0.000000,22.499657,180.000000,0
35620,171.450010,93.750000,0.000000,0.000000,0.000000,0
35630,171.337503,93.750000,0.000000,11.250687,180.000000,0
35640,171.224997,93.750000,0.000000,11.250687,180.000000,0
35650,171.112507,93.750000,0.000000,11.248970,180.000000,0
35660,171.112507,93.874998,0.000000,12.499809,90.000000,0
35670,171.112507,93.874998,0.000000,0.000000,0.000000,0
35680,171.112507,93.874998,0.000000,0.000000,0.000000,0
35690,171.000000,94.000001,0.000000,16.817702,131.988299,0
35700,171.000000,94.000001,0.000000,0.000000,0.000000,0
35710,171.000000,94.000001,0.000000,0.000000,0.000000,0
35720,170.887510,94.000001,0.000000,11.248970,180.000000,0
35730,170.887510,94.000001,0.000000,0.000000,0.000000,0
35740,170.775003,94.000001,0.000000,11.250687,180.000000,0
35750,170.662497,94.124999,0.000000,16.817348,131.989386,0
35760,170.662497,94.124999,0.000000,0.000000,0.000000,0
35770,170.662497,94.124999,0.000000,0.000000,0.000000,0
35780,170.662497,94.124999,0.000000,0.000000,0.000000,0
35790,170.662497,94.249997,0.000000,12.499809,90.000000,0
35800,170.662497,94.249997,0.000000,0.000000,0.000000,0
35810,170.775003,94.249997,0.000000,11.250687,0.000000,0
35820,170.775003,94.249997,0.000000,0.000000,0.000000,0
35830,170.775003,94.249997,0.000000,0.000000,0.000000,0
35840,170.775003,94.249997,0.000000,0.000000,0.000000,0
35850,170.775003,94.249997,0.000000,0.000000,0.000000,0
35860,170.775003,94.249997,0.000000,0.000000,0.000000,0
35870,170.775003,94.124999,0.000000,12.499809,-90.000000,0
35880,170.887510,94.000001,0.000000,16.817348,-48.010614,0
35890,170.887510,93.874998,0.000000,12.500286,-90.000000,0
35900,171.112507,93.499999,0.000000,43.731881,-59.036565,0
35910,171.224997,93.375001,0.000000,16.816199,-48.014961,0
35920,171.337503,93.125000,0.000000,27.415009,-65.771028,0
35930,171.450010,92.750001,0.000000,39.151255,-73.299753,0
35940,171.450010,92.500000,0.000000,25.000095,-90.000000,0
35950,171.562500,92.374997,0.000000,16.816554,-48.016048,0
35960,171.562500,92.125001,0.000000,24.999619,-90.000000,0
35970,171.562500,91.999998,0.000000,12.500286,-90.000000,0
35980,171.562500,91.624999,0.000000,37.499905,-90.000000,0
35990,171.562500,91.500001,0.000000,12.499809,-90.000000,0
36000,171.562500,91.124997,0.000000,37.500381,-90.000000,0
36010,171.562500,91.124997,0.000000,0.000000,0.000000,0
36020,171.562500,90.875001,0.000000,24.999619,-90.000000,0
36030,171.562500,90.875001,0.000000,0.000000,0.000000,0
36040,171.562500,90.749998,0.000000,12.500286,-90.000000,0
36050,171.450010,90.749998,0.000000,11.248970,180.000000,0
36060,171.450010,90.749998,0.000000,0.000000,0.000000,0
36070,171.450010,90.749998,0.000000,0.000000,0.000000,0
36080,171.450010,90.749998,0.000000,0.000000,0.000000,0
36090,171.337503,90.749998,0.000000,11.250687,180.000000,0
36100,171.337503,90.875001,0.000000,12.500286,90.000000,0
36110,171.450010,90.999999,0.000000,16.817348,48.010614,0
36120,171.450010,91.124997,0.000000,12.499809,90.000000,0
36130,171.562500,91.124997,0.000000,11.248970,0.000000,0
36140,171.562500,91.124997,0.000000,0.000000,0.000000,0
36150,171.787497,91.250000,0.000000,25.738914,29.055532,0
36160,171.787497,91.374998,0.000000,12.499809,90.000000,0
36170,171.900003,91.500001,0.000000,16.817702,48.011701,0
36180,172.012510,91.500001,0.000000,11.250687,0.000000,0
36190,172.125000,91.624999,0.000000,16.816199,48.014961,0
36200,172.237507,91.749997,0.000000,16.817348,48.010614,0
36210,172.462503,91.875000,0.000000,25.738914,29.055532,0
36220,172.462503,91.875000,0.000000,0.000000,0.000000,0
36230,172.575010,91.999998,0.000000,16.817348,48.010614,0
36240,172.687500,92.125001,0.000000,16.816554,48.016048,0
36250,172.800007,92.249999,0.000000,16.817348,48.010614,0
36260,172.912497,92.249999,0.000000,11.248970,0.000000,0
36270,172.912497,92.374997,0.000000,12.499809,90.000000,0
36280,172.912497,92.374997,0.000000,0.000000,0.000000,0
36290,172.912497,92.374997,0.000000,0.000000,0.000000,0
36300,172.912497,92.374997,0.000000,0.000000,0.000000,0
36310,172.912497,92.374997,0.000000,0.000000,0.000000,0
36320,172.912497,92.374997,0.000000,0.000000,0.000000,0
36330,172.912497,92.374997,0.000000,0.000000,0.000000,0
36340,172.912497,92.374997,0.000000,0.000000,0.000000,0
36350,172.912497,92.374997,0.000000,0.000000,0.000000,0
36360,172.912497,92.624998,0.000000,25.000095,90.000000,0
36370,173.025003,92.624998,0.000000,11.250687,0.000000,0
36380,173.137510,92.750001,0.000000,16.817702,48.011701,0
36390,173.137510,92.750001,0.000000,0.000000,0.000000,0
36400,173.250000,92.750001,0.000000,11.248970,0.000000,0
36410,173.250000,92.750001,0.000000,0.000000,0.000000,0
36420,173.250000,92.750001,0.000000,0.000000,0.000000,0
36430,173.474997,92.750001,0.000000,22.499657,0.000000,0
36440,173.700010,92.750001,0.000000,22.501373,0.000000,0
36450,173.700010,92.750001,0.000000,0.000000,0.000000,0
36460,173.812500,92.624998,0.000000,16.816554,-48.016048,0
36470,173.812500,92.500000,0.000000,12.499809,-90.000000,0
36480,173.812500,92.500000,0.000000,0.000000,0.000000,0
36490,173.925007,92.249999,0.000000,27.415009,-65.771028,0
36500,173.700010,91.999998,0.000000,33.633901,-131.986669,0
36510,173.587503,91.875000,0.000000,16.817348,-131.989386,0
36520,173.474997,91.875000,0.000000,11.250687,180.000000,0
36530,173.137510,91.749997,0.000000,35.989262,-159.675677,0
36540,173.025003,91.624999,0.000000,16.817348,-131.989386,0
36550,172.800007,91.624999,0.000000,22.499657,180.000000,0
36560,172.575010,91.500001,0.000000,25.738683,-150.945396,0
36570,172.462503,91.500001,0.000000,11.250687,180.000000,0
36580,172.237507,91.500001,0.000000,22.499657,180.000000,0
36590,172.012510,91.500001,0.000000,22.499657,180.000000,0
36600,171.787497,91.500001,0.000000,22.501373,180.000000,0
36610,171.675007,91.500001,0.000000,11.248970,180.000000,0
36620,171.675007,91.500001,0.000000,0.000000,0.000000,0
36630,171.224997,91.624999,0.000000,46.704796,164.476453,0
36640,171.112507,91.749997,0.000000,16.816199,131.985039,0
36650,171.000000,92.249999,0.000000,51.250337,102.681086,0
36660,170.887510,92.500000,0.000000,27.414305,114.225700,0
36670,170.887510,92.750001,0.000000,25.000095,90.000000,0
36680,170.775003,93.375001,0.000000,63.504551,100.204583,0
36690,170.662497,93.750000,0.000000,39.151255,106.700247,0
36700,170.662497,94.000001,0.000000,25.000095,90.000000,0
36710,170.662497,94.749999,0.000000,74.999809,90.000000,0
36720,170.662497,95.125000,0.000000,37.500143,90.000000,0
36730,170.662497,95.374999,0.000000,24.999857,90.000000,0
36740,170.775003,95.874999,0.000000,51.250104,77.318856,0
36750,170.887510,95.999999,0.000000,16.817525,48.011157,0
36760,171.000000,96.125000,0.000000,16.816377,48.015505,0
36770,171.224997,96.250000,0.000000,25.738798,29.055068,0
36780,171.337503,96.250000,0.000000,11.250687,0.000000,0
36790,171.450010,96.375000,0.297852,16.817525,48.011157,1
36800,171.450010,96.375000,0.297852,0.000000,0.000000,1
36810,171.450010,96.375000,0.297852,0.000000,0.000000,1
36820,171.450010,96.375000,0.297852,0.000000,0.000000,1
36830,171.450010,96.375000,0.297852,0.000000,0.000000,1
36840,171.450010,96.375000,0.297852,0.000000,0.000000,1
36850,171.450010,96.375000,0.297852,0.000000,0.000000,1
36860,171.450010,95.874999,0.558594,50.000191,-90.000000,1
36870,171.450010,95.874999,0.558594,0.000000,0.000000,1
36880,171.337503,94.625001,0.610352,125.505053,-95.143087,1
36890,171.224997,93.750000,0.645508,88.220432,-97.326841,1
36900,171.000000,92.750001,0.666992,102.499832,-102.680208,1
36910,170.550007,90.374999,0.716797,241.725627,-100.728691,1
36920,170.325010,89.000001,0.728516,139.328504,-99.293182,1
36930,169.875000,85.999999,0.761719,303.356568,-98.530953,1
36940,169.650003,84.375000,0.775391,164.050156,-97.883025,1
36950,169.087503,80.875001,0.798828,354.491179,-99.130179,1
36960,169.087503,80.875001,0.798828,0.000000,0.000000,1
36970,168.412497,77.374997,0.821289,356.450010,-100.915979,1
36980,168.187500,75.875001,0.821289,151.677685,-98.530659,1
36990,167.849997,74.625001,0.821289,129.476197,-105.109722,1
37000,167.625000,72.750001,0.829102,188.845134,-96.842670,1
37010,167.512510,72.125001,0.837891,63.504247,-100.203059,1
37020,167.512510,71.624999,0.837891,50.000191,-90.000000,1
37030,167.512510,71.500001,0.837891,12.499809,-90.000000,1
37040,167.512510,71.250000,0.830078,25.000095,-90.000000,1
37050,167.512510,71.250000,0.830078,0.000000,0.000000,1
37060,167.512510,71.250000,0.830078,0.000000,0.000000,1
37070,167.512510,71.624999,0.765625,37.499905,90.000000,1
37080,167.512510,72.624998,0.708984,99.999905,90.000000,1
37090,167.512510,76.624999,0.143555,400.000095,90.000000,1
37100,167.512510,76.624999,0.000000,0.000000,0.000000,0
37110,167.400003,79.249997,0.000000,262.740800,92.454183,0
37120,167.287497,82.624998,0.000000,337.687566,91.909268,0
37130,167.287497,85.749998,0.000000,312.500000,90.000000,0
37140,167.287497,87.125001,0.000000,137.500286,90.000000,0
37150,167.400003,88.624997,0.000000,150.420954,85.710575,0
37160,167.962503,91.250000,0.000000,268.459425,77.905256,0
37170,168.187500,92.500000,0.000000,127.008797,79.796179,0
37180,168.412497,93.750000,0.000000,127.008797,79.796179,0
37190,168.525003,95.874999,0.000000,212.797479,86.969336,0
37200,168.525003,96.875000,0.000000,100.000143,90.000000,0
37210,168.637510,97.625000,0.000000,75.839206,81.468727,0
37220,168.750000,98.875000,0.000000,125.505137,84.857704,0
37230,168.750000,99.375000,0.000000,49.999952,90.000000,0
37240,168.750000,99.624999,0.000000,24.999857,90.000000,0
37250,168.750000,99.875000,0.000000,25.000095,90.000000,0
37260,168.750000,99.875000,0.000000,0.000000,0.000000,0
37270,168.862507,100.625000,0.000000,75.839206,81.468727,0
37280,168.862507,100.999999,0.000000,37.499905,90.000000,0
37290,169.087503,101.624999,0.000000,66.426535,70.201402,0
37300,169.312500,102.000000,0.000000,43.732085,59.036726,0
37310,169.425007,102.249999,0.000000,27.414792,65.770823,0
37320,169.650003,102.625000,0.000000,43.732085,59.036726,0
37330,169.762510,102.625000,0.000000,11.250687,0.000000,0
37340,169.762510,102.749999,0.000000,12.499809,90.000000,0
37350,169.987507,102.874999,0.000000,25.738798,29.055068,0
37360,169.987507,102.874999,0.000000,0.000000,0.000000,0
37370,169.987507,102.874999,0.000000,0.000000,0.000000,0
37380,169.987507,103.000000,0.000000,12.500048,90.000000,0
37390,169.987507,103.000000,0.000000,0.000000,0.000000,0
37400,169.987507,103.250000,0.000000,25.000095,90.000000,0
37410,169.987507,103.374999,0.000000,12.499809,90.000000,0
37420,169.987507,103.374999,0.000000,0.000000,0.000000,0
37430,169.987507,103.374999,0.000000,0.000000,0.000000,0
37440,169.762510,103.499999,0.000000,25.738798,150.944932,0
37450,169.537497,103.499999,0.000000,22.501373,180.000000,0
37460,169.425007,103.499999,0.000000,11.248970,180.000000,0
37470,169.425007,103.499999,0.000000,0.000000,0.000000,0
37480,169.200010,103.250000,0.000000,33.633724,-131.986941,0
37490,169.200010,103.250000,0.000000,0.000000,0.000000,0
37500,169.200010,103.125000,0.000000,12.500048,-90.000000,0
37510,169.200010,103.125000,0.000000,0.000000,0.000000,0
37520,169.200010,102.874999,0.000000,25.000095,-90.000000,0
37530,169.200010,102.874999,0.000000,0.000000,0.000000,0
37540,169.312500,102.625000,0.000000,27.414087,-65.774095,0
37550,169.312500,102.625000,0.354492,0.000000,0.000000,1
37560,169.312500,102.625000,0.354492,0.000000,0.000000,1
37570,169.312500,102.625000,0.354492,0.000000,0.000000,1
37580,169.312500,102.625000,0.354492,0.000000,0.000000,1
37590,169.312500,102.625000,0.354492,0.000000,0.000000,1
37600,169.312500,102.625000,0.354492,0.000000,0.000000,1
37610,169.312500,102.249999,0.504883,37.500143,-90.000000,1
37620,169.312500,102.249999,0.504883,0.000000,0.000000,1
37630,169.312500,102.249999,0.504883,0.000000,0.000000,1
37640,169.312500,102.249999,0.504883,0.000000,0.000000,1
37650,169.312500,102.249999,0.504883,0.000000,0.000000,1
37660,169.312500,102.249999,0.504883,0.000000,0.000000,1
37670,169.312500,102.249999,0.504883,0.000000,0.000000,1
37680,169.312500,102.375000,0.583008,12.500048,90.000000,1
37690,169.312500,102.375000,0.583008,0.000000,0.000000,1
37700,169.425007,102.625000,0.584961,27.415009,65.771028,1
37710,169.425007,102.625000,0.584961,0.000000,0.000000,1
37720,169.537497,102.749999,0.581055,16.816199,48.014961,1
37730,169.875000,103.125000,0.583008,50.451426,48.012606,1
37740,170.099997,103.374999,0.583008,33.633724,48.013059,1
37750,170.887510,103.875000,0.576172,93.283428,32.411953,1
37760,171.337503,104.250000,0.576172,58.576284,39.805929,1
37770,172.687500,105.125000,0.576172,160.876269,32.949310,1
37780,173.474997,105.625000,0.576172,93.281851,32.412395,1
37790,174.712503,106.125000,0.578125,133.469950,22.000569,1
37800,174.712503,106.125000,0.578125,0.000000,0.000000,1
37810,175.275003,106.375000,0.578125,61.555400,23.962570,1
37820,176.512510,106.750000,0.587891,129.307677,16.858270,1
37830,177.075010,106.875000,0.587891,57.622163,12.528854,1
37840,178.537497,107.124999,0.607422,148.369989,9.700427,1
37850,179.212503,107.249999,0.627930,68.648335,10.491412,1
37860,180.787497,107.500000,0.630859,159.471121,9.019395,1
37870,181.575010,107.625000,0.644531,79.737256,9.019202,1
37880,182.362507,107.749999,0.644531,79.735523,9.019226,1
37890,183.825010,107.874999,0.649414,146.783562,4.885210,1
37900,183.825010,107.874999,0.649414,0.000000,0.000000,1
37910,185.062500,108.000000,0.653320,124.378691,5.767958,1
37920,185.737507,108.125000,0.653320,68.648335,10.491412,1
37930,186.974997,108.125000,0.649414,123.748970,0.000000,1
37940,187.537497,108.125000,0.649414,56.250000,0.000000,1
37950,188.437500,108.125000,0.648438,90.000343,0.000000,1
37960,188.775003,108.125000,0.651367,33.750343,0.000000,1
37970,189.000000,108.000000,0.652344,25.738798,-29.055068,1
37980,189.562500,108.000000,0.652344,56.250000,0.000000,1
37990,189.562500,108.000000,0.652344,0.000000,0.000000,1
38000,190.125000,107.749999,0.650391,61.555400,-23.962570,1
38010,190.349997,107.625000,0.650391,25.738683,-29.054604,1
38020,190.575010,107.500000,0.653320,25.740299,-29.053212,1
38030,190.687500,107.375000,0.657227,16.816377,-48.015505,1
38040,190.912497,107.000000,0.657227,43.731881,-59.036565,1
38050,190.912497,106.875000,0.665039,12.500048,-90.000000,1
38060,191.025003,106.624999,0.665039,27.415009,-65.771028,1
38070,191.250000,106.250000,0.670898,43.731881,-59.036565,1
38080,191.250000,106.250000,0.670898,0.000000,0.000000,1
38090,191.362507,105.750000,0.675781,51.250104,-77.318856,1
38100,191.474997,105.374999,0.675781,39.150990,-73.302260,1
38110,191.587503,104.749999,0.685547,63.504551,-79.795417,1
38120,191.700010,104.375000,0.687500,39.151255,-73.299753,1
38130,191.700010,103.875000,0.690430,49.999952,-90.000000,1
38140,191.812500,103.000000,0.702148,88.220213,-82.674265,1
38150,191.925007,102.500000,0.727539,51.250104,-77.318856,1
38160,192.037497,101.499999,0.727539,100.630850,-83.581805,1
38170,192.037497,101.499999,0.727539,0.000000,0.000000,1
38180,192.262510,100.500000,0.737305,102.500208,-77.318856,1
38190,192.262510,99.875000,0.741211,62.500000,-90.000000,1
38200,192.375000,98.250000,0.757813,162.888791,-86.040047,1
38210,192.487507,97.500000,0.781250,75.839206,-81.468727,1
38220,192.487507,96.875000,0.781250,62.500000,-90.000000,1
38230,192.487507,95.500000,0.798828,137.500048,-90.000000,1
38240,192.487507,94.749999,0.805664,75.000048,-90.000000,1
38250,192.487507,93.375001,0.816406,137.499809,-90.000000,1
38260,192.487507,93.375001,0.816406,0.000000,0.000000,1
38270,192.487507,91.999998,0.829102,137.500286,-90.000000,1
38280,192.487507,91.374998,0.829102,62.500000,-90.000000,1
38290,192.487507,89.874997,0.833008,150.000095,-90.000000,1
38300,192.487507,89.124999,0.833008,74.999809,-90.000000,1
38310,192.375000,88.249998,0.839844,88.220432,-97.326841,1
38320,192.150003,86.500001,0.844727,176.440172,-97.326308,1
38330,192.037497,85.499997,0.867188,100.631279,-96.419151,1
38340,191.812500,83.750000,0.867188,176.440172,-97.326308,1
38350,191.700010,82.874999,0.876953,88.220213,-97.325735,1
38360,191.700010,81.999998,0.876953,87.500095,-90.000000,1
38370,191.587503,81.124997,0.881836,88.220432,-97.326841,1
38380,191.474997,79.375000,0.883789,175.360993,-93.678469,1
38390,191.474997,78.375001,0.897461,99.999905,-90.000000,1
38400,191.362507,77.374997,0.897461,100.631087,-96.418180,1
38410,191.250000,75.250001,0.904297,212.797241,-93.030667,1
38420,191.137510,74.124999,0.907227,113.061188,-95.710064,1
38430,191.025003,71.875000,0.915039,225.281013,-92.862581,1
38440,190.912497,70.875001,0.917969,100.630805,-96.419181,1
38450,190.800007,69.874997,0.929688,100.631087,-96.418180,1
38460,190.800007,68.874998,0.929688,99.999905,-90.000000,1
38470,190.687500,67.874999,0.929688,100.630805,-96.419181,1
38480,190.575010,65.999999,0.929688,187.837135,-93.433317,1
38490,190.462503,65.000000,0.930664,100.630805,-96.419181,1
38500,190.349997,63.125000,0.931641,187.837238,-93.433839,1
38510,190.237507,62.249999,0.934570,88.220213,-97.325735,1
38520,190.012510,60.374999,0.934570,188.845134,-96.842670,1
38530,189.900003,59.375000,0.933594,100.630805,-96.419181,1
38540,189.787497,58.499999,0.935547,88.220432,-97.326841,1
38550,189.562500,57.624998,0.934570,90.346562,-104.420547,1
38560,189.450010,56.749997,0.934570,88.220213,-97.325735,1
38570,189.112507,55.124998,0.941406,165.967782,-101.733207,1
38580,188.887510,54.499998,0.941406,66.426535,-109.798598,1
38590,188.550007,53.125000,0.933594,141.581366,-103.791020,1
38600,188.325010,52.500000,0.933594,66.426535,-109.798598,1
38610,187.875000,51.374998,0.930664,121.166768,-111.801828,1
38620,187.537497,50.874996,0.932617,60.324993,-124.019519,1
38630,187.425007,50.500002,0.935547,39.150305,-106.698041,1
38640,187.200010,50.124998,0.935547,43.732290,-120.963114,1
38650,186.862507,49.624996,0.935547,60.324993,-124.019519,1
38660,186.637510,49.250002,0.935547,43.731472,-120.963757,1
38670,186.300007,48.874998,0.935547,50.451603,-131.987212,1
38680,185.849997,48.374996,0.938477,67.268951,-131.987756,1
38690,185.625000,48.125000,0.937500,33.633547,-131.987212,1
38700,185.287497,47.874994,0.937500,42.001361,-143.470796,1
38710,185.175007,47.874994,0.933594,11.248970,180.000000,1
38720,185.062500,47.874994,0.933594,11.250687,180.000000,1
38730,185.062500,47.749996,0.933594,12.499809,-90.000000,1
38740,184.950010,47.749996,0.930664,11.248970,180.000000,1
38750,184.950010,47.749996,0.930664,0.000000,0.000000,1
38760,184.950010,47.749996,0.930664,0.000000,0.000000,1
38770,184.950010,47.749996,0.930664,0.000000,0.000000,1
38780,184.950010,47.749996,0.930664,0.000000,0.000000,1
38790,184.950010,47.749996,0.930664,0.000000,0.000000,1
38800,184.950010,47.749996,0.930664,0.000000,0.000000,1
38810,184.950010,47.749996,0.930664,0.000000,0.000000,1
38820,184.950010,47.749996,0.930664,0.000000,0.000000,1
38830,184.950010,47.749996,0.930664,0.000000,0.000000,1
38840,184.950010,47.749996,0.930664,0.000000,0.000000,1
38850,184.950010,47.749996,0.930664,0.000000,0.000000,1
38860,184.950010,47.749996,0.930664,0.000000,0.000000,1
38870,184.950010,47.749996,0.930664,0.000000,0.000000,1
38880,184.950010,47.749996,0.930664,0.000000,0.000000,1
38890,184.950010,47.749996,0.930664,0.000000,0.000000,1
38900,184.950010,47.749996,0.930664,0.000000,0.000000,1
38910,184.950010,47.749996,0.930664,0.000000,0.000000,1
38920,184.950010,47.749996,0.930664,0.000000,0.000000,1
38930,184.950010,47.749996,0.930664,0.000000,0.000000,1
38940,184.950010,47.749996,0.930664,0.000000,0.000000,1
38950,184.950010,47.749996,0.930664,0.000000,0.000000,1
38960,184.950010,47.749996,0.930664,0.000000,0.000000,1
38970,184.950010,47.749996,0.930664,0.000000,0.000000,1
38980,184.950010,47.749996,0.930664,0.000000,0.000000,1
38990,184.950010,47.749996,0.930664,0.000000,0.000000,1
39000,184.950010,47.749996,0.930664,0.000000,0.000000,1
39010,184.950010,47.749996,0.930664,0.000000,0.000000,1
39020,184.950010,47.749996,0.930664,0.000000,0.000000,1
39030,184.950010,47.749996,0.930664,0.000000,0.000000,1
39040,184.950010,47.749996,0.930664,0.000000,0.000000,1
39050,184.950010,47.749996,0.930664,0.000000,0.000000,1
39060,184.950010,47.749996,0.930664,0.000000,0.000000,1
39070,184.950010,47.749996,0.930664,0.000000,0.000000,1
39080,184.950010,47.749996,0.930664,0.000000,0.000000,1
39090,184.950010,47.749996,0.930664,0.000000,0.000000,1
39100,184.950010,47.749996,0.930664,0.000000,0.000000,1
39110,184.950010,47.749996,0.930664,0.000000,0.000000,1
39120,184.950010,47.749996,0.930664,0.000000,0.000000,1
39130,184.950010,47.749996,0.930664,0.000000,0.000000,1
39140,184.950010,47.749996,0.930664,0.000000,0.000000,1
39150,184.950010,47.749996,0.930664,0.000000,0.000000,1
39160,184.950010,47.749996,0.930664,0.000000,0.000000,1
39170,184.950010,47.749996,0.930664,0.000000,0.000000,1
39180,184.950010,47.749996,0.930664,0.000000,0.000000,1
39190,184.950010,47.749996,0.930664,0.000000,0.000000,1
39200,184.950010,47.749996,0.930664,0.000000,0.000000,1
39210,184.950010,47.749996,0.930664,0.000000,0.000000,1
39220,184.950010,47.749996,0.930664,0.000000,0.000000,1
39230,184.950010,47.749996,0.930664,0.000000,0.000000,1
39240,184.837503,47.749996,0.925781,11.250687,180.000000,1
39250,184.837503,47.749996,0.925781,0.000000,0.000000,1
39260,184.837503,47.749996,0.925781,0.000000,0.000000,1
39270,184.837503,47.749996,0.925781,0.000000,0.000000,1
39280,184.837503,47.749996,0.925781,0.000000,0.000000,1
39290,184.837503,47.749996,0.925781,0.000000,0.000000,1
39300,184.837503,47.749996,0.925781,0.000000,0.000000,1
39310,184.837503,47.749996,0.925781,0.000000,0.000000,1
39320,184.837503,47.749996,0.925781,0.000000,0.000000,1
39330,184.837503,47.749996,0.925781,0.000000,0.000000,1
39340,184.837503,47.749996,0.925781,0.000000,0.000000,1
39350,184.837503,47.749996,0.925781,0.000000,0.000000,1
39360,184.837503,47.749996,0.925781,0.000000,0.000000,1
39370,184.837503,47.749996,0.925781,0.000000,0.000000,1
39380,184.837503,47.749996,0.925781,0.000000,0.000000,1
39390,184.837503,47.749996,0.925781,0.000000,0.000000,1
39400,184.837503,47.749996,0.925781,0.000000,0.000000,1
39410,184.837503,47.749996,0.925781,0.000000,0.000000,1
39420,184.837503,47.749996,0.925781,0.000000,0.000000,1
39430,184.837503,47.874994,0.920898,12.499809,90.000000,1
39440,184.837503,47.874994,0.920898,0.000000,0.000000,1
39450,184.837503,47.874994,0.920898,0.000000,0.000000,1
39460,184.724997,48.125000,0.901367,27.415444,114.228563,1
39470,184.724997,48.125000,0.901367,0.000000,0.000000,1
39480,184.050007,49.749994,0.847656,175.960720,112.557008,1
39490,183.487507,50.999994,0.773438,137.073201,114.227745,1
39500,182.587503,53.125000,0.000000,230.773818,112.954110,0
39510,180.675007,55.000000,0.000000,267.829575,135.567215,0
39520,179.887510,54.875002,0.000000,79.735523,-170.980774,0
39530,179.212503,54.749994,0.000000,68.648465,-169.508001,0
39540,178.650003,54.624996,0.000000,57.622111,-167.471377,0
39550,178.875000,54.749994,0.000000,25.738683,29.054604,0
39560,178.987507,54.875002,0.000000,16.818056,48.012788,0
39570,178.987507,54.875002,0.000000,0.000000,0.000000,0
39580,178.987507,54.875002,0.000000,0.000000,0.000000,0
39590,178.987507,54.875002,0.000000,0.000000,0.000000,0
39600,178.987507,54.875002,0.000000,0.000000,0.000000,0
39610,178.987507,54.875002,0.000000,0.000000,0.000000,0
39620,178.987507,54.875002,0.000000,0.000000,0.000000,0
39630,178.987507,54.875002,0.000000,0.000000,0.000000,0
39640,178.987507,54.875002,0.000000,0.000000,0.000000,0
39650,178.987507,54.875002,0.000000,0.000000,0.000000,0
39660,181.237507,64.249997,0.000000,964.121546,76.504260,0
39670,181.349997,64.249997,0.000000,11.248970,0.000000,0
39680,181.349997,64.249997,0.000000,0.000000,0.000000,0
39690,181.349997,64.249997,0.000000,0.000000,0.000000,0
39700,181.349997,64.499998,0.000000,25.000095,90.000000,0
39710,181.349997,64.625001,0.000000,12.500286,90.000000,0
39720,181.349997,64.625001,0.000000,0.000000,0.000000,0
39730,181.349997,64.874997,0.000000,24.999619,90.000000,0
39740,181.237507,65.374999,0.000000,51.249960,102.679213,0
39750,181.125000,66.749997,0.000000,137.959326,94.677709,0
39760,181.012510,67.999997,0.000000,125.505137,95.142296,0
39770,180.787497,69.375000,0.000000,139.329252,99.293847,0
39780,180.450010,71.500001,0.000000,215.163334,99.024175,0
39790,180.450010,72.125001,0.000000,62.500000,90.000000,0
39800,180.337503,72.624998,0.000000,51.249872,102.681203,0
39810,180.337503,72.624998,0.000000,0.000000,0.000000,0
39820,179.887510,74.249997,0.000000,168.615412,105.478422,0
39830,179.887510,74.874997,0.000000,62.500000,90.000000,0
39840,179.775003,76.124997,0.000000,125.505291,95.143077,0
39850,179.662497,76.749997,0.000000,63.504551,100.204583,0
39860,179.662497,77.249999,0.000000,50.000191,90.000000,0
39870,179.662497,78.125000,0.000000,87.500095,90.000000,0
39880,179.662497,78.375001,0.000000,25.000095,90.000000,0
39890,179.550007,78.624997,0.000000,27.413870,114.226109,0
39900,179.550007,78.874998,0.000000,25.000095,90.000000,0
39910,179.550007,78.874998,0.000000,0.000000,0.000000,0
39920,179.212503,79.124999,0.000000,42.001077,143.471319,0
39930,178.762510,80.000000,0.000000,98.393114,117.215731,0
39940,178.537497,80.374999,0.000000,43.732764,120.965364,0
39950,178.200010,80.749998,0.000000,50.450101,131.986126,0
39960,177.974997,81.250000,0.000000,54.830018,114.228972,0
39970,177.862507,81.624999,0.000000,39.150762,106.697841,0
39980,177.750000,81.875000,0.000000,27.415009,114.228972,0
39990,177.637510,82.500000,0.000000,63.504247,100.203059,0
40000,177.525003,82.750001,0.000000,27.415009,114.228972,0
40010,177.525003,82.750001,0.000000,0.000000,0.000000,0
40020,177.300007,83.375001,0.000000,66.426535,109.798598,0
40030,177.300007,83.750000,0.000000,37.499905,90.000000,0
40040,177.300007,84.249997,0.000000,49.999714,90.000000,0
40050,177.300007,84.499998,0.000000,25.000095,90.000000,0
40060,177.300007,84.499998,0.000000,0.000000,0.000000,0
40070,177.300007,84.375000,0.000000,12.499809,-90.000000,0
40080,177.412497,84.375000,0.000000,11.248970,0.000000,0
40090,177.412497,84.499998,0.000000,12.499809,90.000000,0
40100,177.412497,84.499998,0.000000,0.000000,0.000000,0
40110,177.525003,84.749999,0.000000,27.415009,65.771028,0
40120,177.637510,84.749999,0.000000,11.250687,0.000000,0
40130,177.637510,84.749999,0.000000,0.000000,0.000000,0
40140,177.637510,84.749999,0.000000,0.000000,0.000000,0
40150,177.637510,84.749999,0.000000,0.000000,0.000000,0
40160,177.750000,84.749999,0.000000,11.248970,0.000000,0
40170,177.750000,84.749999,0.000000,0.000000,0.000000,0
40180,177.750000,84.749999,0.000000,0.000000,0.000000,0
40190,177.750000,84.749999,0.000000,0.000000,0.000000,0
40200,177.750000,84.749999,0.000000,0.000000,0.000000,0
40210,177.750000,84.749999,0.000000,0.000000,0.000000,0
40220,177.750000,84.749999,0.000000,0.000000,0.000000,0
40230,177.637510,84.749999,0.000000,11.248970,180.000000,0
40240,177.637510,84.749999,0.000000,0.000000,0.000000,0
40250,177.525003,84.749999,0.000000,11.250687,180.000000,0
40260,177.412497,84.749999,0.000000,11.250687,180.000000,0
40270,177.300007,85.000000,0.000000,27.414305,114.225700,0
40280,177.300007,85.250001,0.000000,25.000095,90.000000,0
40290,177.187500,85.499997,0.000000,27.414574,114.229381,0
40300,177.075010,85.625000,0.000000,16.816554,131.983952,0
40310,176.962503,85.749998,0.000000,16.817348,131.989386,0
40320,176.849997,85.749998,0.000000,11.250687,180.000000,0
40330,176.625000,86.124997,0.000000,43.731881,120.963435,0
40340,176.512510,86.374998,0.000000,27.414305,114.225700,0
40350,176.400003,86.624999,0.000000,27.415009,114.228972,0
40360,176.175007,87.125001,0.000000,54.829314,114.227336,0
40370,176.062500,87.374997,0.000000,27.414574,114.229381,0
40380,175.950010,87.500000,0.000000,16.816554,131.983952,0
40390,175.724997,87.624998,0.000000,25.740183,150.947252,0
40400,175.612507,87.624998,0.000000,11.248970,180.000000,0
40410,175.612507,87.624998,0.000000,0.000000,0.000000,0
40420,175.387510,87.750001,0.000000,25.738914,150.944468,0
40430,175.275003,87.750001,0.000000,11.250687,180.000000,0
40440,175.162497,87.750001,0.000000,11.250687,180.000000,0
40450,175.162497,87.624998,0.000000,12.500286,-90.000000,0
40460,175.162497,87.624998,0.000000,0.000000,0.000000,0
40470,175.162497,87.624998,0.000000,0.000000,0.000000,0
40480,175.275003,87.500000,0.000000,16.817348,-48.010614,0
40490,175.275003,87.500000,0.000000,0.000000,0.000000,0
40500,175.387510,87.500000,0.000000,11.250687,0.000000,0
40510,175.500000,87.500000,0.000000,11.248970,0.000000,0
40520,175.950010,87.374997,0.000000,46.704923,-15.524111,0
40530,176.287497,87.125001,0.000000,41.999413,-36.529552,0
40540,176.737507,87.125001,0.000000,45.001030,0.000000,0
40550,177.075010,86.999998,0.000000,35.990871,-20.323374,0
40560,177.300007,86.999998,0.000000,22.499657,0.000000,0
40570,177.750000,86.875000,0.000000,46.703142,-15.524111,0
40580,177.750000,86.875000,0.000000,0.000000,0.000000,0
40590,177.750000,86.875000,0.000000,0.000000,0.000000,0
40600,177.750000,86.875000,0.000000,0.000000,0.000000,0
40610,177.974997,86.999998,0.000000,25.738683,29.054604,0
40620,177.974997,86.999998,0.000000,0.000000,0.000000,0
40630,177.974997,86.999998,0.000000,0.000000,0.000000,0
40640,177.862507,87.125001,0.000000,16.816554,131.983952,0
40650,177.862507,87.374997,0.000000,24.999619,90.000000,0
40660,177.862507,87.374997,0.000000,0.000000,0.000000,0
40670,177.750000,87.624998,0.000000,27.415009,114.228972,0
40680,177.525003,87.874999,0.000000,33.633901,131.986669,0
40690,177.525003,87.999997,0.000000,12.499809,90.000000,0
40700,177.300007,87.999997,0.000000,22.499657,180.000000,0
40710,176.962503,87.999997,0.000000,33.750343,180.000000,0
40720,176.849997,87.999997,0.000000,11.250687,180.000000,0
40730,176.737507,87.999997,0.000000,11.248970,180.000000,0
40740,176.737507,87.999997,0.000000,0.000000,0.000000,0
40750,176.625000,87.874999,0.000000,16.817348,-131.989386,0
40760,176.625000,87.874999,0.000000,0.000000,0.000000,0
40770,176.625000,87.874999,0.000000,0.000000,0.000000,0
40780,176.625000,87.874999,0.000000,0.000000,0.000000,0
40790,176.625000,87.999997,0.000000,12.499809,90.000000,0
40800,176.625000,87.999997,0.000000,0.000000,0.000000,0
40810,176.512510,88.125000,0.000000,16.816554,131.983952,0
40820,176.400003,88.249998,0.000000,16.817348,131.989386,0
40830,176.287497,88.249998,0.000000,11.250687,180.000000,0
40840,176.287497,88.249998,0.000000,0.000000,0.000000,0
40850,176.175007,88.249998,0.000000,11.248970,180.000000,0
40860,176.175007,88.249998,0.000000,0.000000,0.000000,0
40870,175.950010,88.249998,0.000000,22.499657,180.000000,0
40880,175.837503,88.249998,0.000000,11.250687,180.000000,0
40890,175.837503,88.249998,0.000000,0.000000,0.000000,0
40900,175.724997,88.249998,0.000000,11.250687,180.000000,0
40910,175.612507,88.249998,0.000000,11.248970,180.000000,0
40920,175.387510,88.249998,0.000000,22.499657,180.000000,0
40930,175.275003,88.249998,0.000000,11.250687,180.000000,0
40940,175.162497,88.249998,0.000000,11.250687,180.000000,0
40950,175.162497,88.249998,0.000000,0.000000,0.000000,0
40960,175.162497,88.249998,0.000000,0.000000,0.000000,0
40970,175.162497,88.375001,0.000000,12.500286,90.000000,0
40980,175.162497,88.375001,0.000000,0.000000,0.000000,0
40990,175.162497,88.375001,0.000000,0.000000,0.000000,0
41000,175.162497,88.499999,0.000000,12.499809,90.000000,0
41010,175.162497,88.624997,0.000000,12.499809,90.000000,0
41020,175.162497,88.624997,0.000000,0.000000,0.000000,0
41030,175.162497,88.624997,0.000000,0.000000,0.000000,0
41040,175.162497,88.624997,0.000000,0.000000,0.000000,0
41050,175.162497,88.624997,0.000000,0.000000,0.000000,0
41060,175.162497,88.624997,0.000000,0.000000,0.000000,0
41070,175.162497,88.624997,0.000000,0.000000,0.000000,0
41080,175.275003,88.624997,0.000000,11.250687,0.000000,0
41090,175.275003,88.624997,0.000000,0.000000,0.000000,0
41100,175.387510,88.624997,0.000000,11.250687,0.000000,0
41110,175.387510,88.624997,0.000000,0.000000,0.000000,0
41120,175.387510,88.624997,0.000000,0.000000,0.000000,0
41130,175.500000,88.750000,0.000000,16.816554,48.016048,0
41140,175.500000,88.750000,0.000000,0.000000,0.000000,0
41150,175.500000,88.750000,0.000000,0.000000,0.000000,0
41160,175.500000,88.750000,0.000000,0.000000,0.000000,0
41170,175.500000,88.750000,0.000000,0.000000,0.000000,0
41180,175.724997,88.624997,0.000000,25.738914,-29.055532,0
41190,175.724997,88.624997,0.000000,0.000000,0.000000,0
41200,175.950010,88.499999,0.000000,25.740183,-29.052748,0
41210,175.950010,88.499999,0.000000,0.000000,0.000000,0
41220,176.062500,88.499999,0.000000,11.248970,0.000000,0
41230,176.062500,88.499999,0.000000,0.000000,0.000000,0
41240,176.062500,88.499999,0.000000,0.000000,0.000000,0
41250,176.062500,88.499999,0.000000,0.000000,0.000000,0
41260,176.062500,88.499999,0.000000,0.000000,0.000000,0
41270,176.062500,88.499999,0.000000,0.000000,0.000000,0
41280,176.062500,88.499999,0.000000,0.000000,0.000000,0
41290,176.062500,88.499999,0.000000,0.000000,0.000000,0
41300,176.062500,88.499999,0.000000,0.000000,0.000000,0
41310,176.175007,88.624997,0.000000,16.817348,48.010614,0
41320,176.175007,88.624997,0.000000,0.000000,0.000000,0
41330,176.175007,88.624997,0.000000,0.000000,0.000000,0
41340,176.175007,88.624997,0.000000,0.000000,0.000000,0
41350,176.175007,88.624997,0.000000,0.000000,0.000000,0
41360,176.175007,88.624997,0.000000,0.000000,0.000000,0
41370,176.175007,88.624997,0.000000,0.000000,0.000000,0
41380,176.175007,88.624997,0.000000,0.000000,0.000000,0
41390,176.287497,88.375001,0.000000,27.413870,-65.773891,0
41400,176.287497,88.375001,0.000000,0.000000,0.000000,0
41410,176.400003,88.249998,0.325195,16.817702,-48.011701,1
41420,176.400003,88.249998,0.325195,0.000000,0.000000,1
41430,176.400003,88.249998,0.325195,0.000000,0.000000,1
41440,176.400003,88.249998,0.325195,0.000000,0.000000,1
41450,176.400003,88.249998,0.325195,0.000000,0.000000,1
41460,176.400003,88.249998,0.325195,0.000000,0.000000,1
41470,176.400003,88.249998,0.325195,0.000000,0.000000,1
41480,176.400003,88.249998,0.325195,0.000000,0.000000,1
41490,176.400003,88.249998,0.325195,0.000000,0.000000,1
41500,176.400003,88.249998,0.325195,0.000000,0.000000,1
41510,176.400003,88.249998,0.325195,0.000000,0.000000,1
41520,176.400003,88.249998,0.325195,0.000000,0.000000,1
41530,176.400003,88.249998,0.325195,0.000000,0.000000,1
41540,176.512510,88.249998,0.638672,11.250687,0.000000,1
41550,176.625000,88.249998,0.647461,11.248970,0.000000,1
41560,176.737507,88.249998,0.647461,11.250687,0.000000,1
41570,177.412497,88.375001,0.677734,68.646690,10.491868,1
41580,177.412497,88.375001,0.677734,0.000000,0.000000,1
41590,179.887510,89.124999,0.706055,258.615354,16.858270,1
41600,179.887510,89.124999,0.706055,0.000000,0.000000,1
41610,182.025003,89.625001,0.717773,219.519448,13.165884,1
41620,182.812500,89.625001,0.717773,78.749657,0.000000,1
41630,184.500000,89.749999,0.722656,169.212316,4.236330,1
41640,185.175007,89.749999,0.722656,67.500687,0.000000,1
41650,185.737507,89.749999,0.722656,56.250000,0.000000,1
41660,186.412497,89.749999,0.727539,67.498970,0.000000,1
41670,186.412497,89.749999,0.727539,0.000000,0.000000,1
41680,187.087503,89.625001,0.753906,68.648292,-10.491216,1
41690,187.087503,89.625001,0.753906,0.000000,0.000000,1
41700,187.537497,89.499998,0.769531,46.703269,-15.524675,1
41710,187.650003,89.499998,0.769531,11.250687,0.000000,1
41720,187.650003,89.375000,0.770508,12.499809,-90.000000,1
41730,187.650003,89.375000,0.770508,0.000000,0.000000,1
41740,187.650003,89.375000,0.770508,0.000000,0.000000,1
41750,187.650003,89.375000,0.770508,0.000000,0.000000,1
41760,187.650003,89.375000,0.770508,0.000000,0.000000,1
41770,187.650003,89.375000,0.770508,0.000000,0.000000,1
41780,187.537497,89.375000,0.786133,11.250687,180.000000,1
41790,187.312500,89.499998,0.781250,25.738683,150.945396,1
41800,187.087503,89.499998,0.755859,22.499657,180.000000,1
41810,186.637510,89.499998,0.698242,44.999313,180.000000,1
41820,185.962503,89.499998,0.000000,67.500687,180.000000,0
41830,184.500000,89.249997,0.000000,148.371721,-170.299594,0
41840,183.937500,89.000001,0.000000,61.555206,-156.037835,0
41850,183.712503,88.874998,0.000000,25.738914,-150.944468,0
41860,183.487507,88.499999,0.000000,43.731881,-120.963435,0
41870,183.487507,88.375001,0.000000,12.499809,-90.000000,0
41880,183.375000,88.125000,0.000000,27.415009,-114.228972,0
41890,183.150003,87.500000,0.000000,66.426535,-109.798598,0
41900,183.037497,87.125001,0.000000,39.151255,-106.700247,0
41910,183.037497,86.749997,0.000000,37.500381,-90.000000,0
41920,182.700010,86.124997,0.000000,71.029711,-118.368072,0
41930,182.587503,85.875001,0.000000,27.414574,-114.229381,0
41940,182.474997,85.625000,0.000000,27.415009,-114.228972,0
41950,182.250000,85.250001,0.000000,43.731881,-120.963435,0
41960,182.137510,85.000000,0.000000,27.414305,-114.225700,0
41970,181.912497,84.874997,0.000000,25.740415,-150.946324,0
41980,181.462503,84.499998,0.000000,58.576284,-140.194071,0
41990,181.125000,84.375000,0.000000,35.990706,-159.677338,0
42000,180.900003,84.124999,0.000000,33.633901,-131.986669,0
42010,180.450010,83.874998,0.000000,51.477597,-150.944932,0
42020,180.224997,83.750000,0.000000,25.740183,-150.947252,0
42030,180.000000,83.750000,0.000000,22.499657,180.000000,0
42040,179.662497,83.624997,0.000000,35.990871,-159.676626,0
42050,179.437500,83.624997,0.000000,22.499657,180.000000,0
42060,179.325010,83.624997,0.000000,11.248970,180.000000,0
42070,179.099997,83.624997,0.000000,22.501373,180.000000,0
42080,178.987507,83.624997,0.000000,11.248970,180.000000,0
42090,178.987507,83.624997,0.000000,0.000000,0.000000,0
42100,178.762510,83.624997,0.000000,22.499657,180.000000,0
42110,178.650003,83.624997,0.000000,11.250687,180.000000,0
42120,178.537497,83.624997,0.000000,11.250687,180.000000,0
42130,178.425007,83.499999,0.000000,16.816199,-131.985039,0
42140,178.200010,83.499999,0.000000,22.499657,180.000000,0
42150,178.087503,83.375001,0.000000,16.817348,-131.989386,0
42160,177.862507,83.375001,0.000000,22.499657,180.000000,0
42170,177.862507,83.249998,0.000000,12.500286,-90.000000,0
42180,177.862507,83.249998,0.000000,0.000000,0.000000,0
42190,177.637510,83.125000,0.000000,25.738683,-150.945396,0
42200,177.412497,83.125000,0.000000,22.501373,180.000000,0
42210,177.300007,83.125000,0.000000,11.248970,180.000000,0
42220,177.300007,83.125000,0.000000,0.000000,0.000000,0
42230,177.075010,82.999997,0.000000,25.738914,-150.944468,0
42240,176.962503,82.874999,0.000000,16.817348,-131.989386,0
42250,176.737507,82.874999,0.000000,22.499657,180.000000,0
42260,176.737507,82.750001,0.000000,12.499809,-90.000000,0
42270,176.737507,82.750001,0.000000,0.000000,0.000000,0
42280,176.737507,82.750001,0.000000,0.000000,0.000000,0
42290,176.512510,82.750001,0.000000,22.499657,180.000000,0
42300,176.512510,82.750001,0.000000,0.000000,0.000000,0
42310,176.400003,82.750001,0.000000,11.250687,180.000000,0
42320,176.400003,82.750001,0.000000,0.000000,0.000000,0
42330,176.400003,82.750001,0.000000,0.000000,0.000000,0
42340,176.400003,82.750001,0.000000,0.000000,0.000000,0
42350,176.287497,82.750001,0.000000,11.250687,180.000000,0
42360,176.287497,82.750001,0.000000,0.000000,0.000000,0
42370,176.287497,82.750001,0.000000,0.000000,0.000000,0
42380,176.287497,82.750001,0.000000,0.000000,0.000000,0
42390,176.287497,82.750001,0.000000,0.000000,0.000000,0
42400,176.287497,82.750001,0.000000,0.000000,0.000000,0
42410,176.287497,82.874999,0.000000,12.499809,90.000000,0
42420,176.287497,82.874999,0.000000,0.000000,0.000000,0
42430,176.287497,82.999997,0.000000,12.499809,90.000000,0
42440,176.287497,82.999997,0.000000,0.000000,0.000000,0
42450,176.287497,82.999997,0.000000,0.000000,0.000000,0
42460,176.287497,82.999997,0.000000,0.000000,0.000000,0
42470,176.287497,82.999997,0.000000,0.000000,0.000000,0
42480,176.287497,82.999997,0.000000,0.000000,0.000000,0
42490,176.287497,82.999997,0.000000,0.000000,0.000000,0
42500,176.287497,82.999997,0.000000,0.000000,0.000000,0
42510,176.287497,82.999997,0.000000,0.000000,0.000000,0
42520,176.287497,82.999997,0.000000,0.000000,0.000000,0
42530,176.287497,82.999997,0.000000,0.000000,0.000000,0
42540,176.287497,82.999997,0.000000,0.000000,0.000000,0
42550,176.287497,82.999997,0.000000,0.000000,0.000000,0
42560,176.287497,82.999997,0.000000,0.000000,0.000000,0
42570,176.175007,83.125000,0.000000,16.816554,131.983952,0
42580,176.175007,83.125000,0.000000,0.000000,0.000000,0
42590,176.175007,83.125000,0.000000,0.000000,0.000000,0
42600,176.175007,83.125000,0.000000,0.000000,0.000000,0
42610,176.062500,82.874999,0.000000,27.415009,-114.228972,0
42620,176.062500,82.874999,0.000000,0.000000,0.000000,0
42630,176.062500,82.750001,0.000000,12.499809,-90.000000,0
42640,176.062500,82.624998,0.000000,12.500286,-90.000000,0
42650,176.062500,82.500000,0.000000,12.499809,-90.000000,0
42660,175.950010,82.374997,0.000000,16.816554,-131.983952,0
42670,175.950010,82.249999,0.000000,12.499809,-90.000000,0
42680,175.837503,81.999998,0.000000,27.415009,-114.228972,0
42690,175.837503,81.875000,0.000000,12.499809,-90.000000,0
42700,175.724997,81.875000,0.000000,11.250687,180.000000,0
42710,175.612507,81.624999,0.000000,27.414305,-114.225700,0
42720,175.612507,81.624999,0.000000,0.000000,0.000000,0
42730,175.612507,81.500001,0.000000,12.499809,-90.000000,0
42740,175.612507,81.374998,0.000000,12.500286,-90.000000,0
42750,175.612507,81.374998,0.000000,0.000000,0.000000,0
42760,175.612507,81.374998,0.000000,0.000000,0.000000,0
42770,175.612507,81.250000,0.000000,12.499809,-90.000000,0
42780,175.612507,81.250000,0.000000,0.000000,0.000000,0
42790,175.612507,81.250000,0.000000,0.000000,0.000000,0
42800,175.500000,80.999999,0.000000,27.415009,-114.228972,0
42810,175.500000,80.875001,0.000000,12.499809,-90.000000,0
42820,175.500000,80.875001,0.000000,0.000000,0.000000,0
42830,175.500000,80.875001,0.000000,0.000000,0.000000,0
42840,175.387510,80.749998,0.000000,16.816554,-131.983952,0
42850,175.387510,80.749998,0.000000,0.000000,0.000000,0
42860,175.387510,80.749998,0.000000,0.000000,0.000000,0
42870,175.275003,80.625000,0.000000,16.817348,-131.989386,0
42880,175.275003,80.625000,0.000000,0.000000,0.000000,0
42890,175.162497,80.499997,0.000000,16.817702,-131.988299,0
42900,175.162497,80.374999,0.000000,12.499809,-90.000000,0
42910,175.162497,80.250001,0.000000,12.499809,-90.000000,0
42920,175.050007,80.124998,0.000000,16.816554,-131.983952,0
42930,175.050007,80.124998,0.000000,0.000000,0.000000,0
42940,174.937500,80.000000,0.000000,16.817348,-131.989386,0
42950,174.937500,80.000000,0.000000,0.000000,0.000000,0
42960,174.937500,80.000000,0.000000,0.000000,0.000000,0
42970,174.825010,79.874997,0.000000,16.816554,-131.983952,0
42980,174.825010,79.874997,0.000000,0.000000,0.000000,0
42990,174.712503,79.749999,0.000000,16.817348,-131.989386,0
43000,174.712503,79.749999,0.000000,0.000000,0.000000,0
43010,174.599997,79.749999,0.000000,11.250687,180.000000,0
43020,174.487507,79.625001,0.000000,16.816199,-131.985039,0
43030,174.487507,79.625001,0.000000,0.000000,0.000000,0
43040,174.375000,79.499998,0.000000,16.817702,-131.988299,0
43050,174.375000,79.499998,0.000000,0.000000,0.000000,0
43060,174.262510,79.499998,0.000000,11.248970,180.000000,0
43070,174.262510,79.375000,0.000000,12.499809,-90.000000,0
43080,174.150003,79.375000,0.000000,11.250687,180.000000,0
43090,174.150003,79.375000,0.000000,0.000000,0.000000,0
43100,174.150003,79.124999,0.000000,25.000095,-90.000000,0
43110,174.150003,79.124999,0.000000,0.000000,0.000000,0
43120,174.150003,79.000001,0.000000,12.499809,-90.000000,0
43130,174.150003,78.750000,0.000000,25.000095,-90.000000,0
43140,174.150003,78.750000,0.000000,0.000000,0.000000,0
43150,174.150003,78.624997,0.398438,12.500286,-90.000000,1
43160,174.150003,78.624997,0.398438,0.000000,0.000000,1
43170,174.150003,78.624997,0.398438,0.000000,0.000000,1
43180,174.150003,78.624997,0.398438,0.000000,0.000000,1
43190,174.150003,78.624997,0.398438,0.000000,0.000000,1
43200,174.150003,78.624997,0.398438,0.000000,0.000000,1
43210,173.812500,78.499999,0.664063,35.990706,-159.677338,1
43220,173.812500,78.499999,0.664063,0.000000,0.000000,1
43230,173.812500,78.499999,0.664063,0.000000,0.000000,1
43240,173.812500,78.499999,0.664063,0.000000,0.000000,1
43250,173.812500,78.499999,0.664063,0.000000,0.000000,1
43260,173.812500,78.499999,0.664063,0.000000,0.000000,1
43270,173.812500,78.499999,0.664063,0.000000,0.000000,1
43280,173.812500,78.499999,0.664063,0.000000,0.000000,1
43290,173.812500,78.499999,0.664063,0.000000,0.000000,1
43300,173.812500,78.499999,0.664063,0.000000,0.000000,1
43310,173.812500,78.499999,0.664063,0.000000,0.000000,1
43320,173.812500,78.499999,0.664063,0.000000,0.000000,1
43330,173.812500,78.499999,0.664063,0.000000,0.000000,1
43340,174.150003,78.499999,0.808594,33.750343,0.000000,1
43350,174.150003,78.499999,0.808594,0.000000,0.000000,1
43360,175.162497,78.499999,0.817383,101.249313,0.000000,1
43370,176.175007,78.499999,0.817383,101.251030,0.000000,1
43380,178.987507,78.874998,0.835938,283.738974,7.594624,1
43390,180.675007,79.124999,0.844727,170.591815,8.427001,1
43400,182.250000,79.375000,0.844727,159.471121,9.019395,1
43410,185.287497,79.625001,0.852539,304.776736,4.705120,1
43420,186.637510,79.625001,0.852539,135.001373,0.000000,1
43430,189.000000,79.375000,0.864258,237.568055,-6.040614,1
43440,189.000000,79.375000,0.864258,0.000000,0.000000,1
43450,190.012510,79.124999,0.867188,104.291782,-13.869602,1
43460,191.137510,78.750000,0.878906,118.585382,-18.434905,1
43470,191.587503,78.624997,0.901367,46.703269,-15.524675,1
43480,191.700010,78.499999,0.901367,16.817348,-48.010614,1
43490,191.700010,78.499999,0.901367,0.000000,0.000000,1
43500,191.700010,78.375001,0.916992,12.499809,-90.000000,1
43510,191.700010,78.375001,0.916992,0.000000,0.000000,1
43520,190.687500,78.375001,0.876953,101.251030,180.000000,1
