时间（ms）,X坐标（mm）,Y坐标（mm）,压力（0-1）,速度（mm/s）,角度（度）,落笔情况（1落笔/0抬笔）
0,44.100002,125.875000,0.097656,0.000000,0.000000,1
10,44.100002,125.875000,0.097656,0.000000,0.000000,1
20,44.100002,125.875000,0.097656,0.000000,0.000000,1
30,44.100002,125.875000,0.097656,0.000000,0.000000,1
40,44.100002,125.875000,0.097656,0.000000,0.000000,1
50,44.100002,125.875000,0.097656,0.000000,0.000000,1
60,43.987503,125.875000,0.172852,11.249828,180.000000,1
70,43.987503,125.875000,0.172852,0.000000,0.000000,1
80,43.987503,125.875000,0.172852,0.000000,0.000000,1
90,43.987503,125.750000,0.176758,12.500024,-90.000000,1
100,43.987503,125.750000,0.176758,0.000000,0.000000,1
110,43.987503,125.750000,0.176758,0.000000,0.000000,1
120,43.987503,125.500000,0.201172,24.999976,-90.000000,1
130,43.987503,125.500000,0.201172,0.000000,0.000000,1
140,43.987503,125.250000,0.208008,24.999976,-90.000000,1
150,43.987503,125.250000,0.208008,0.000000,0.000000,1
160,43.987503,125.000000,0.220703,25.000048,-90.000000,1
170,43.987503,124.625000,0.225586,37.500000,-90.000000,1
180,43.987503,124.625000,0.225586,0.000000,0.000000,1
190,43.987503,123.875000,0.259766,75.000000,-90.000000,1
200,43.987503,123.875000,0.259766,0.000000,0.000000,1
210,43.987503,123.375000,0.282227,49.999952,-90.000000,1
220,43.875000,122.750000,0.300781,63.504537,-100.204271,1
230,43.875000,122.750000,0.300781,0.000000,0.000000,1
240,43.875000,122.000000,0.314453,75.000000,-90.000000,1
250,43.875000,122.000000,0.314453,0.000000,0.000000,1
260,43.762502,121.250000,0.341797,75.839031,-98.530637,1
270,43.762502,121.250000,0.341797,0.000000,0.000000,1
280,43.650003,119.499999,0.366211,175.361271,-93.678182,1
290,43.650003,117.999999,0.379883,150.000000,-90.000000,1
300,43.650003,117.999999,0.379883,0.000000,0.000000,1
310,43.537500,116.874999,0.389648,113.061135,-95.710766,1
320,43.537500,116.874999,0.389648,0.000000,0.000000,1
330,43.537500,115.749999,0.399414,112.500000,-90.000000,1
340,43.425002,114.125000,0.434570,162.888898,-93.960253,1
350,43.425002,114.125000,0.434570,0.000000,0.000000,1
360,43.312503,113.250000,0.442383,88.220181,-97.326300,1
370,43.312503,113.250000,0.442383,0.000000,0.000000,1
380,43.312503,112.500000,0.448242,75.000000,-90.000000,1
390,43.200000,111.875000,0.449219,63.504537,-100.204271,1
400,43.200000,111.875000,0.449219,0.000000,0.000000,1
410,43.200000,111.125000,0.457031,75.000000,-90.000000,1
420,43.087502,109.749999,0.474609,137.959493,-94.677345,1
430,43.087502,109.749999,0.474609,0.000000,0.000000,1
440,43.087502,108.999999,0.482422,75.000000,-90.000000,1
450,43.087502,108.999999,0.482422,0.000000,0.000000,1
460,42.975001,108.499998,0.482422,51.250112,-102.680454,1
470,42.975001,108.499998,0.482422,0.000000,0.000000,1
480,42.975001,108.000000,0.485352,49.999809,-90.000000,1
490,42.975001,107.749998,0.489258,25.000191,-90.000000,1
500,42.975001,107.749998,0.489258,0.000000,0.000000,1
510,42.975001,107.625000,0.488281,12.499809,-90.000000,1
520,42.975001,107.749998,0.473633,12.499809,90.000000,1
530,42.975001,107.749998,0.473633,0.000000,0.000000,1
540,42.975001,108.000000,0.000000,25.000191,90.000000,0
550,42.975001,108.000000,0.000000,0.000000,0.000000,0
560,42.975001,109.374999,0.000000,137.499905,90.000000,0
570,42.975001,112.374999,0.000000,300.000000,90.000000,0
580,42.975001,112.374999,0.000000,0.000000,0.000000,0
590,43.312503,114.500000,0.000000,215.163543,80.975394,0
600,43.312503,114.500000,0.000000,0.000000,0.000000,0
610,44.550000,116.750000,0.000000,256.785859,61.189273,0
620,46.012503,119.250000,0.000000,289.636301,59.672312,0
630,46.012503,119.250000,0.000000,0.000000,0.000000,0
640,48.600000,122.375000,0.000000,405.718628,50.375276,0
650,48.600000,122.375000,0.000000,0.000000,0.000000,0
660,50.062503,124.125000,0.000000,228.066174,50.113955,0
670,51.300000,125.625000,0.000000,194.458164,50.477447,0
680,51.300000,125.625000,0.000000,0.000000,0.000000,0
690,51.075003,125.250000,0.000000,43.731963,-120.963371,0
700,51.075003,125.250000,0.000000,0.000000,0.000000,0
710,50.737503,124.875000,0.000000,50.451090,-131.987212,0
720,50.737503,124.875000,0.000000,0.000000,0.000000,0
730,51.412503,125.625000,0.000000,100.902180,48.012788,0
740,51.975000,126.125000,0.000000,75.259678,41.633686,0
750,51.975000,126.125000,0.000000,0.000000,0.000000,0
760,51.750003,126.125000,0.000000,22.499657,180.000000,0
770,51.750003,126.125000,0.000000,0.000000,0.000000,0
780,51.075003,125.875000,0.000000,71.980892,-159.676881,0
790,49.387503,125.375000,0.000000,176.001605,-163.495631,0
800,49.387503,125.375000,0.000000,0.000000,0.000000,0
810,48.712503,125.125000,0.000000,71.980892,-159.676881,0
820,48.037503,124.875000,0.000000,71.980892,-159.676881,0
830,48.037503,124.875000,0.000000,0.000000,0.000000,0
840,47.475002,124.750000,0.000000,57.622326,-167.471206,0
850,47.475002,124.750000,0.000000,0.000000,0.000000,0
860,47.250000,124.625000,0.000000,25.739237,-150.945535,0
870,47.137502,124.625000,0.000000,11.249828,180.000000,0
880,47.137502,124.625000,0.000000,0.000000,0.000000,0
890,46.912500,125.250000,0.000000,66.426754,109.799002,0
900,46.912500,125.250000,0.000000,0.000000,0.000000,0
910,46.800002,125.375000,0.000000,16.816880,131.986886,0
920,46.800002,125.375000,0.000000,0.000000,0.000000,0
930,46.687503,125.500000,0.000000,16.816933,131.986723,0
940,46.462502,125.500000,0.000000,22.500172,180.000000,0
950,46.462502,125.500000,0.000000,0.000000,0.000000,0
960,46.350003,125.500000,0.000000,11.249828,180.000000,0
970,46.012503,125.375000,0.000000,35.990458,-159.676828,0
980,46.012503,125.375000,0.000000,0.000000,0.000000,0
990,45.787502,125.375000,0.000000,22.500172,180.000000,0
1000,45.787502,125.375000,0.000000,0.000000,0.000000,0
1010,45.675003,125.375000,0.000000,11.249828,180.000000,0
1020,45.675003,125.375000,0.000000,0.000000,0.000000,0
1030,45.337503,125.500000,0.000000,35.990458,159.676828,0
1040,45.112502,125.500000,0.000000,22.500172,180.000000,0
1050,45.112502,125.500000,0.000000,0.000000,0.000000,0
1060,45.000003,125.500000,0.000000,11.249828,180.000000,0
1070,44.662503,125.500000,0.000000,33.750000,180.000000,0
1080,44.662503,125.500000,0.000000,0.000000,0.000000,0
1090,44.662503,125.500000,0.000000,0.000000,0.000000,0
1100,44.437502,125.625000,0.000000,25.739237,150.945535,0
1110,44.437502,125.625000,0.000000,0.000000,0.000000,0
1120,44.437502,125.750000,0.000000,12.499952,90.000000,0
1130,44.437502,125.750000,0.000000,0.000000,0.000000,0
1140,44.437502,125.750000,0.164063,0.000000,0.000000,1
1150,44.437502,125.750000,0.164063,0.000000,0.000000,1
1160,44.437502,125.750000,0.164063,0.000000,0.000000,1
1170,44.437502,125.750000,0.164063,0.000000,0.000000,1
1180,44.437502,125.750000,0.164063,0.000000,0.000000,1
1190,44.437502,125.750000,0.164063,0.000000,0.000000,1
1200,44.437502,125.750000,0.164063,0.000000,0.000000,1
1210,45.562500,125.625000,0.340820,113.192138,-6.340177,1
1220,46.575000,125.750000,0.404297,102.018681,7.037914,1
1230,46.575000,125.750000,0.404297,0.000000,0.000000,1
1240,48.262500,125.875000,0.477539,169.212331,4.236403,1
1250,48.262500,125.875000,0.477539,0.000000,0.000000,1
1260,50.737503,126.125000,0.497070,248.759761,5.767875,1
1270,52.537502,126.250000,0.522461,180.433336,3.972507,1
1280,52.537502,126.250000,0.522461,0.000000,0.000000,1
1290,54.337500,126.375000,0.531250,180.433336,3.972507,1
1300,54.337500,126.375000,0.531250,0.000000,0.000000,1
1310,56.025000,126.500000,0.541016,169.212326,4.236379,1
1320,57.487503,126.500000,0.544922,146.250343,0.000000,1
1330,57.487503,126.500000,0.544922,0.000000,0.000000,1
1340,58.725000,126.500000,0.545898,123.749657,0.000000,1
1350,58.725000,126.500000,0.545898,0.000000,0.000000,1
1360,59.287502,126.500000,0.547852,56.250172,0.000000,1
1370,59.850003,126.500000,0.547852,56.250172,0.000000,1
1380,59.850003,126.500000,0.547852,0.000000,0.000000,1
1390,60.300002,126.375000,0.550781,46.703676,-15.524111,1
1400,60.300002,126.375000,0.550781,0.000000,0.000000,1
1410,60.637502,126.375000,0.548828,33.750000,0.000000,1
1420,60.637502,126.375000,0.548828,0.000000,0.000000,1
1430,60.637502,126.375000,0.548828,0.000000,0.000000,1
1440,60.637502,126.250000,0.548828,12.500024,-90.000000,1
1450,60.637502,126.250000,0.548828,0.000000,0.000000,1
1460,60.637502,126.250000,0.548828,0.000000,0.000000,1
1470,60.637502,126.250000,0.548828,0.000000,0.000000,1
1480,60.637502,126.250000,0.548828,0.000000,0.000000,1
1490,60.637502,126.250000,0.548828,0.000000,0.000000,1
1500,60.637502,126.250000,0.548828,0.000000,0.000000,1
1510,60.637502,126.250000,0.548828,0.000000,0.000000,1
1520,60.637502,126.250000,0.548828,0.000000,0.000000,1
1530,60.637502,126.250000,0.548828,0.000000,0.000000,1
1540,60.637502,126.250000,0.548828,0.000000,0.000000,1
1550,60.637502,126.250000,0.548828,0.000000,0.000000,1
1560,60.637502,126.250000,0.548828,0.000000,0.000000,1
1570,60.637502,126.000000,0.598633,24.999976,-90.000000,1
1580,60.637502,126.000000,0.598633,0.000000,0.000000,1
1590,60.412500,125.375000,0.648438,66.426754,-109.799002,1
1600,60.412500,125.375000,0.648438,0.000000,0.000000,1
1610,59.962502,124.500000,0.695313,98.393222,-117.216035,1
1620,59.512503,123.375000,0.714844,121.166144,-111.801334,1
1630,59.512503,123.375000,0.714844,0.000000,0.000000,1
1640,58.950002,122.000000,0.714844,148.560913,-112.249078,1
1650,58.950002,122.000000,0.714844,0.000000,0.000000,1
1660,57.937502,120.000000,0.720703,224.168560,-116.850819,1
1670,57.375000,118.500000,0.721680,160.200130,-110.556103,1
1680,57.375000,118.500000,0.721680,0.000000,0.000000,1
1690,56.812503,117.125000,0.721680,148.560718,-112.248894,1
1700,56.812503,117.125000,0.721680,0.000000,0.000000,1
1710,56.250002,115.875000,0.721680,137.073228,-114.227819,1
1720,56.025000,115.374999,0.721680,54.829438,-114.227868,1
1730,56.025000,115.374999,0.721680,0.000000,0.000000,1
1740,55.800003,114.624999,0.721680,78.302200,-106.699004,1
1750,55.800003,114.624999,0.721680,0.000000,0.000000,1
1760,55.462503,113.750000,0.721680,93.783283,-111.092350,1
1770,55.125003,113.000000,0.721680,82.243921,-114.227745,1
1780,55.125003,113.000000,0.721680,0.000000,0.000000,1
1790,54.675000,111.875000,0.724609,121.166336,-111.801560,1
1800,54.675000,111.875000,0.724609,0.000000,0.000000,1
1810,54.450003,111.249999,0.728516,66.426580,-109.798584,1
1820,54.337500,110.874999,0.733398,39.151248,-106.699725,1
1830,54.337500,110.874999,0.733398,0.000000,0.000000,1
1840,54.225002,110.749998,0.734375,16.816986,-131.986560,1
1850,54.225002,110.749998,0.734375,0.000000,0.000000,1
1860,54.225002,110.749998,0.734375,0.000000,0.000000,1
1870,54.225002,110.749998,0.734375,0.000000,0.000000,1
1880,54.225002,110.749998,0.734375,0.000000,0.000000,1
1890,54.225002,110.749998,0.000000,0.000000,0.000000,0
1900,54.225002,110.749998,0.000000,0.000000,0.000000,0
1910,54.000000,111.125000,0.000000,43.732350,120.963853,0
1920,54.000000,111.624999,0.000000,49.999952,90.000000,0
1930,54.000000,111.624999,0.000000,0.000000,0.000000,0
1940,53.887502,112.125000,0.000000,51.250055,102.680173,0
1950,53.887502,112.125000,0.000000,0.000000,0.000000,0
1960,53.887502,113.000000,0.000000,87.499952,90.000000,0
1970,53.775003,112.875000,0.000000,16.816880,-131.986886,0
1980,53.775003,112.875000,0.000000,0.000000,0.000000,0
1990,53.550002,113.000000,0.000000,25.739202,150.945674,0
2000,53.550002,113.000000,0.000000,0.000000,0.000000,0
2010,53.325000,112.875000,0.000000,25.739202,-150.945674,0
2020,52.762503,112.125000,0.000000,93.749794,-126.869730,0
2030,52.762503,112.125000,0.000000,0.000000,0.000000,0
2040,51.750003,111.000000,0.000000,151.353271,-131.987212,0
2050,51.750003,111.000000,0.000000,0.000000,0.000000,0
2060,50.512502,110.124999,0.000000,151.559796,-144.736996,0
2070,49.500002,109.249998,0.000000,133.820137,-139.166474,0
2080,49.500002,109.249998,0.000000,0.000000,0.000000,0
2090,48.600000,108.499998,0.000000,117.153877,-140.194483,0
2100,48.600000,108.499998,0.000000,0.000000,0.000000,0
2110,47.250000,107.499999,0.000000,168.002919,-143.471171,0
2120,46.575000,107.124999,0.000000,77.217226,-150.945396,0
2130,46.575000,107.124999,0.000000,0.000000,0.000000,0
2140,46.125002,106.999998,0.000000,46.703714,-164.475720,0
2150,46.125002,106.999998,0.000000,0.000000,0.000000,0
2160,45.787502,106.999998,0.000000,33.750000,180.000000,0
2170,45.675003,107.124999,0.000000,16.816986,131.986560,0
2180,45.675003,107.124999,0.000000,0.000000,0.000000,0
2190,45.450002,107.374998,0.000000,33.634104,131.987539,0
2200,45.450002,107.374998,0.000000,0.000000,0.000000,0
2210,45.337503,107.499999,0.000000,16.816986,131.986560,0
2220,45.112502,107.499999,0.000000,22.500172,180.000000,0
2230,45.112502,107.499999,0.000000,0.000000,0.000000,0
2240,45.000003,107.499999,0.000000,11.249828,180.000000,0
2250,45.000003,107.499999,0.000000,0.000000,0.000000,0
2260,44.437502,107.250000,0.000000,61.555479,-156.037657,0
2270,44.325003,107.250000,0.000000,11.249828,180.000000,0
2280,44.325003,107.250000,0.000000,0.000000,0.000000,0
2290,43.875000,106.999998,0.000000,51.478543,-150.945396,0
2300,43.875000,106.999998,0.000000,0.000000,0.000000,0
2310,43.650003,106.875000,0.000000,25.738683,-150.945396,0
2320,43.312503,106.624998,0.000000,42.000858,-143.470936,0
2330,43.312503,106.624998,0.000000,0.000000,0.000000,0
2340,43.312503,106.624998,0.000000,0.000000,0.000000,0
2350,43.087502,106.624998,0.234375,22.500172,180.000000,1
2360,43.087502,106.624998,0.234375,0.000000,0.000000,1
2370,43.087502,106.624998,0.234375,0.000000,0.000000,1
2380,43.087502,106.624998,0.234375,0.000000,0.000000,1
2390,43.087502,106.624998,0.234375,0.000000,0.000000,1
2400,43.087502,106.624998,0.234375,0.000000,0.000000,1
2410,43.087502,106.624998,0.234375,0.000000,0.000000,1
2420,42.975001,106.624998,0.438477,11.250086,180.000000,1
2430,42.975001,106.624998,0.438477,0.000000,0.000000,1
2440,42.975001,106.624998,0.438477,0.000000,0.000000,1
2450,42.975001,106.624998,0.438477,0.000000,0.000000,1
2460,42.975001,106.624998,0.438477,0.000000,0.000000,1
2470,42.975001,106.624998,0.438477,0.000000,0.000000,1
2480,42.975001,106.624998,0.438477,0.000000,0.000000,1
2490,42.975001,106.624998,0.438477,0.000000,0.000000,1
2500,42.975001,106.624998,0.438477,0.000000,0.000000,1
2510,43.087502,106.624998,0.494141,11.250086,0.000000,1
2520,43.312503,106.749999,0.533203,25.739272,29.054604,1
2530,43.312503,106.749999,0.533203,0.000000,0.000000,1
2540,43.762502,106.875000,0.559570,46.703714,15.524280,1
2550,43.762502,106.875000,0.559570,0.000000,0.000000,1
2560,44.775002,107.124999,0.613281,104.290737,13.869636,1
2570,45.562500,107.499999,0.632813,87.222620,25.463394,1
2580,45.562500,107.499999,0.632813,0.000000,0.000000,1
2590,46.687503,107.874999,0.644531,118.585738,18.434896,1
2600,46.687503,107.874999,0.644531,0.000000,0.000000,1
2610,48.262500,108.499998,0.650391,169.447278,21.644448,1
2620,50.512502,109.125000,0.652344,233.519488,15.524145,1
2630,50.512502,109.125000,0.652344,0.000000,0.000000,1
2640,51.862502,109.500000,0.654297,140.111563,15.524111,1
2650,51.862502,109.500000,0.654297,0.000000,0.000000,1
2660,53.212502,109.749999,0.679688,137.295285,10.491438,1
2670,54.112503,109.999998,0.690430,93.407848,15.524026,1
2680,54.112503,109.999998,0.690430,0.000000,0.000000,1
2690,54.675000,109.999998,0.690430,56.249657,0.000000,1
2700,54.675000,109.999998,0.690430,0.000000,0.000000,1
2710,55.912502,110.124999,0.691406,124.379891,5.767925,1
2720,56.700000,110.124999,0.691406,78.749828,0.000000,1
2730,56.700000,110.124999,0.691406,0.000000,0.000000,1
2740,57.262502,110.124999,0.691406,56.250172,0.000000,1
2750,57.262502,110.124999,0.691406,0.000000,0.000000,1
2760,57.487503,110.124999,0.690430,22.500172,0.000000,1
2770,57.712500,110.124999,0.690430,22.499657,0.000000,1
2780,57.712500,110.124999,0.690430,0.000000,0.000000,1
2790,57.712500,110.124999,0.690430,0.000000,0.000000,1
2800,57.712500,110.124999,0.690430,0.000000,0.000000,1
2810,57.712500,110.124999,0.690430,0.000000,0.000000,1
2820,57.712500,110.124999,0.690430,0.000000,0.000000,1
2830,57.712500,110.124999,0.690430,0.000000,0.000000,1
2840,57.712500,110.124999,0.690430,0.000000,0.000000,1
2850,57.712500,110.124999,0.690430,0.000000,0.000000,1
2860,57.712500,110.250000,0.000000,12.500095,90.000000,0
2870,57.712500,110.499999,0.000000,24.999905,90.000000,0
2880,57.712500,110.499999,0.000000,0.000000,0.000000,0
2890,57.712500,110.749998,0.000000,24.999905,90.000000,0
2900,57.712500,110.749998,0.000000,0.000000,0.000000,0
2910,57.712500,111.249999,0.000000,50.000095,90.000000,0
2920,57.600002,112.250000,0.000000,100.630851,96.418687,0
2930,57.600002,112.250000,0.000000,0.000000,0.000000,0
2940,57.487503,112.625000,0.000000,39.151100,106.699004,0
2950,57.487503,112.625000,0.000000,0.000000,0.000000,0
2960,57.375000,113.750000,0.000000,113.061135,95.710766,0
2970,57.375000,113.750000,0.000000,0.000000,0.000000,0
2980,57.375000,113.750000,0.000000,0.000000,0.000000,0
2990,57.375000,113.750000,0.000000,0.000000,0.000000,0
3000,57.375000,113.750000,0.000000,0.000000,0.000000,0
3010,57.375000,113.750000,0.000000,0.000000,0.000000,0
3020,57.375000,113.750000,0.000000,0.000000,0.000000,0
3030,57.375000,113.750000,0.000000,0.000000,0.000000,0
3040,57.375000,113.750000,0.000000,0.000000,0.000000,0
3050,57.375000,113.750000,0.000000,0.000000,0.000000,0
3060,57.375000,113.750000,0.000000,0.000000,0.000000,0
3070,57.375000,113.750000,0.000000,0.000000,0.000000,0
3080,57.375000,113.750000,0.000000,0.000000,0.000000,0
3090,50.175002,105.000000,0.000000,1133.148123,-129.449495,0
3100,50.175002,105.000000,0.000000,0.000000,0.000000,0
3110,49.050003,101.749998,0.000000,343.920536,-109.093455,0
3120,49.050003,101.749998,0.000000,0.000000,0.000000,0
3130,48.375003,99.750000,0.000000,211.083334,-108.649555,0
3140,48.150002,99.375000,0.000000,43.732228,-120.963949,0
3150,48.150002,99.375000,0.000000,0.000000,0.000000,0
3160,48.037503,98.874999,0.000000,51.250055,-102.680173,0
3170,48.037503,98.874999,0.000000,0.000000,0.000000,0
3180,48.037503,98.874999,0.000000,0.000000,0.000000,0
3190,48.150002,99.249999,0.000000,39.151100,73.300996,0
3200,48.150002,99.249999,0.000000,0.000000,0.000000,0
3210,48.262500,99.624999,0.000000,39.151100,73.300996,0
3220,48.150002,99.624999,0.000000,11.249828,180.000000,0
3230,48.150002,99.624999,0.000000,0.000000,0.000000,0
3240,47.700003,99.999999,0.000000,58.576741,140.194321,0
3250,47.700003,99.999999,0.000000,0.000000,0.000000,0
3260,47.475002,100.125000,0.000000,25.739272,150.945396,0
3270,47.362503,100.125000,0.000000,11.249828,180.000000,0
3280,47.362503,100.125000,0.000000,0.000000,0.000000,0
3290,46.912500,100.125000,0.000000,45.000343,180.000000,0
3300,46.912500,100.125000,0.000000,0.000000,0.000000,0
3310,46.687503,100.125000,0.000000,22.499657,180.000000,0
3320,46.350003,99.999999,0.000000,35.990483,-159.676721,0
3330,46.350003,99.999999,0.000000,0.000000,0.000000,0
3340,46.125002,99.999999,0.000000,22.500172,180.000000,0
3350,46.125002,99.999999,0.000000,0.000000,0.000000,0
3360,46.012503,100.125000,0.000000,16.816986,131.986560,0
3370,46.012503,100.125000,0.000000,0.000000,0.000000,0
3380,45.900000,100.249998,0.000000,16.817118,131.988517,0
3390,45.787502,100.249998,0.000000,11.249828,180.000000,0
3400,45.787502,100.249998,0.000000,0.000000,0.000000,0
3410,45.675003,100.249998,0.000000,11.249828,180.000000,0
3420,45.675003,100.374999,0.000000,12.500095,90.000000,0
3430,45.675003,100.374999,0.000000,0.000000,0.000000,0
3440,45.675003,100.374999,0.000000,0.000000,0.000000,0
3450,45.675003,100.374999,0.000000,0.000000,0.000000,0
3460,45.675003,100.374999,0.000000,0.000000,0.000000,0
3470,45.450002,100.374999,0.000000,22.500172,180.000000,0
3480,45.450002,100.374999,0.000000,0.000000,0.000000,0
3490,45.450002,100.374999,0.000000,0.000000,0.000000,0
3500,45.337503,100.374999,0.000000,11.249828,180.000000,0
3510,45.337503,100.374999,0.000000,0.000000,0.000000,0
3520,45.337503,100.374999,0.000000,0.000000,0.000000,0
3530,45.225000,100.374999,0.129883,11.250343,180.000000,1
3540,45.225000,100.374999,0.129883,0.000000,0.000000,1
3550,45.225000,100.374999,0.129883,0.000000,0.000000,1
3560,45.225000,100.374999,0.129883,0.000000,0.000000,1
3570,45.225000,100.374999,0.129883,0.000000,0.000000,1
3580,45.225000,100.374999,0.129883,0.000000,0.000000,1
3590,45.000003,100.374999,0.324219,22.499657,180.000000,1
3600,45.000003,100.374999,0.324219,0.000000,0.000000,1
3610,45.000003,100.374999,0.324219,0.000000,0.000000,1
3620,45.000003,100.374999,0.324219,0.000000,0.000000,1
3630,45.000003,100.374999,0.324219,0.000000,0.000000,1
3640,45.000003,100.374999,0.324219,0.000000,0.000000,1
3650,45.000003,100.374999,0.324219,0.000000,0.000000,1
3660,45.112502,100.374999,0.483398,11.249828,0.000000,1
3670,45.562500,100.500000,0.498047,46.703714,15.524280,1
3680,45.562500,100.500000,0.498047,0.000000,0.000000,1
3690,46.462502,100.624998,0.526367,90.864053,7.907029,1
3700,46.462502,100.624998,0.526367,0.000000,0.000000,1
3710,47.362503,100.749999,0.552734,90.864092,7.907207,1
3720,48.712503,101.124999,0.565430,140.111563,15.524111,1
3730,48.712503,101.124999,0.565430,0.000000,0.000000,1
3740,50.175002,101.499999,0.581055,150.981000,14.381411,1
3750,50.175002,101.499999,0.581055,0.000000,0.000000,1
3760,51.412503,101.749998,0.599609,126.250149,11.421128,1
3770,52.087503,102.000000,0.600586,71.980966,20.323279,1
3780,52.087503,102.000000,0.600586,0.000000,0.000000,1
3790,52.875002,102.249999,0.602539,82.622822,17.612551,1
3800,52.875002,102.249999,0.602539,0.000000,0.000000,1
3810,53.662500,102.375000,0.605469,79.735738,9.019409,1
3820,54.112503,102.499998,0.605469,46.704134,15.523773,1
3830,54.112503,102.499998,0.605469,0.000000,0.000000,1
3840,54.337500,102.624999,0.604492,25.738822,29.055161,1
3850,54.337500,102.624999,0.604492,0.000000,0.000000,1
3860,54.337500,102.624999,0.604492,0.000000,0.000000,1
3870,54.337500,102.624999,0.604492,0.000000,0.000000,1
3880,54.337500,102.624999,0.604492,0.000000,0.000000,1
3890,54.337500,102.624999,0.604492,0.000000,0.000000,1
3900,54.337500,102.624999,0.604492,0.000000,0.000000,1
3910,54.112503,102.874998,0.000000,33.633760,131.986886,0
3920,54.112503,102.874998,0.000000,0.000000,0.000000,0
3930,54.112503,102.874998,0.000000,0.000000,0.000000,0
3940,54.000000,102.999999,0.000000,16.817331,131.987865,0
3950,54.000000,102.999999,0.000000,0.000000,0.000000,0
3960,53.775003,102.999999,0.000000,22.499657,180.000000,0
3970,53.437503,103.125000,0.000000,35.990483,159.676721,0
3980,53.437503,103.125000,0.000000,0.000000,0.000000,0
3990,52.987500,103.125000,0.000000,45.000343,180.000000,0
4000,52.987500,103.125000,0.000000,0.000000,0.000000,0
4010,52.312500,103.125000,0.000000,67.500000,180.000000,0
4020,51.525002,102.750000,0.000000,87.222620,-154.536606,0
4030,51.525002,102.750000,0.000000,0.000000,0.000000,0
4040,50.287500,101.625000,0.000000,167.243400,-137.726351,0
4050,50.287500,101.625000,0.000000,0.000000,0.000000,0
4060,48.262500,99.375000,0.000000,302.706541,-131.987212,0
4070,44.662503,96.124998,0.000000,484.999873,-137.924934,0
4080,44.662503,96.124998,0.000000,0.000000,0.000000,0
4090,42.975001,94.249998,0.000000,252.255623,-131.987256,0
4100,42.975001,94.249998,0.000000,0.000000,0.000000,0
4110,41.400002,92.625000,0.000000,226.301593,-134.104844,0
4120,39.937501,91.249998,0.000000,200.737117,-136.766248,0
4130,39.937501,91.249998,0.000000,0.000000,0.000000,0
4140,38.700002,90.249999,0.000000,159.103809,-141.058995,0
4150,38.700002,90.249999,0.000000,0.000000,0.000000,0
4160,37.912501,89.499999,0.000000,108.750062,-136.397212,0
4170,37.462500,89.250000,0.000000,51.478179,-150.945535,0
4180,37.462500,89.250000,0.000000,0.000000,0.000000,0
4190,36.900001,88.875000,0.000000,67.604015,-146.309892,0
4200,36.900001,88.875000,0.000000,0.000000,0.000000,0
4210,36.337502,88.500000,0.000000,67.604015,-146.309892,0
4220,35.887501,88.249998,0.000000,51.478318,-150.945257,0
4230,35.887501,88.249998,0.000000,0.000000,0.000000,0
4240,35.550001,88.125000,0.000000,35.990384,-159.677148,0
4250,35.550001,88.125000,0.000000,0.000000,0.000000,0
4260,35.325002,87.999999,0.000000,25.739047,-150.945118,0
4270,35.212501,87.874998,0.000000,16.817158,-131.987212,0
4280,35.212501,87.874998,0.000000,0.000000,0.000000,0
4290,34.875001,87.750000,0.000000,35.990384,-159.677148,0
4300,34.875001,87.750000,0.000000,0.000000,0.000000,0
4310,34.537501,87.499998,0.000000,42.000858,-143.470936,0
4320,34.312502,87.249999,0.000000,33.633932,-131.987212,0
4330,34.312502,87.249999,0.000000,0.000000,0.000000,0
4340,34.200001,87.124998,0.000000,16.817158,-131.987212,0
4350,34.200001,87.124998,0.000000,0.000000,0.000000,0
4360,34.200001,87.000000,0.000000,12.499809,-90.000000,0
4370,34.200001,87.000000,0.000000,0.000000,0.000000,0
4380,34.200001,87.000000,0.000000,0.000000,0.000000,0
4390,34.200001,87.000000,0.000000,0.000000,0.000000,0
4400,34.200001,87.000000,0.000000,0.000000,0.000000,0
4410,34.200001,87.000000,0.000000,0.000000,0.000000,0
4420,34.200001,87.000000,0.000000,0.000000,0.000000,0
4430,34.200001,87.000000,0.000000,0.000000,0.000000,0
4440,34.200001,87.000000,0.000000,0.000000,0.000000,0
4450,34.200001,87.000000,0.000000,0.000000,0.000000,0
4460,34.200001,87.000000,0.000000,0.000000,0.000000,0
4470,34.200001,87.000000,0.000000,0.000000,0.000000,0
4480,34.200001,87.000000,0.000000,0.000000,0.000000,0
4490,34.200001,87.000000,0.000000,0.000000,0.000000,0
4500,34.200001,87.000000,0.000000,0.000000,0.000000,0
4510,34.200001,87.000000,0.000000,0.000000,0.000000,0
4520,34.087500,87.124998,0.000000,16.816946,131.987865,0
4530,34.087500,87.124998,0.103516,0.000000,0.000000,1
4540,34.087500,87.124998,0.103516,0.000000,0.000000,1
4550,34.087500,87.124998,0.103516,0.000000,0.000000,1
4560,34.087500,87.124998,0.103516,0.000000,0.000000,1
4570,34.087500,87.124998,0.103516,0.000000,0.000000,1
4580,34.087500,87.124998,0.103516,0.000000,0.000000,1
4590,34.087500,87.124998,0.103516,0.000000,0.000000,1
4600,34.087500,87.124998,0.103516,0.000000,0.000000,1
4610,33.412500,87.000000,0.301758,68.647616,-169.508680,1
4620,33.075000,86.874996,0.343750,35.990583,-159.676294,1
4630,33.075000,86.874996,0.343750,0.000000,0.000000,1
4640,32.625002,86.749998,0.360352,46.703638,-164.476058,1
4650,32.625002,86.749998,0.360352,0.000000,0.000000,1
4660,32.175001,86.625000,0.392578,46.703886,-164.476143,1
4670,31.837501,86.499996,0.442383,35.990583,-159.676294,1
4680,31.837501,86.499996,0.442383,0.000000,0.000000,1
4690,31.725000,86.499996,0.463867,11.250086,180.000000,1
4700,31.725000,86.499996,0.463867,0.000000,0.000000,1
4710,31.725000,86.499996,0.463867,0.000000,0.000000,1
4720,31.725000,86.499996,0.463867,0.000000,0.000000,1
4730,31.725000,86.499996,0.463867,0.000000,0.000000,1
4740,31.725000,86.499996,0.463867,0.000000,0.000000,1
4750,31.725000,86.499996,0.463867,0.000000,0.000000,1
4760,31.725000,86.499996,0.463867,0.000000,0.000000,1
4770,31.725000,86.499996,0.463867,0.000000,0.000000,1
4780,31.725000,86.499996,0.463867,0.000000,0.000000,1
4790,31.950002,86.499996,0.498047,22.500172,0.000000,1
4800,31.950002,86.499996,0.498047,0.000000,0.000000,1
4810,32.400000,86.499996,0.504883,44.999828,0.000000,1
4820,33.187501,86.749998,0.509766,82.623154,17.612686,1
4830,33.187501,86.749998,0.509766,0.000000,0.000000,1
4840,33.862501,86.874996,0.517578,68.647616,10.491320,1
4850,33.862501,86.874996,0.517578,0.000000,0.000000,1
4860,34.650002,87.000000,0.522461,79.736037,9.019583,1
4870,35.325002,87.124998,0.533203,68.647616,10.491320,1
4880,35.325002,87.124998,0.533203,0.000000,0.000000,1
4890,36.000002,87.249999,0.543945,68.647668,10.491555,1
4900,36.000002,87.249999,0.543945,0.000000,0.000000,1
4910,36.900001,87.499998,0.557617,93.407600,15.524069,1
4920,38.250001,87.999999,0.573242,143.961834,20.323172,1
4930,38.250001,87.999999,0.573242,0.000000,0.000000,1
4940,39.262501,88.249998,0.590820,104.290737,13.869636,1
4950,39.262501,88.249998,0.590820,0.000000,0.000000,1
4960,40.162500,88.624998,0.610352,97.499921,22.619884,1
4970,41.512500,89.124999,0.646484,143.961834,20.323172,1
4980,41.512500,89.124999,0.646484,0.000000,0.000000,1
4990,42.412502,89.499999,0.654297,97.500158,22.619826,1
5000,42.412502,89.499999,0.654297,0.000000,0.000000,1
5010,43.312503,89.874999,0.660156,97.500158,22.619826,1
5020,44.100002,90.249999,0.660156,87.222620,25.463394,1
5030,44.100002,90.249999,0.660156,0.000000,0.000000,1
5040,44.775002,90.375000,0.662109,68.647668,10.491555,1
5050,44.775002,90.375000,0.662109,0.000000,0.000000,1
5060,45.450002,90.624999,0.662109,71.980867,20.323066,1
5070,46.350003,90.874998,0.667969,93.407848,15.524026,1
5080,46.350003,90.874998,0.667969,0.000000,0.000000,1
5090,46.912500,90.999999,0.668945,57.621838,12.528974,1
5100,46.912500,90.999999,0.668945,0.000000,0.000000,1
5110,47.587500,91.249998,0.676758,71.980867,20.323066,1
5120,48.712503,91.624998,0.691406,118.585738,18.434896,1
5130,48.712503,91.624998,0.691406,0.000000,0.000000,1
5140,49.387503,91.875000,0.695313,71.980966,20.323279,1
5150,49.387503,91.875000,0.695313,0.000000,0.000000,1
5160,50.175002,92.124999,0.700195,82.622822,17.612551,1
5170,50.962500,92.499999,0.702148,87.222620,25.463394,1
5180,50.962500,92.499999,0.702148,0.000000,0.000000,1
5190,51.862502,92.874999,0.704102,97.500158,22.619826,1
5200,51.862502,92.874999,0.704102,0.000000,0.000000,1
5210,52.762503,93.124998,0.704102,93.407848,15.524026,1
5220,54.112503,93.499998,0.711914,140.111563,15.524111,1
5230,54.112503,93.499998,0.711914,0.000000,0.000000,1
5240,54.900002,93.750000,0.713867,82.622908,17.612740,1
5250,54.900002,93.750000,0.713867,0.000000,0.000000,1
5260,55.800003,93.999999,0.713867,93.407848,15.524026,1
5270,56.587502,94.249998,0.713867,82.622822,17.612551,1
5280,56.587502,94.249998,0.713867,0.000000,0.000000,1
5290,57.600002,94.500000,0.713867,104.290805,13.869788,1
5300,57.600002,94.500000,0.713867,0.000000,0.000000,1
5310,58.162503,94.624998,0.713867,57.622279,12.528586,1
5320,58.725000,94.749999,0.713867,57.621838,12.528974,1
5330,58.725000,94.749999,0.713867,0.000000,0.000000,1
5340,59.287502,94.875000,0.715820,57.622341,12.528863,1
5350,59.287502,94.875000,0.715820,0.000000,0.000000,1
5360,59.962502,95.124999,0.716797,71.980867,20.323066,1
5370,60.637502,95.250000,0.716797,68.647668,10.491555,1
5380,60.637502,95.250000,0.716797,0.000000,0.000000,1
5390,60.975002,95.250000,0.716797,33.750000,0.000000,1
5400,61.200003,95.250000,0.716797,22.500172,0.000000,1
5410,61.200003,95.250000,0.716797,0.000000,0.000000,1
5420,61.425000,95.250000,0.716797,22.499657,0.000000,1
5430,61.425000,95.250000,0.716797,0.000000,0.000000,1
5440,61.537503,95.250000,0.716797,11.250343,0.000000,1
5450,61.537503,95.250000,0.716797,0.000000,0.000000,1
5460,61.537503,95.250000,0.716797,0.000000,0.000000,1
5470,61.537503,95.250000,0.716797,0.000000,0.000000,1
5480,61.537503,95.250000,0.716797,0.000000,0.000000,1
5490,61.425000,95.250000,0.000000,11.250343,180.000000,0
5500,61.425000,95.250000,0.000000,0.000000,0.000000,0
5510,60.862503,95.625000,0.000000,67.603801,146.309771,0
5520,58.612502,96.750000,0.000000,251.557801,153.434966,0
5530,58.612502,96.750000,0.000000,0.000000,0.000000,0
5540,57.262502,97.374999,0.000000,148.765715,155.157644,0
5550,57.262502,97.374999,0.000000,0.000000,0.000000,0
5560,56.475003,97.374999,0.000000,78.749828,180.000000,0
5570,55.462503,97.374999,0.000000,101.250000,180.000000,0
5580,55.462503,97.374999,0.000000,0.000000,0.000000,0
5590,54.337500,97.374999,0.000000,112.500343,180.000000,0
5600,54.337500,97.374999,0.000000,0.000000,0.000000,0
5610,53.775003,97.374999,0.000000,56.249657,180.000000,0
5620,53.212502,97.249998,0.000000,57.622341,-167.471137,0
5630,53.212502,97.249998,0.000000,0.000000,0.000000,0
5640,52.537502,96.999999,0.000000,71.980867,-159.676934,0
5650,52.537502,96.999999,0.000000,0.000000,0.000000,0
5660,51.862502,96.874998,0.000000,68.647668,-169.508445,0
5670,51.412503,96.874998,0.000000,44.999828,180.000000,0
5680,51.412503,96.874998,0.000000,0.000000,0.000000,0
5690,50.962500,96.750000,0.000000,46.704134,-164.476227,0
5700,50.962500,96.750000,0.000000,0.000000,0.000000,0
5710,50.737503,96.750000,0.000000,22.499657,180.000000,0
5720,50.512502,96.750000,0.000000,22.500172,180.000000,0
5730,50.512502,96.750000,0.000000,0.000000,0.000000,0
5740,50.175002,96.874998,0.000000,35.990384,159.677148,0
5750,50.175002,96.874998,0.000000,0.000000,0.000000,0
5760,50.062503,96.999999,0.000000,16.816986,131.986560,0
5770,50.062503,96.999999,0.000000,0.000000,0.000000,0
5780,50.062503,96.999999,0.000000,0.000000,0.000000,0
5790,49.837502,96.999999,0.000000,22.500172,180.000000,0
5800,49.837502,96.999999,0.000000,0.000000,0.000000,0
5810,49.837502,96.999999,0.000000,0.000000,0.000000,0
5820,49.725003,96.999999,0.000000,11.249828,180.000000,0
5830,49.725003,96.999999,0.000000,0.000000,0.000000,0
5840,49.725003,96.999999,0.000000,0.000000,0.000000,0
5850,49.725003,97.249998,0.000000,24.999905,90.000000,0
5860,49.725003,97.249998,0.000000,0.000000,0.000000,0
5870,49.725003,97.249998,0.000000,0.000000,0.000000,0
5880,49.725003,97.249998,0.000000,0.000000,0.000000,0
5890,49.725003,97.249998,0.000000,0.000000,0.000000,0
5900,49.612500,97.249998,0.125977,11.250343,180.000000,1
5910,49.612500,97.249998,0.125977,0.000000,0.000000,1
5920,49.612500,97.249998,0.125977,0.000000,0.000000,1
5930,49.612500,97.249998,0.125977,0.000000,0.000000,1
5940,49.612500,97.249998,0.125977,0.000000,0.000000,1
5950,49.612500,97.249998,0.125977,0.000000,0.000000,1
5960,49.612500,97.249998,0.125977,0.000000,0.000000,1
5970,49.612500,97.500000,0.086914,25.000191,90.000000,1
5980,49.612500,97.500000,0.086914,0.000000,0.000000,1
5990,49.612500,97.500000,0.086914,0.000000,0.000000,1
6000,49.612500,97.500000,0.086914,0.000000,0.000000,1
6010,49.612500,97.500000,0.086914,0.000000,0.000000,1
6020,49.612500,97.500000,0.086914,0.000000,0.000000,1
6030,49.612500,97.500000,0.086914,0.000000,0.000000,1
6040,49.500002,97.500000,0.277344,11.249828,180.000000,1
6050,49.500002,97.500000,0.277344,0.000000,0.000000,1
6060,49.387503,97.500000,0.283203,11.249828,180.000000,1
6070,49.275000,97.500000,0.284180,11.250343,180.000000,1
6080,49.275000,97.500000,0.284180,0.000000,0.000000,1
6090,49.162502,97.374999,0.296875,16.816986,-131.986560,1
6100,49.162502,97.374999,0.296875,0.000000,0.000000,1
6110,49.050003,97.125000,0.311523,27.414483,-114.227500,1
6120,48.825002,96.874998,0.351563,33.634317,-131.987212,1
6130,48.825002,96.874998,0.351563,0.000000,0.000000,1
6140,48.375003,96.249999,0.363281,77.014431,-125.753825,1
6150,48.375003,96.249999,0.363281,0.000000,0.000000,1
6160,48.037503,95.625000,0.373047,71.030279,-118.369083,1
6170,47.587500,94.875000,0.404297,87.464455,-120.963949,1
6180,47.587500,94.875000,0.404297,0.000000,0.000000,1
6190,47.250000,93.999999,0.433594,93.783416,-111.092319,1
6200,47.250000,93.999999,0.433594,0.000000,0.000000,1
6210,46.350003,91.749999,0.459961,242.332289,-111.801334,1
6220,45.675003,90.249999,0.469727,164.487841,-114.227745,1
6230,45.675003,90.249999,0.469727,0.000000,0.000000,1
6240,44.887500,88.749999,0.474609,169.415515,-117.699576,1
6250,44.887500,88.749999,0.474609,0.000000,0.000000,1
6260,44.100002,87.124998,0.477539,180.576345,-115.855480,1
6270,43.312503,85.500000,0.485352,180.576088,-115.855520,1
6280,43.312503,85.500000,0.485352,0.000000,0.000000,1
6290,42.300001,83.499996,0.516602,224.169059,-116.850828,1
6300,41.737502,82.500000,0.534180,114.734374,-119.357810,1
6310,41.737502,82.500000,0.534180,0.000000,0.000000,1
6320,41.400002,81.874998,0.538086,71.030531,-118.368973,1
6330,41.400002,81.874998,0.538086,0.000000,0.000000,1
6340,40.837500,81.249996,0.546875,84.085407,-131.987212,1
6350,40.837500,81.249996,0.546875,0.000000,0.000000,1
6360,39.825000,80.124996,0.554688,151.353271,-131.987212,1
6370,39.262501,79.500000,0.558594,84.084809,-131.987343,1
6380,39.262501,79.500000,0.558594,0.000000,0.000000,1
6390,38.812500,79.125000,0.560547,58.576939,-140.194483,1
6400,38.812500,79.125000,0.560547,0.000000,0.000000,1
6410,38.475000,78.874998,0.570313,42.000858,-143.470936,1
6420,38.250001,78.750000,0.600586,25.738908,-150.945674,1
6430,38.250001,78.750000,0.600586,0.000000,0.000000,1
6440,38.137500,78.624996,0.638672,16.817371,-131.986560,1
6450,38.137500,78.624996,0.638672,0.000000,0.000000,1
6460,38.137500,78.624996,0.638672,0.000000,0.000000,1
6470,38.137500,78.624996,0.638672,0.000000,0.000000,1
6480,38.137500,78.624996,0.638672,0.000000,0.000000,1
6490,38.137500,78.624996,0.638672,0.000000,0.000000,1
6500,38.137500,78.624996,0.638672,0.000000,0.000000,1
6510,38.137500,78.624996,0.638672,0.000000,0.000000,1
6520,38.137500,78.624996,0.638672,0.000000,0.000000,1
6530,38.137500,78.624996,0.638672,0.000000,0.000000,1
6540,38.137500,78.624996,0.638672,0.000000,0.000000,1
6550,38.137500,78.624996,0.638672,0.000000,0.000000,1
6560,38.137500,78.624996,0.638672,0.000000,0.000000,1
6570,38.137500,78.624996,0.638672,0.000000,0.000000,1
6580,38.137500,78.624996,0.638672,0.000000,0.000000,1
6590,38.137500,78.624996,0.638672,0.000000,0.000000,1
6600,38.137500,78.624996,0.638672,0.000000,0.000000,1
6610,38.137500,78.750000,0.000000,12.500381,90.000000,0
6620,38.137500,78.999996,0.000000,24.999619,90.000000,0
6630,38.137500,78.999996,0.000000,0.000000,0.000000,0
6640,38.137500,79.875000,0.000000,87.500381,90.000000,0
6650,38.137500,79.875000,0.000000,0.000000,0.000000,0
6660,38.587501,83.250000,0.000000,340.486795,82.405342,0
6670,39.825000,85.624998,0.000000,267.806274,62.478112,0
6680,39.825000,85.624998,0.000000,0.000000,0.000000,0
6690,39.825000,85.624998,0.000000,0.000000,0.000000,0
6700,39.825000,85.624998,0.000000,0.000000,0.000000,0
6710,39.825000,85.624998,0.000000,0.000000,0.000000,0
6720,39.825000,85.624998,0.000000,0.000000,0.000000,0
6730,39.825000,85.624998,0.000000,0.000000,0.000000,0
6740,39.825000,85.624998,0.000000,0.000000,0.000000,0
6750,39.825000,85.624998,0.000000,0.000000,0.000000,0
6760,39.825000,85.624998,0.000000,0.000000,0.000000,0
6770,39.825000,85.624998,0.000000,0.000000,0.000000,0
6780,39.825000,85.624998,0.000000,0.000000,0.000000,0
6790,39.825000,85.624998,0.000000,0.000000,0.000000,0
6800,39.825000,85.624998,0.000000,0.000000,0.000000,0
6810,39.825000,85.624998,0.000000,0.000000,0.000000,0
6820,39.825000,85.624998,0.000000,0.000000,0.000000,0
6830,39.825000,85.624998,0.000000,0.000000,0.000000,0
6840,39.825000,85.624998,0.000000,0.000000,0.000000,0
6850,39.825000,85.624998,0.000000,0.000000,0.000000,0
6860,39.825000,85.624998,0.000000,0.000000,0.000000,0
6870,39.825000,85.624998,0.000000,0.000000,0.000000,0
6880,58.500003,93.124998,0.000000,2012.475474,21.880708,0
6890,58.950002,91.500000,0.000000,168.615458,-74.521401,0
6900,59.062500,89.874999,0.000000,162.889041,-86.039751,0
6910,59.062500,89.874999,0.000000,0.000000,0.000000,0
6920,59.175003,89.499999,0.000000,39.151248,-73.300275,0
6930,59.175003,89.499999,0.000000,0.000000,0.000000,0
6940,59.175003,89.625000,0.000000,12.500095,90.000000,0
6950,59.175003,89.625000,0.000000,0.000000,0.000000,0
6960,59.175003,88.875000,0.000000,75.000000,-90.000000,0
6970,59.175003,88.374999,0.000000,50.000095,-90.000000,0
6980,59.175003,88.374999,0.000000,0.000000,0.000000,0
6990,59.175003,88.125000,0.000000,24.999905,-90.000000,0
7000,59.175003,88.125000,0.000000,0.000000,0.000000,0
7010,58.500003,87.874998,0.000000,71.980966,-159.676721,0
7020,57.712500,87.750000,0.000000,79.736201,-170.980852,0
7030,57.712500,87.750000,0.000000,0.000000,0.000000,0
7040,56.812503,87.624999,0.000000,90.863582,-172.092748,0
7050,56.812503,87.624999,0.000000,0.000000,0.000000,0
7060,55.912502,87.624999,0.000000,90.000172,180.000000,0
7070,55.237502,87.624999,0.000000,67.500000,180.000000,0
7080,55.237502,87.624999,0.000000,0.000000,0.000000,0
7090,54.900002,87.750000,0.000000,35.990483,159.676721,0
7100,54.675000,87.999999,0.000000,33.634104,131.987539,0
7110,54.675000,87.999999,0.000000,0.000000,0.000000,0
7120,54.562502,88.125000,0.000000,16.816986,131.986560,0
7130,54.562502,88.125000,0.000000,0.000000,0.000000,0
7140,54.562502,88.249998,0.000000,12.499809,90.000000,0
7150,54.562502,88.249998,0.000000,0.000000,0.000000,0
7160,54.450003,88.374999,0.000000,16.816986,131.986560,0
7170,54.450003,88.374999,0.000000,0.000000,0.000000,0
7180,54.450003,88.374999,0.000000,0.000000,0.000000,0
7190,54.450003,88.374999,0.000000,0.000000,0.000000,0
7200,54.450003,88.374999,0.000000,0.000000,0.000000,0
7210,54.225002,88.500000,0.000000,25.739272,150.945396,0
7220,54.112503,88.500000,0.000000,11.249828,180.000000,0
7230,54.112503,88.500000,0.000000,0.000000,0.000000,0
7240,53.887502,88.500000,0.000000,22.500172,180.000000,0
7250,53.887502,88.500000,0.000000,0.000000,0.000000,0
7260,53.775003,88.500000,0.000000,11.249828,180.000000,0
7270,53.550002,88.500000,0.000000,22.500172,180.000000,0
7280,53.550002,88.500000,0.000000,0.000000,0.000000,0
7290,53.437503,88.500000,0.000000,11.249828,180.000000,0
7300,53.437503,88.500000,0.000000,0.000000,0.000000,0
7310,53.437503,88.500000,0.000000,0.000000,0.000000,0
7320,53.325000,88.624998,0.000000,16.817118,131.988517,0
7330,53.212502,88.624998,0.000000,11.249828,180.000000,0
7340,53.212502,88.624998,0.000000,0.000000,0.000000,0
7350,53.212502,88.624998,0.000000,0.000000,0.000000,0
7360,53.212502,88.624998,0.000000,0.000000,0.000000,0
7370,53.212502,88.624998,0.000000,0.000000,0.000000,0
7380,53.212502,88.624998,0.000000,0.000000,0.000000,0
7390,53.100003,88.624998,0.000000,11.249828,180.000000,0
7400,53.100003,88.624998,0.000000,0.000000,0.000000,0
7410,53.100003,88.624998,0.000000,0.000000,0.000000,0
7420,53.100003,88.624998,0.157227,0.000000,0.000000,1
7430,53.100003,88.624998,0.157227,0.000000,0.000000,1
7440,53.100003,88.624998,0.157227,0.000000,0.000000,1
7450,53.100003,88.624998,0.157227,0.000000,0.000000,1
7460,53.100003,88.624998,0.157227,0.000000,0.000000,1
7470,53.100003,88.624998,0.157227,0.000000,0.000000,1
7480,53.100003,88.624998,0.157227,0.000000,0.000000,1
7490,53.100003,88.624998,0.157227,0.000000,0.000000,1
7500,53.100003,88.624998,0.157227,0.000000,0.000000,1
7510,53.100003,88.624998,0.157227,0.000000,0.000000,1
7520,53.212502,88.500000,0.311523,16.816773,-48.012788,1
7530,53.212502,88.500000,0.311523,0.000000,0.000000,1
7540,53.437503,88.249998,0.350586,33.634317,-48.012788,1
7550,53.437503,88.249998,0.350586,0.000000,0.000000,1
7560,53.775003,87.874998,0.408203,50.451090,-48.012788,1
7570,54.337500,87.249999,0.456055,84.084850,-48.012918,1
7580,54.337500,87.249999,0.456055,0.000000,0.000000,1
7590,54.900002,86.749998,0.494141,75.260158,-41.633507,1
7600,54.900002,86.749998,0.494141,0.000000,0.000000,1
7610,55.575002,86.124996,0.510742,91.991977,-42.797489,1
7620,56.362500,85.374996,0.538086,108.749876,-43.602881,1
7630,56.362500,85.374996,0.538086,0.000000,0.000000,1
7640,57.600002,84.000000,0.562500,184.987162,-48.012669,1
7650,57.600002,84.000000,0.562500,0.000000,0.000000,1
7660,58.500003,82.999998,0.574219,134.536497,-48.012788,1
7670,59.287502,82.125000,0.583008,117.718954,-48.012788,1
7680,59.287502,82.125000,0.583008,0.000000,0.000000,1
7690,60.075000,81.249996,0.596680,117.719379,-48.012974,1
7700,60.075000,81.249996,0.596680,0.000000,0.000000,1
7710,60.750000,80.499996,0.598633,100.902180,-48.012788,1
7720,61.650002,79.500000,0.603516,134.536072,-48.012624,1
7730,61.650002,79.500000,0.603516,0.000000,0.000000,1
7740,62.100000,78.999996,0.618164,67.268289,-48.013114,1
7750,62.100000,78.999996,0.618164,0.000000,0.000000,1
7760,62.550003,78.624996,0.625000,58.577136,-39.805356,1
7770,62.775000,78.249996,0.622070,43.731963,-59.036629,1
7780,62.775000,78.249996,0.622070,0.000000,0.000000,1
7790,63.225003,78.000000,0.629883,51.478266,-29.054047,1
7800,63.225003,78.000000,0.629883,0.000000,0.000000,1
7810,63.450000,77.874996,0.634766,25.738960,-29.055718,1
7820,63.562503,77.749998,0.640625,16.817118,-48.011483,1
7830,63.562503,77.749998,0.640625,0.000000,0.000000,1
7840,63.675002,77.749998,0.640625,11.249828,0.000000,1
7850,63.675002,77.749998,0.640625,0.000000,0.000000,1
7860,63.787500,77.749998,0.642578,11.249828,0.000000,1
7870,64.012502,77.625000,0.645508,25.739133,-29.054047,1
7880,64.012502,77.625000,0.645508,0.000000,0.000000,1
7890,64.125000,77.625000,0.651367,11.249828,0.000000,1
7900,64.125000,77.625000,0.651367,0.000000,0.000000,1
7910,64.125000,77.625000,0.651367,0.000000,0.000000,1
7920,64.125000,77.625000,0.651367,0.000000,0.000000,1
7930,64.125000,77.625000,0.651367,0.000000,0.000000,1
7940,64.125000,77.625000,0.651367,0.000000,0.000000,1
7950,64.125000,77.625000,0.651367,0.000000,0.000000,1
7960,64.237503,77.625000,0.700195,11.250343,0.000000,1
7970,64.237503,77.625000,0.700195,0.000000,0.000000,1
7980,64.237503,77.625000,0.700195,0.000000,0.000000,1
7990,64.237503,77.625000,0.700195,0.000000,0.000000,1
8000,64.237503,77.625000,0.700195,0.000000,0.000000,1
8010,64.237503,77.625000,0.700195,0.000000,0.000000,1
8020,64.237503,77.749998,0.741211,12.499809,90.000000,1
8030,64.237503,77.749998,0.741211,0.000000,0.000000,1
8040,64.237503,79.374996,0.737305,162.499809,90.000000,1
8050,64.237503,80.874996,0.000000,150.000000,90.000000,0
8060,64.237503,80.874996,0.000000,0.000000,0.000000,0
8070,63.787500,82.999998,0.000000,217.212711,101.956662,0
8080,63.787500,82.999998,0.000000,0.000000,0.000000,0
8090,63.787500,84.249996,0.000000,124.999809,90.000000,0
8100,64.012502,85.749996,0.000000,151.678139,81.469170,0
8110,64.012502,85.749996,0.000000,0.000000,0.000000,0
8120,64.012502,86.250000,0.000000,50.000381,90.000000,0
8130,64.012502,86.250000,0.000000,0.000000,0.000000,0
8140,64.125000,86.499996,0.000000,27.414222,65.772255,0
8150,64.125000,86.499996,0.000000,0.000000,0.000000,0
8160,64.237503,86.749998,0.000000,27.414955,65.771764,0
8170,64.575003,87.499998,0.000000,82.243921,65.772255,0
8180,64.575003,87.499998,0.000000,0.000000,0.000000,0
8190,64.800000,88.125000,0.000000,66.426714,70.201458,0
8200,64.800000,88.125000,0.000000,0.000000,0.000000,0
8210,65.025002,88.125000,0.000000,22.500172,0.000000,0
8220,65.137500,88.875000,0.000000,75.839031,81.469363,0
8230,65.137500,88.875000,0.000000,0.000000,0.000000,0
8240,65.362502,90.249999,0.000000,139.328682,80.706615,0
8250,65.362502,90.249999,0.000000,0.000000,0.000000,0
8260,65.587503,92.374998,0.000000,213.687780,83.955859,0
8270,66.037502,95.124999,0.000000,278.657562,80.706729,0
8280,66.037502,95.124999,0.000000,0.000000,0.000000,0
8290,66.937503,97.500000,0.000000,253.980956,69.245900,0
8300,66.937503,97.500000,0.000000,0.000000,0.000000,0
8310,68.512500,99.874998,0.000000,284.977721,56.449374,0
8320,71.100002,102.499998,0.000000,368.589068,45.412174,0
8330,71.100002,102.499998,0.000000,0.000000,0.000000,0
8340,75.262500,106.624998,0.000000,586.020622,44.740757,0
8350,77.625000,109.374999,0.000000,362.545328,49.334434,0
8360,77.625000,109.374999,0.000000,0.000000,0.000000,0
8370,79.875002,111.624999,0.000000,318.198173,44.999978,0
8380,79.875002,111.624999,0.000000,0.000000,0.000000,0
8390,81.900002,113.124999,0.000000,252.004464,36.528855,0
8400,84.600002,114.875000,0.000000,321.753037,32.949222,0
8410,84.600002,114.875000,0.000000,0.000000,0.000000,0
8420,86.287502,115.625000,0.000000,184.666084,23.962489,0
8430,86.287502,115.625000,0.000000,0.000000,0.000000,0
8440,86.737500,115.500000,0.000000,46.703676,-15.524111,0
8450,86.737500,115.500000,0.000000,0.000000,0.000000,0
8460,86.287502,115.500000,0.000000,44.999828,180.000000,0
8470,86.400000,115.625000,0.000000,16.816880,48.013114,0
8480,86.400000,115.625000,0.000000,0.000000,0.000000,0
8490,87.075000,116.250000,0.000000,91.991880,42.797424,0
8500,87.075000,116.250000,0.000000,0.000000,0.000000,0
8510,87.300007,116.499999,0.000000,33.634449,48.011809,0
8520,87.187503,116.750000,0.000000,27.414825,114.228359,0
8530,87.187503,116.750000,0.000000,0.000000,0.000000,0
8540,86.625007,116.874999,0.000000,57.621807,167.471165,0
8550,86.625007,116.874999,0.000000,0.000000,0.000000,0
8560,85.725000,117.000000,0.000000,90.864602,172.092837,0
8570,84.600002,117.125000,0.000000,113.192138,173.659823,0
8580,84.600002,117.125000,0.000000,0.000000,0.000000,0
8590,84.150003,117.249999,0.000000,46.703676,164.475889,0
8600,84.150003,117.249999,0.000000,0.000000,0.000000,0
8610,83.925002,117.375000,0.000000,25.739272,150.945396,0
8620,83.925002,117.500000,0.000000,12.499952,90.000000,0
8630,83.925002,117.500000,0.000000,0.000000,0.000000,0
8640,83.587502,117.624999,0.000000,35.990434,159.676934,0
8650,83.587502,117.624999,0.000000,0.000000,0.000000,0
8660,83.475003,117.624999,0.000000,11.249828,180.000000,0
8670,83.475003,117.875000,0.000000,25.000048,90.000000,0
8680,83.475003,117.875000,0.000000,0.000000,0.000000,0
8690,83.475003,117.999999,0.000000,12.499952,90.000000,0
8700,83.475003,117.999999,0.000000,0.000000,0.000000,0
8710,83.475003,117.999999,0.000000,0.000000,0.000000,0
8720,83.475003,117.999999,0.000000,0.000000,0.000000,0
8730,83.475003,117.999999,0.000000,0.000000,0.000000,0
8740,83.475003,117.999999,0.000000,0.000000,0.000000,0
8750,83.475003,117.999999,0.000000,0.000000,0.000000,0
8760,83.475003,117.999999,0.000000,0.000000,0.000000,0
8770,83.475003,117.999999,0.000000,0.000000,0.000000,0
8780,83.475003,118.250000,0.000000,25.000048,90.000000,0
8790,83.475003,118.250000,0.000000,0.000000,0.000000,0
8800,83.587502,118.250000,0.000000,11.249828,0.000000,0
8810,83.587502,118.374999,0.000000,12.499952,90.000000,0
8820,83.700000,118.374999,0.000000,11.249828,0.000000,0
8830,83.700000,118.374999,0.000000,0.000000,0.000000,0
8840,83.700000,118.374999,0.000000,0.000000,0.000000,0
8850,83.700000,118.374999,0.000000,0.000000,0.000000,0
8860,83.700000,118.374999,0.000000,0.000000,0.000000,0
8870,83.925002,118.374999,0.000000,22.500172,0.000000,0
8880,84.037500,118.250000,0.051758,16.816880,-48.013114,1
8890,84.037500,118.250000,0.051758,0.000000,0.000000,1
8900,84.037500,118.250000,0.051758,0.000000,0.000000,1
8910,84.037500,118.250000,0.051758,0.000000,0.000000,1
8920,84.037500,118.250000,0.051758,0.000000,0.000000,1
8930,84.037500,118.250000,0.051758,0.000000,0.000000,1
8940,84.037500,118.250000,0.051758,0.000000,0.000000,1
8950,84.037500,118.250000,0.051758,0.000000,0.000000,1
8960,84.037500,118.250000,0.051758,0.000000,0.000000,1
8970,84.037500,118.125000,0.295898,12.499952,-90.000000,1
8980,84.037500,118.125000,0.295898,0.000000,0.000000,1
8990,84.037500,117.999999,0.366211,12.500095,-90.000000,1
9000,84.037500,117.999999,0.366211,0.000000,0.000000,1
9010,83.700000,117.624999,0.467773,50.451090,-131.987212,1
9020,83.250002,117.249999,0.481445,58.576741,-140.194321,1
9030,83.250002,117.249999,0.481445,0.000000,0.000000,1
9040,82.350000,116.499999,0.496094,117.153877,-140.194483,1
9050,80.662500,115.374999,0.500977,202.812259,-146.309932,1
9060,80.662500,115.374999,0.500977,0.000000,0.000000,1
9070,78.750003,114.000000,0.502930,235.547564,-144.285563,1
9080,78.750003,114.000000,0.502930,0.000000,0.000000,1
9090,77.062503,112.875000,0.514648,202.812259,-146.309932,1
9100,77.062503,112.875000,0.514648,0.000000,0.000000,1
9110,75.375003,111.624999,0.521484,210.003777,-143.471124,1
9120,74.925000,111.249999,0.525391,58.577136,-140.194644,1
9130,74.925000,111.249999,0.525391,0.000000,0.000000,1
9140,74.475002,111.000000,0.527344,51.477954,-150.945396,1
9150,74.025003,110.749998,0.531250,51.478093,-150.945118,1
9160,74.025003,110.749998,0.531250,0.000000,0.000000,1
9170,73.912500,110.749998,0.534180,11.250343,180.000000,1
9180,73.912500,110.749998,0.534180,0.000000,0.000000,1
9190,73.800002,110.749998,0.543945,11.249828,180.000000,1
9200,73.687503,110.625000,0.535156,16.816773,-131.987212,1
9210,73.687503,110.625000,0.535156,0.000000,0.000000,1
9220,73.575000,110.625000,0.533203,11.250343,180.000000,1
9230,73.575000,110.625000,0.533203,0.000000,0.000000,1
9240,73.575000,110.625000,0.533203,0.000000,0.000000,1
9250,73.575000,110.625000,0.533203,0.000000,0.000000,1
9260,73.575000,110.625000,0.533203,0.000000,0.000000,1
9270,73.575000,110.625000,0.533203,0.000000,0.000000,1
9280,73.575000,110.625000,0.533203,0.000000,0.000000,1
9290,73.575000,110.625000,0.533203,0.000000,0.000000,1
9300,73.575000,110.625000,0.533203,0.000000,0.000000,1
9310,73.575000,110.625000,0.533203,0.000000,0.000000,1
9320,73.575000,110.625000,0.533203,0.000000,0.000000,1
9330,73.575000,110.625000,0.533203,0.000000,0.000000,1
9340,73.575000,110.625000,0.533203,0.000000,0.000000,1
9350,73.575000,110.625000,0.533203,0.000000,0.000000,1
9360,73.575000,110.625000,0.533203,0.000000,0.000000,1
9370,73.575000,110.625000,0.533203,0.000000,0.000000,1
9380,73.575000,110.625000,0.533203,0.000000,0.000000,1
9390,73.575000,110.625000,0.533203,0.000000,0.000000,1
9400,73.575000,110.625000,0.533203,0.000000,0.000000,1
9410,73.575000,110.625000,0.533203,0.000000,0.000000,1
9420,73.575000,110.625000,0.533203,0.000000,0.000000,1
9430,73.575000,110.625000,0.533203,0.000000,0.000000,1
9440,73.575000,110.625000,0.533203,0.000000,0.000000,1
9450,73.575000,110.625000,0.533203,0.000000,0.000000,1
9460,73.575000,110.625000,0.533203,0.000000,0.000000,1
9470,73.800002,110.625000,0.507813,22.500172,0.000000,1
9480,73.800002,110.625000,0.507813,0.000000,0.000000,1
9490,74.025003,110.625000,0.511719,22.500172,0.000000,1
9500,74.362503,110.625000,0.511719,33.750000,0.000000,1
9510,74.362503,110.625000,0.511719,0.000000,0.000000,1
9520,74.700003,110.625000,0.511719,33.750000,0.000000,1
9530,74.700003,110.625000,0.511719,0.000000,0.000000,1
9540,75.037503,110.625000,0.511719,33.750000,0.000000,1
9550,75.600000,110.625000,0.513672,56.249657,0.000000,1
9560,75.600000,110.625000,0.513672,0.000000,0.000000,1
9570,75.937500,110.499999,0.513672,35.990483,-20.323279,1
9580,75.937500,110.499999,0.513672,0.000000,0.000000,1
9590,76.275000,110.374998,0.513672,35.990483,-20.323279,1
9600,76.725003,110.250000,0.529297,46.704134,-15.523773,1
9610,76.725003,110.250000,0.529297,0.000000,0.000000,1
9620,77.400003,109.875000,0.537109,77.217226,-29.054604,1
9630,77.400003,109.875000,0.537109,0.000000,0.000000,1
9640,77.737503,109.500000,0.550781,50.451090,-48.012788,1
9650,78.187502,108.999999,0.554688,67.268076,-48.012951,1
9660,78.187502,108.999999,0.554688,0.000000,0.000000,1
9670,78.525002,108.375000,0.563477,71.030279,-61.630917,1
9680,78.525002,108.375000,0.563477,0.000000,0.000000,1
9690,78.862502,107.374998,0.606445,105.541938,-71.350494,1
9700,78.862502,107.374998,0.606445,0.000000,0.000000,1
9710,79.200002,105.499998,0.624023,190.513287,-79.796026,1
9720,79.425003,102.750000,0.676758,275.918743,-85.322543,1
9730,79.425003,102.750000,0.676758,0.000000,0.000000,1
9740,79.425003,101.124999,0.721680,162.500095,-90.000000,1
9750,79.425003,101.124999,0.721680,0.000000,0.000000,1
9760,79.425003,99.624999,0.745117,150.000000,-90.000000,1
9770,79.425003,97.374999,0.757813,225.000000,-90.000000,1
9780,79.425003,97.374999,0.757813,0.000000,0.000000,1
9790,79.425003,96.124998,0.769531,125.000095,-90.000000,1
9800,79.425003,96.124998,0.769531,0.000000,0.000000,1
9810,79.425003,94.749999,0.779297,137.499905,-90.000000,1
9820,79.312500,93.499998,0.787109,125.505355,-95.142917,1
9830,79.312500,93.499998,0.787109,0.000000,0.000000,1
9840,79.200002,92.625000,0.790039,88.220039,-97.326312,1
9850,79.200002,91.749999,0.792969,87.500095,-90.000000,1
9860,79.200002,91.749999,0.792969,0.000000,0.000000,1
9870,79.200002,90.999999,0.793945,75.000000,-90.000000,1
9880,79.200002,90.999999,0.793945,0.000000,0.000000,1
9890,79.087503,90.249999,0.796875,75.839031,-98.530637,1
9900,78.975000,89.499999,0.800781,75.839107,-98.531022,1
9910,78.975000,89.499999,0.800781,0.000000,0.000000,1
9920,78.750003,88.624998,0.805664,90.346562,-104.420547,1
9930,78.750003,88.624998,0.805664,0.000000,0.000000,1
9940,78.525002,88.125000,0.806641,54.829177,-114.227991,1
9950,78.412503,87.750000,0.810547,39.151100,-106.699004,1
9960,78.412503,87.750000,0.810547,0.000000,0.000000,1
9970,78.187502,87.375000,0.812500,43.732228,-120.963949,1
9980,78.187502,87.375000,0.812500,0.000000,0.000000,1
9990,77.962500,87.124998,0.812500,33.634317,-131.987212,1
10000,77.850002,86.749998,0.812500,39.151100,-106.699004,1
10010,77.850002,86.749998,0.812500,0.000000,0.000000,1
10020,77.625000,86.374998,0.812500,43.732228,-120.963949,1
10030,77.625000,86.374998,0.812500,0.000000,0.000000,1
10040,77.512502,86.250000,0.813477,16.816773,-131.987212,1
10050,77.512502,86.124996,0.813477,12.500381,-90.000000,1
10060,77.512502,86.124996,0.813477,0.000000,0.000000,1
10070,77.400003,85.999998,0.815430,16.816773,-131.987212,1
10080,77.400003,85.999998,0.815430,0.000000,0.000000,1
10090,77.287500,85.875000,0.812500,16.817118,-131.988517,1
10100,77.287500,85.875000,0.812500,0.000000,0.000000,1
10110,77.287500,85.875000,0.812500,0.000000,0.000000,1
10120,77.287500,85.875000,0.812500,0.000000,0.000000,1
10130,77.287500,85.875000,0.812500,0.000000,0.000000,1
10140,77.287500,85.875000,0.812500,0.000000,0.000000,1
10150,77.287500,85.875000,0.812500,0.000000,0.000000,1
10160,77.287500,85.875000,0.812500,0.000000,0.000000,1
10170,77.287500,85.875000,0.812500,0.000000,0.000000,1
10180,77.287500,85.875000,0.812500,0.000000,0.000000,1
10190,77.287500,86.499996,0.000000,62.499619,90.000000,0
10200,77.175002,87.624999,0.000000,113.061368,95.710492,0
10210,77.175002,87.624999,0.000000,0.000000,0.000000,0
10220,77.062503,89.749998,0.000000,212.797481,93.030432,0
10230,77.062503,89.749998,0.000000,0.000000,0.000000,0
10240,77.400003,93.874998,0.000000,413.878379,85.322582,0
10250,78.975000,96.375000,0.000000,295.476289,57.789148,0
10260,78.975000,96.375000,0.000000,0.000000,0.000000,0
10270,80.662500,98.749998,0.000000,291.346395,54.605182,0
10280,80.662500,98.749998,0.000000,0.000000,0.000000,0
10290,82.350000,100.749999,0.000000,261.680341,49.844014,0
10300,83.587502,102.375000,0.000000,204.255688,52.709311,0
10310,83.587502,102.375000,0.000000,0.000000,0.000000,0
10320,83.700000,103.249998,0.000000,88.220039,82.673688,0
10330,83.700000,103.249998,0.000000,0.000000,0.000000,0
10340,83.925002,103.125000,0.000000,25.739133,-29.054047,0
10350,84.375000,103.875000,0.000000,87.464190,59.036340,0
10360,84.375000,103.875000,0.000000,0.000000,0.000000,0
10370,84.712500,104.250000,0.000000,50.451090,48.012788,0
10380,84.712500,104.250000,0.000000,0.000000,0.000000,0
10390,84.825003,104.499999,0.000000,27.414694,65.771519,0
10400,84.375000,104.499999,0.000000,45.000343,180.000000,0
10410,84.375000,104.499999,0.000000,0.000000,0.000000,0
10420,83.925002,104.499999,0.000000,44.999828,180.000000,0
10430,83.925002,104.499999,0.000000,0.000000,0.000000,0
10440,83.475003,104.499999,0.000000,44.999828,180.000000,0
10450,83.250002,104.749998,0.000000,33.634104,131.987539,0
10460,83.250002,104.749998,0.000000,0.000000,0.000000,0
10470,82.912502,105.000000,0.000000,42.000858,143.470936,0
10480,82.912502,105.000000,0.000000,0.000000,0.000000,0
10490,82.687500,105.124998,0.000000,25.739133,150.945953,0
10500,82.462503,105.249999,0.000000,25.738822,150.944839,0
10510,82.462503,105.249999,0.000000,0.000000,0.000000,0
10520,82.237502,105.249999,0.000000,22.500172,180.000000,0
10530,82.237502,105.249999,0.000000,0.000000,0.000000,0
10540,81.787503,105.375000,0.000000,46.703714,164.475720,0
10550,81.450003,105.499998,0.000000,35.990384,159.677148,0
10560,81.450003,105.499998,0.000000,0.000000,0.000000,0
10570,81.112503,105.499998,0.000000,33.750000,180.000000,0
10580,81.112503,105.499998,0.000000,0.000000,0.000000,0
10590,80.775003,105.624999,0.000000,35.990483,159.676721,0
10600,80.550002,105.624999,0.000000,22.500172,180.000000,0
10610,80.550002,105.624999,0.000000,0.000000,0.000000,0
10620,80.437503,105.499998,0.000000,16.816986,-131.986560,0
10630,80.437503,105.499998,0.000000,0.000000,0.000000,0
10640,80.212502,105.375000,0.053711,25.739133,-150.945953,1
10650,80.212502,105.375000,0.053711,0.000000,0.000000,1
10660,80.212502,105.375000,0.053711,0.000000,0.000000,1
10670,80.212502,105.375000,0.053711,0.000000,0.000000,1
10680,80.212502,105.375000,0.053711,0.000000,0.000000,1
10690,80.212502,105.375000,0.053711,0.000000,0.000000,1
10700,80.775003,105.375000,0.306641,56.250172,0.000000,1
10710,80.775003,105.375000,0.306641,0.000000,0.000000,1
10720,81.225002,105.499998,0.376953,46.703638,15.523942,1
10730,81.225002,105.499998,0.376953,0.000000,0.000000,1
10740,82.125003,105.750000,0.451172,93.407925,15.524196,1
10750,83.700000,106.125000,0.496094,161.902415,13.392526,1
10760,83.700000,106.125000,0.496094,0.000000,0.000000,1
10770,87.075000,106.749999,0.541016,343.238238,10.491461,1
10780,87.075000,106.749999,0.541016,0.000000,0.000000,1
10790,89.212503,107.250000,0.559570,219.520429,13.165798,1
10800,91.125000,107.625000,0.592773,194.891460,11.093742,1
10810,91.125000,107.625000,0.592773,0.000000,0.000000,1
10820,92.812500,107.749998,0.611328,169.212316,4.236330,1
10830,92.812500,107.749998,0.611328,0.000000,0.000000,1
10840,94.725007,107.874999,0.629883,191.658753,3.739518,1
10850,95.400007,108.000000,0.629883,68.647668,10.491555,1
10860,95.400007,108.000000,0.629883,0.000000,0.000000,1
10870,95.850000,108.000000,0.631836,44.999313,0.000000,1
10880,95.850000,108.000000,0.631836,0.000000,0.000000,1
10890,96.187500,108.000000,0.629883,33.750000,0.000000,1
10900,96.300003,108.000000,0.626953,11.250343,0.000000,1
10910,96.300003,108.000000,0.626953,0.000000,0.000000,1
10920,96.300003,108.000000,0.626953,0.000000,0.000000,1
10930,96.300003,108.000000,0.626953,0.000000,0.000000,1
10940,96.300003,108.000000,0.626953,0.000000,0.000000,1
10950,96.300003,108.000000,0.626953,0.000000,0.000000,1
10960,96.300003,108.000000,0.626953,0.000000,0.000000,1
10970,96.300003,108.000000,0.626953,0.000000,0.000000,1
10980,96.300003,108.000000,0.626953,0.000000,0.000000,1
10990,96.187500,108.000000,0.000000,11.250343,180.000000,0
11000,95.737507,108.124998,0.000000,46.703142,164.475889,0
11010,95.737507,108.124998,0.000000,0.000000,0.000000,0
11020,95.287503,108.124998,0.000000,45.000343,180.000000,0
11030,95.287503,108.124998,0.000000,0.000000,0.000000,0
11040,94.725007,108.124998,0.000000,56.249657,180.000000,0
11050,93.937503,108.124998,0.000000,78.750343,180.000000,0
11060,93.937503,108.124998,0.000000,0.000000,0.000000,0
11070,92.812500,107.499999,0.000000,128.695631,-150.945507,0
11080,92.812500,107.499999,0.000000,0.000000,0.000000,0
11090,92.137500,106.999998,0.000000,84.001545,-143.471092,0
11100,91.462500,106.500000,0.000000,84.001375,-143.471249,0
11110,91.462500,106.500000,0.000000,0.000000,0.000000,0
11120,90.787500,105.999999,0.000000,84.001545,-143.471092,0
11130,90.787500,105.999999,0.000000,0.000000,0.000000,0
11140,90.112500,105.375000,0.000000,91.991783,-137.202642,0
11150,89.550003,104.874999,0.000000,75.259773,-138.366233,0
11160,89.550003,104.874999,0.000000,0.000000,0.000000,0
11170,89.437500,104.749998,0.000000,16.817331,-131.987865,0
11180,89.437500,104.749998,0.000000,0.000000,0.000000,0
11190,89.212503,104.625000,0.000000,25.738683,-150.945396,0
11200,89.212503,104.625000,0.000000,0.000000,0.000000,0
11210,89.212503,104.625000,0.000000,0.000000,0.000000,0
11220,89.212503,104.625000,0.000000,0.000000,0.000000,0
11230,89.212503,104.625000,0.000000,0.000000,0.000000,0
11240,88.987507,104.749998,0.000000,25.738683,150.945396,0
11250,88.987507,104.749998,0.000000,0.000000,0.000000,0
11260,88.987507,104.749998,0.000000,0.000000,0.000000,0
11270,88.987507,104.749998,0.000000,0.000000,0.000000,0
11280,88.987507,104.749998,0.000000,0.000000,0.000000,0
11290,88.987507,104.749998,0.000000,0.000000,0.000000,0
11300,88.987507,104.749998,0.000000,0.000000,0.000000,0
11310,88.875003,104.749998,0.000000,11.250343,180.000000,0
11320,88.875003,104.749998,0.000000,0.000000,0.000000,0
11330,88.875003,104.874999,0.000000,12.500095,90.000000,0
11340,88.875003,104.874999,0.000000,0.000000,0.000000,0
11350,88.875003,104.874999,0.000000,0.000000,0.000000,0
11360,88.875003,104.874999,0.000000,0.000000,0.000000,0
11370,88.875003,104.874999,0.000000,0.000000,0.000000,0
11380,88.875003,104.874999,0.000000,0.000000,0.000000,0
11390,88.875003,104.874999,0.000000,0.000000,0.000000,0
11400,88.875003,104.874999,0.000000,0.000000,0.000000,0
11410,88.875003,104.874999,0.000000,0.000000,0.000000,0
11420,88.875003,104.874999,0.000000,0.000000,0.000000,0
11430,88.875003,104.874999,0.000000,0.000000,0.000000,0
11440,88.875003,104.874999,0.000000,0.000000,0.000000,0
11450,88.650007,105.000000,0.000000,25.738822,150.944839,0
11460,88.650007,105.000000,0.000000,0.000000,0.000000,0
11470,88.650007,105.124998,0.000000,12.499809,90.000000,0
11480,88.650007,105.124998,0.000000,0.000000,0.000000,0
11490,88.650007,105.249999,0.000000,12.500095,90.000000,0
11500,88.650007,105.249999,0.000000,0.000000,0.000000,0
11510,88.537503,105.249999,0.000000,11.250343,180.000000,0
11520,88.537503,105.249999,0.000000,0.000000,0.000000,0
11530,88.537503,105.249999,0.000000,0.000000,0.000000,0
11540,88.537503,105.249999,0.000000,0.000000,0.000000,0
11550,88.537503,105.249999,0.000000,0.000000,0.000000,0
11560,88.537503,105.249999,0.056641,0.000000,0.000000,1
11570,88.537503,105.249999,0.056641,0.000000,0.000000,1
11580,88.537503,105.249999,0.056641,0.000000,0.000000,1
11590,88.537503,105.249999,0.056641,0.000000,0.000000,1
11600,88.537503,105.249999,0.056641,0.000000,0.000000,1
11610,88.537503,105.249999,0.056641,0.000000,0.000000,1
11620,88.425000,105.249999,0.208984,11.250343,180.000000,1
11630,88.425000,105.249999,0.208984,0.000000,0.000000,1
11640,88.425000,105.124998,0.267578,12.500095,-90.000000,1
11650,88.312507,105.000000,0.294922,16.816429,-131.985908,1
11660,88.312507,105.000000,0.294922,0.000000,0.000000,1
11670,88.312507,104.625000,0.305664,37.500000,-90.000000,1
11680,88.312507,104.625000,0.305664,0.000000,0.000000,1
11690,87.975007,103.875000,0.353516,82.243921,-114.227745,1
11700,87.637507,103.125000,0.385742,82.243921,-114.227745,1
11710,87.637507,103.125000,0.385742,0.000000,0.000000,1
11720,87.187503,102.000000,0.428711,121.166336,-111.801560,1
11730,87.187503,102.000000,0.428711,0.000000,0.000000,1
11740,86.625007,100.249998,0.451172,183.818091,-107.818769,1
11750,85.950002,97.624998,0.458984,271.039793,-104.420879,1
11760,85.950002,97.624998,0.458984,0.000000,0.000000,1
11770,85.612502,96.124998,0.465820,153.750000,-102.680383,1
11780,85.612502,96.124998,0.465820,0.000000,0.000000,1
11790,85.500003,94.624998,0.478516,150.421271,-94.289088,1
11800,85.500003,93.000000,0.484375,162.499809,-90.000000,1
11810,85.500003,93.000000,0.484375,0.000000,0.000000,1
11820,85.500003,91.374999,0.498047,162.500095,-90.000000,1
11830,85.500003,91.374999,0.498047,0.000000,0.000000,1
11840,85.612502,89.374998,0.510742,200.316242,-86.780556,1
11850,85.725000,88.500000,0.510742,88.220039,-82.673688,1
11860,85.725000,88.500000,0.510742,0.000000,0.000000,1
11870,85.837503,87.874998,0.510742,63.504678,-79.795752,1
11880,85.837503,87.874998,0.510742,0.000000,0.000000,1
11890,85.837503,87.124998,0.519531,75.000000,-90.000000,1
11900,85.950002,85.999998,0.537109,113.061084,-84.289493,1
11910,85.950002,85.999998,0.537109,0.000000,0.000000,1
11920,85.950002,85.500000,0.544922,49.999809,-90.000000,1
11930,85.950002,85.500000,0.544922,0.000000,0.000000,1
11940,85.950002,84.999996,0.559570,50.000381,-90.000000,1
11950,85.950002,84.624996,0.570313,37.500000,-90.000000,1
11960,85.950002,84.624996,0.570313,0.000000,0.000000,1
11970,85.950002,84.499998,0.582031,12.499809,-90.000000,1
11980,85.950002,84.499998,0.582031,0.000000,0.000000,1
11990,85.950002,84.499998,0.582031,0.000000,0.000000,1
12000,86.175003,84.999996,0.658203,54.829177,65.772009,1
12010,86.175003,84.999996,0.658203,0.000000,0.000000,1
12020,86.737500,86.374998,0.660156,148.560851,67.751127,1
12030,86.737500,86.374998,0.660156,0.000000,0.000000,1
12040,87.525003,88.125000,0.554688,191.902797,65.772185,1
12050,87.975007,89.124999,0.000000,109.658615,65.772071,0
12060,87.975007,89.124999,0.000000,0.000000,0.000000,0
12070,88.087500,90.000000,0.000000,88.220257,82.674044,0
12080,88.087500,90.000000,0.000000,0.000000,0.000000,0
12090,88.200003,90.499998,0.000000,51.249889,77.319195,0
12100,88.200003,91.249998,0.000000,75.000000,90.000000,0
12110,88.200003,91.249998,0.000000,0.000000,0.000000,0
12120,88.312507,91.999998,0.000000,75.839107,81.468978,0
12130,88.312507,91.999998,0.000000,0.000000,0.000000,0
12140,88.425000,92.374998,0.000000,39.150952,73.301718,0
12150,88.762500,93.499998,0.000000,117.453448,73.300756,0
12160,88.762500,93.499998,0.000000,0.000000,0.000000,0
12170,88.875003,93.999999,0.000000,51.250168,77.319265,0
12180,88.875003,93.999999,0.000000,0.000000,0.000000,0
12190,89.212503,94.624998,0.000000,71.030279,61.630917,0
12200,89.212503,94.875000,0.000000,25.000191,90.000000,0
12210,89.212503,94.875000,0.000000,0.000000,0.000000,0
12220,89.437500,95.625000,0.000000,78.302200,73.300996,0
12230,89.437500,95.625000,0.000000,0.000000,0.000000,0
12240,89.550003,96.249999,0.000000,63.504396,79.795706,0
12250,89.662507,96.874998,0.000000,63.504396,79.795706,0
12260,89.662507,96.874998,0.000000,0.000000,0.000000,0
12270,89.775000,97.624998,0.000000,75.838955,81.469747,0
12280,89.775000,97.624998,0.000000,0.000000,0.000000,0
12290,90.000007,99.000000,0.000000,139.329047,80.706425,0
12300,90.112500,100.500000,0.000000,150.421232,85.711107,0
12310,90.112500,100.500000,0.000000,0.000000,0.000000,0
12320,90.225003,102.375000,0.000000,187.837217,86.566265,0
12330,90.225003,102.375000,0.000000,0.000000,0.000000,0
12340,90.337507,104.250000,0.000000,187.837217,86.566265,0
12350,90.337507,105.999999,0.000000,174.999905,90.000000,0
12360,90.337507,105.999999,0.000000,0.000000,0.000000,0
12370,90.337507,108.499998,0.000000,249.999905,90.000000,0
12380,90.337507,108.499998,0.000000,0.000000,0.000000,0
12390,90.225003,110.124999,0.000000,162.889076,93.960430,0
12400,90.225003,110.124999,0.000000,0.000000,0.000000,0
12410,90.000007,111.500000,0.000000,139.328740,99.293166,0
12420,89.887503,112.500000,0.000000,100.630909,96.418978,0
12430,89.887503,112.500000,0.000000,0.000000,0.000000,0
12440,89.662507,112.875000,0.000000,43.731963,120.963371,0
12450,89.662507,112.875000,0.000000,0.000000,0.000000,0
12460,89.662507,112.875000,0.000000,0.000000,0.000000,0
12470,89.662507,112.875000,0.000000,0.000000,0.000000,0
12480,89.662507,112.875000,0.000000,0.000000,0.000000,0
12490,89.662507,112.875000,0.000000,0.000000,0.000000,0
12500,89.662507,112.875000,0.000000,0.000000,0.000000,0
12510,89.662507,112.875000,0.000000,0.000000,0.000000,0
12520,89.662507,112.875000,0.000000,0.000000,0.000000,0
12530,89.662507,112.875000,0.000000,0.000000,0.000000,0
12540,89.662507,112.875000,0.000000,0.000000,0.000000,0
12550,89.662507,112.875000,0.000000,0.000000,0.000000,0
12560,89.662507,112.875000,0.000000,0.000000,0.000000,0
12570,89.662507,112.875000,0.000000,0.000000,0.000000,0
12580,89.662507,112.875000,0.000000,0.000000,0.000000,0
12590,89.662507,112.875000,0.000000,0.000000,0.000000,0
12600,89.662507,112.875000,0.000000,0.000000,0.000000,0
12610,89.662507,112.875000,0.000000,0.000000,0.000000,0
12620,89.662507,112.875000,0.000000,0.000000,0.000000,0
12630,89.662507,112.875000,0.000000,0.000000,0.000000,0
12640,89.662507,112.875000,0.000000,0.000000,0.000000,0
12650,89.662507,112.875000,0.000000,0.000000,0.000000,0
12660,89.662507,112.875000,0.000000,0.000000,0.000000,0
12670,89.662507,112.875000,0.000000,0.000000,0.000000,0
12680,89.662507,112.875000,0.000000,0.000000,0.000000,0
12690,89.662507,112.875000,0.000000,0.000000,0.000000,0
12700,89.662507,112.875000,0.000000,0.000000,0.000000,0
12710,89.662507,112.875000,0.000000,0.000000,0.000000,0
12720,89.662507,112.875000,0.000000,0.000000,0.000000,0
12730,89.662507,112.875000,0.000000,0.000000,0.000000,0
12740,89.662507,112.875000,0.000000,0.000000,0.000000,0
12750,89.662507,112.875000,0.000000,0.000000,0.000000,0
12760,89.662507,112.875000,0.000000,0.000000,0.000000,0
12770,89.662507,112.875000,0.000000,0.000000,0.000000,0
12780,89.662507,112.875000,0.000000,0.000000,0.000000,0
12790,89.662507,112.875000,0.000000,0.000000,0.000000,0
12800,89.662507,112.875000,0.000000,0.000000,0.000000,0
12810,89.662507,112.875000,0.000000,0.000000,0.000000,0
12820,89.662507,112.875000,0.000000,0.000000,0.000000,0
12830,89.662507,112.875000,0.000000,0.000000,0.000000,0
12840,89.662507,112.875000,0.000000,0.000000,0.000000,0
12850,89.662507,112.875000,0.000000,0.000000,0.000000,0
12860,89.662507,112.875000,0.000000,0.000000,0.000000,0
12870,89.662507,112.875000,0.000000,0.000000,0.000000,0
12880,89.662507,112.875000,0.000000,0.000000,0.000000,0
12890,89.662507,112.875000,0.000000,0.000000,0.000000,0
12900,89.662507,112.875000,0.000000,0.000000,0.000000,0
12910,89.662507,112.875000,0.000000,0.000000,0.000000,0
12920,89.662507,112.875000,0.000000,0.000000,0.000000,0
12930,89.662507,112.875000,0.000000,0.000000,0.000000,0
12940,89.662507,112.875000,0.000000,0.000000,0.000000,0
12950,89.662507,112.875000,0.000000,0.000000,0.000000,0
12960,89.662507,112.875000,0.000000,0.000000,0.000000,0
12970,89.662507,112.875000,0.000000,0.000000,0.000000,0
12980,89.662507,112.875000,0.000000,0.000000,0.000000,0
12990,89.662507,112.875000,0.000000,0.000000,0.000000,0
13000,89.662507,112.875000,0.000000,0.000000,0.000000,0
13010,89.662507,112.875000,0.000000,0.000000,0.000000,0
13020,89.662507,112.875000,0.000000,0.000000,0.000000,0
13030,89.662507,112.875000,0.000000,0.000000,0.000000,0
13040,89.662507,112.875000,0.000000,0.000000,0.000000,0
13050,89.662507,112.875000,0.000000,0.000000,0.000000,0
13060,89.662507,112.875000,0.000000,0.000000,0.000000,0
13070,89.662507,112.875000,0.000000,0.000000,0.000000,0
13080,89.662507,112.875000,0.000000,0.000000,0.000000,0
13090,89.662507,112.875000,0.000000,0.000000,0.000000,0
13100,89.662507,112.875000,0.000000,0.000000,0.000000,0
13110,89.662507,112.875000,0.000000,0.000000,0.000000,0
13120,89.662507,112.875000,0.000000,0.000000,0.000000,0
13130,89.662507,112.875000,0.000000,0.000000,0.000000,0
13140,89.662507,112.875000,0.000000,0.000000,0.000000,0
13150,89.662507,112.875000,0.000000,0.000000,0.000000,0
13160,89.662507,112.875000,0.000000,0.000000,0.000000,0
13170,89.662507,112.875000,0.000000,0.000000,0.000000,0
13180,89.662507,112.875000,0.000000,0.000000,0.000000,0
13190,89.662507,112.875000,0.000000,0.000000,0.000000,0
13200,89.662507,112.875000,0.000000,0.000000,0.000000,0
13210,89.662507,112.875000,0.000000,0.000000,0.000000,0
13220,89.662507,112.875000,0.000000,0.000000,0.000000,0
13230,89.662507,112.875000,0.000000,0.000000,0.000000,0
13240,89.662507,112.875000,0.000000,0.000000,0.000000,0
13250,89.662507,112.875000,0.000000,0.000000,0.000000,0
13260,89.662507,112.875000,0.000000,0.000000,0.000000,0
13270,89.662507,112.875000,0.000000,0.000000,0.000000,0
13280,89.662507,112.875000,0.000000,0.000000,0.000000,0
13290,89.662507,112.875000,0.000000,0.000000,0.000000,0
13300,89.662507,112.875000,0.000000,0.000000,0.000000,0
13310,89.662507,112.875000,0.000000,0.000000,0.000000,0
13320,89.662507,112.875000,0.000000,0.000000,0.000000,0
13330,89.662507,112.875000,0.000000,0.000000,0.000000,0
13340,89.662507,112.875000,0.000000,0.000000,0.000000,0
13350,89.662507,112.875000,0.000000,0.000000,0.000000,0
13360,89.662507,112.875000,0.000000,0.000000,0.000000,0
13370,89.662507,112.875000,0.000000,0.000000,0.000000,0
13380,89.662507,112.875000,0.000000,0.000000,0.000000,0
13390,89.662507,112.875000,0.000000,0.000000,0.000000,0
13400,89.662507,112.875000,0.000000,0.000000,0.000000,0
13410,89.662507,112.875000,0.000000,0.000000,0.000000,0
13420,107.437503,122.750000,0.000000,2033.386630,29.054608,0
13430,107.437503,122.750000,0.000000,0.000000,0.000000,0
13440,107.212507,122.625000,0.000000,25.738752,-150.945118,0
13450,107.100003,122.375000,0.000000,27.414825,-114.228359,0
13460,107.100003,122.375000,0.000000,0.000000,0.000000,0
13470,106.650000,121.875000,0.000000,67.268314,-131.987457,0
13480,106.650000,121.875000,0.000000,0.000000,0.000000,0
13490,106.425003,121.500000,0.000000,43.731963,-120.963371,0
13500,105.075003,120.000000,0.000000,201.804361,-131.987212,0
13510,105.075003,120.000000,0.000000,0.000000,0.000000,0
13520,104.287500,119.250000,0.000000,108.750249,-136.397306,0
13530,104.287500,119.250000,0.000000,0.000000,0.000000,0
13540,103.612500,119.250000,0.000000,67.500000,180.000000,0
13550,102.937500,118.875000,0.000000,77.217226,-150.945396,0
13560,102.937500,118.875000,0.000000,0.000000,0.000000,0
13570,102.150007,118.625000,0.000000,82.622374,-162.387247,0
13580,102.150007,118.625000,0.000000,0.000000,0.000000,0
13590,101.362503,118.125000,0.000000,93.282430,-147.587831,0
13600,100.912500,117.875000,0.000000,51.478474,-150.945535,0
13610,100.912500,117.875000,0.000000,0.000000,0.000000,0
13620,100.912500,117.750000,0.000000,12.499952,-90.000000,0
13630,100.912500,117.750000,0.000000,0.000000,0.000000,0
13640,100.687503,117.375000,0.000000,43.731963,-120.963371,0
13650,100.350003,117.000000,0.000000,50.451090,-131.987212,0
13660,100.350003,117.000000,0.000000,0.000000,0.000000,0
13670,100.125007,116.625000,0.000000,43.731963,-120.963371,0
13680,100.125007,116.625000,0.000000,0.000000,0.000000,0
13690,99.900000,116.375000,0.000000,33.634555,-131.988028,0
13700,99.787507,116.124999,0.000000,27.414402,-114.226396,0
13710,99.787507,116.124999,0.000000,0.000000,0.000000,0
13720,99.675003,116.124999,0.000000,11.250343,180.000000,0
13730,99.675003,116.124999,0.000000,0.000000,0.000000,0
13740,99.675003,116.000000,0.000000,12.499952,-90.000000,0
13750,99.675003,116.000000,0.000000,0.000000,0.000000,0
13760,99.450007,116.000000,0.000000,22.499657,180.000000,0
13770,99.450007,116.000000,0.000000,0.000000,0.000000,0
13780,99.450007,116.000000,0.000000,0.000000,0.000000,0
13790,99.450007,116.000000,0.000000,0.000000,0.000000,0
13800,99.337503,116.124999,0.000000,16.817224,131.988191,0
13810,99.337503,116.124999,0.000000,0.000000,0.000000,0
13820,99.337503,116.375000,0.000000,25.000048,90.000000,0
13830,99.337503,116.375000,0.000000,0.000000,0.000000,0
13840,99.450007,116.499999,0.000000,16.817224,48.011809,0
13850,99.450007,116.750000,0.000000,25.000048,90.000000,0
13860,99.450007,116.750000,0.000000,0.000000,0.000000,0
13870,99.562500,117.000000,0.000000,27.414402,65.773604,0
13880,99.562500,117.000000,0.000000,0.000000,0.000000,0
13890,99.562500,117.125000,0.000000,12.499952,90.000000,0
13900,99.562500,117.249999,0.000000,12.499952,90.000000,0
13910,99.562500,117.249999,0.000000,0.000000,0.000000,0
13920,99.562500,117.375000,0.152344,12.500095,90.000000,1
13930,99.562500,117.375000,0.152344,0.000000,0.000000,1
13940,99.562500,117.375000,0.152344,0.000000,0.000000,1
13950,99.562500,117.375000,0.152344,0.000000,0.000000,1
13960,99.562500,117.375000,0.152344,0.000000,0.000000,1
13970,99.562500,117.375000,0.152344,0.000000,0.000000,1
13980,99.562500,117.375000,0.152344,0.000000,0.000000,1
13990,99.562500,117.500000,0.329102,12.499952,90.000000,1
14000,99.562500,117.375000,0.354492,12.499952,-90.000000,1
14010,99.562500,117.375000,0.354492,0.000000,0.000000,1
14020,99.562500,117.249999,0.379883,12.500095,-90.000000,1
14030,99.562500,117.249999,0.379883,0.000000,0.000000,1
14040,99.450007,117.000000,0.409180,27.414272,-114.226518,1
14050,99.225000,116.000000,0.450195,102.500197,-102.680752,1
14060,99.225000,116.000000,0.450195,0.000000,0.000000,1
14070,99.000003,114.875000,0.471680,114.727872,-101.309764,1
14080,99.000003,114.875000,0.471680,0.000000,0.000000,1
14090,98.662503,113.375000,0.492188,153.750000,-102.680383,1
14100,98.662503,111.000000,0.521484,237.499952,-90.000000,1
14110,98.662503,111.000000,0.521484,0.000000,0.000000,1
14120,98.550000,108.999999,0.532227,200.316271,-93.219591,1
14130,98.550000,108.999999,0.532227,0.000000,0.000000,1
14140,98.325003,106.624998,0.541016,238.563471,-95.411785,1
14150,98.212500,104.250000,0.541016,237.766124,-92.712068,1
14160,98.212500,104.250000,0.541016,0.000000,0.000000,1
14170,98.100007,102.375000,0.534180,187.837156,-93.433421,1
14180,98.100007,102.375000,0.534180,0.000000,0.000000,1
14190,97.987503,100.875000,0.000000,150.421309,-94.289284,0
14200,97.987503,100.875000,0.000000,0.000000,0.000000,0
14210,97.987503,100.875000,0.000000,0.000000,0.000000,0
14220,97.875000,100.999998,0.000000,16.817118,131.988517,0
14230,97.875000,100.999998,0.000000,0.000000,0.000000,0
14240,97.875000,102.000000,0.000000,100.000191,90.000000,0
14250,98.100007,103.875000,0.000000,188.845256,83.157020,0
14260,98.100007,103.875000,0.000000,0.000000,0.000000,0
14270,99.562500,106.249998,0.000000,278.917588,58.375775,0
14280,99.562500,106.249998,0.000000,0.000000,0.000000,0
14290,100.800007,107.625000,0.000000,184.987932,48.012669,0
14300,101.925000,108.999999,0.000000,177.657871,50.710745,0
14310,101.925000,108.999999,0.000000,0.000000,0.000000,0
14320,103.275000,110.499999,0.000000,201.804361,48.012788,0
14330,103.275000,110.499999,0.000000,0.000000,0.000000,0
14340,105.412503,112.500000,0.000000,292.727258,43.096579,0
14350,106.762503,113.625000,0.000000,175.730618,39.805571,0
14360,106.762503,113.625000,0.000000,0.000000,0.000000,0
14370,107.775003,114.000000,0.000000,107.971350,20.323137,0
14380,107.775003,114.000000,0.000000,0.000000,0.000000,0
14390,107.662500,113.750000,0.000000,27.414825,-114.228359,0
14400,107.437503,113.625000,0.000000,25.738752,-150.945118,0
14410,107.437503,113.625000,0.000000,0.000000,0.000000,0
14420,107.775003,114.125000,0.000000,60.324603,55.980625,0
14430,107.775003,114.125000,0.000000,0.000000,0.000000,0
14440,108.450003,114.500000,0.000000,77.217226,29.054604,0
14450,108.562507,114.500000,0.000000,11.250343,0.000000,0
14460,108.562507,114.500000,0.000000,0.000000,0.000000,0
14470,108.562507,114.500000,0.000000,0.000000,0.000000,0
14480,108.450003,114.500000,0.000000,11.250343,180.000000,0
14490,108.337500,114.375000,0.000000,16.817224,-131.988191,0
14500,108.112503,114.249999,0.000000,25.738822,-150.944839,0
14510,108.112503,114.249999,0.000000,0.000000,0.000000,0
14520,107.887507,114.125000,0.000000,25.738752,-150.945118,0
14530,107.887507,114.125000,0.000000,0.000000,0.000000,0
14540,107.775003,114.125000,0.000000,11.250343,180.000000,0
14550,107.550007,114.000000,0.000000,25.738752,-150.945118,0
14560,107.550007,114.000000,0.000000,0.000000,0.000000,0
14570,106.875007,113.750000,0.000000,71.980917,-159.676828,0
14580,106.875007,113.750000,0.000000,0.000000,0.000000,0
14590,106.087503,113.375000,0.000000,87.223085,-154.536752,0
14600,105.525007,113.124999,0.000000,61.555067,-156.037341,0
14610,105.525007,113.124999,0.000000,0.000000,0.000000,0
14620,104.962500,113.000000,0.000000,57.622813,-167.471387,0
14630,104.962500,113.000000,0.000000,0.000000,0.000000,0
14640,104.625000,112.875000,0.000000,35.990434,-159.676934,0
14650,104.400003,112.875000,0.000000,22.499657,180.000000,0
14660,104.400003,112.875000,0.000000,0.000000,0.000000,0
14670,104.062503,112.749999,0.000000,35.990483,-159.676721,0
14680,104.062503,112.749999,0.000000,0.000000,0.000000,0
14690,103.837507,112.749999,0.000000,22.499657,180.000000,0
14700,103.837507,112.749999,0.000000,0.000000,0.000000,0
14710,103.837507,112.749999,0.000000,0.000000,0.000000,0
14720,103.837507,112.749999,0.000000,0.000000,0.000000,0
14730,103.837507,112.749999,0.000000,0.000000,0.000000,0
14740,103.725003,113.000000,0.000000,27.414825,114.228359,0
14750,103.725003,113.000000,0.000000,0.000000,0.000000,0
14760,103.725003,113.000000,0.000000,0.000000,0.000000,0
14770,103.725003,113.000000,0.000000,0.000000,0.000000,0
14780,103.725003,113.000000,0.000000,0.000000,0.000000,0
14790,103.500007,113.000000,0.000000,22.499657,180.000000,0
14800,103.387503,113.000000,0.000000,11.250343,180.000000,0
14810,103.387503,113.000000,0.000000,0.000000,0.000000,0
14820,103.162507,113.000000,0.000000,22.499657,180.000000,0
14830,103.162507,113.000000,0.000000,0.000000,0.000000,0
14840,103.050003,113.124999,0.000000,16.817224,131.988191,0
14850,103.050003,113.124999,0.000000,0.000000,0.000000,0
14860,103.050003,113.124999,0.000000,0.000000,0.000000,0
14870,102.825007,113.124999,0.000000,22.499657,180.000000,0
14880,102.712503,113.124999,0.000000,11.250343,180.000000,0
14890,102.712503,113.124999,0.000000,0.000000,0.000000,0
14900,102.487507,113.124999,0.000000,22.499657,180.000000,0
14910,102.487507,113.124999,0.000000,0.000000,0.000000,0
14920,102.375003,113.124999,0.000000,11.250343,180.000000,0
14930,102.375003,113.124999,0.000000,0.000000,0.000000,0
14940,102.375003,113.124999,0.000000,0.000000,0.000000,0
14950,102.375003,113.124999,0.000000,0.000000,0.000000,0
14960,102.150007,113.124999,0.000000,22.499657,180.000000,0
14970,102.150007,113.000000,0.000000,12.499952,-90.000000,0
14980,102.150007,113.000000,0.151367,0.000000,0.000000,1
14990,102.150007,113.000000,0.151367,0.000000,0.000000,1
15000,102.150007,113.000000,0.151367,0.000000,0.000000,1
15010,102.150007,113.000000,0.151367,0.000000,0.000000,1
15020,102.150007,113.000000,0.151367,0.000000,0.000000,1
15030,102.150007,113.000000,0.151367,0.000000,0.000000,1
15040,102.150007,113.000000,0.151367,0.000000,0.000000,1
15050,102.150007,113.000000,0.151367,0.000000,0.000000,1
15060,102.150007,113.000000,0.151367,0.000000,0.000000,1
15070,102.150007,113.000000,0.151367,0.000000,0.000000,1
15080,102.150007,113.000000,0.151367,0.000000,0.000000,1
15090,102.150007,113.000000,0.151367,0.000000,0.000000,1
15100,102.487507,113.124999,0.439453,35.990434,20.323066,1
15110,102.487507,113.124999,0.439453,0.000000,0.000000,1
15120,102.825007,113.124999,0.472656,33.750000,0.000000,1
15130,102.825007,113.124999,0.472656,0.000000,0.000000,1
15140,103.387503,113.250000,0.506836,57.621838,12.528974,1
15150,104.175007,113.250000,0.531250,78.750343,0.000000,1
15160,104.175007,113.250000,0.531250,0.000000,0.000000,1
15170,105.300000,113.375000,0.545898,113.191627,6.340206,1
15180,105.300000,113.375000,0.545898,0.000000,0.000000,1
15190,107.662500,113.499999,0.562500,236.580454,3.028687,1
15200,109.125003,113.499999,0.575195,146.250343,0.000000,1
15210,109.125003,113.499999,0.575195,0.000000,0.000000,1
15220,110.812503,113.499999,0.576172,168.750000,0.000000,1
15230,110.812503,113.499999,0.576172,0.000000,0.000000,1
15240,112.387500,113.375000,0.580078,157.994907,-4.537765,1
15250,114.412500,113.124999,0.589844,204.037380,-7.037954,1
15260,114.412500,113.124999,0.589844,0.000000,0.000000,1
15270,115.537503,113.000000,0.607422,113.192650,-6.340149,1
15280,116.437500,112.875000,0.615234,90.863563,-7.907163,1
15290,116.437500,112.875000,0.615234,0.000000,0.000000,1
15300,116.887503,112.625000,0.614258,51.478474,-29.054465,1
15310,116.887503,112.625000,0.614258,0.000000,0.000000,1
15320,117.337507,112.500000,0.614258,46.704172,-15.523942,1
15330,117.337507,112.500000,0.614258,0.000000,0.000000,1
15340,117.900003,112.250000,0.614258,61.555067,-23.962659,1
15350,118.237503,111.999999,0.614258,42.000772,-36.528908,1
15360,118.237503,111.999999,0.614258,0.000000,0.000000,1
15370,118.350007,111.875000,0.621094,16.817224,-48.011809,1
15380,118.462500,111.750000,0.621094,16.816535,-48.014418,1
15390,118.462500,111.750000,0.621094,0.000000,0.000000,1
15400,118.462500,111.624999,0.625000,12.500095,-90.000000,1
15410,118.462500,111.624999,0.625000,0.000000,0.000000,1
15420,118.462500,111.500000,0.630859,12.499952,-90.000000,1
15430,118.462500,111.500000,0.630859,0.000000,0.000000,1
15440,118.462500,111.500000,0.630859,0.000000,0.000000,1
15450,118.462500,111.375000,0.632813,12.499952,-90.000000,1
15460,118.462500,111.375000,0.632813,0.000000,0.000000,1
15470,118.462500,111.125000,0.630859,25.000048,-90.000000,1
15480,118.462500,111.125000,0.630859,0.000000,0.000000,1
15490,118.237503,110.749998,0.631836,43.732085,-120.963274,1
15500,117.900003,110.250000,0.643555,60.324484,-124.019451,1
15510,117.900003,110.250000,0.643555,0.000000,0.000000,1
15520,117.337507,109.500000,0.648438,93.749794,-126.869730,1
15530,117.337507,109.500000,0.648438,0.000000,0.000000,1
15540,116.325007,108.249999,0.680664,160.862010,-129.007451,1
15550,114.187503,105.750000,0.687500,328.921209,-130.530499,1
15560,114.187503,105.750000,0.687500,0.000000,0.000000,1
15570,112.950007,104.499999,0.717773,175.894859,-134.711983,1
15580,112.950007,104.499999,0.717773,0.000000,0.000000,1
15590,111.825003,103.249998,0.738281,168.170601,-131.987278,1
15600,110.587507,102.124998,0.741211,167.243019,-137.726232,1
15610,110.587507,102.124998,0.741211,0.000000,0.000000,1
15620,109.687500,101.374998,0.745117,117.154273,-140.194644,1
15630,109.687500,101.374998,0.745117,0.000000,0.000000,1
15640,108.900007,100.749999,0.758789,100.537020,-141.562498,1
15650,108.450003,100.249998,0.765625,67.268421,-131.987376,1
15660,108.450003,100.249998,0.765625,0.000000,0.000000,1
15670,108.000000,99.999999,0.770508,51.478405,-150.945674,1
15680,108.000000,99.999999,0.770508,0.000000,0.000000,1
15690,107.887507,99.874998,0.808594,16.816642,-131.985256,1
15700,107.887507,99.874998,0.808594,0.000000,0.000000,1
15710,107.887507,99.874998,0.808594,0.000000,0.000000,1
15720,107.887507,99.874998,0.808594,0.000000,0.000000,1
15730,107.887507,99.874998,0.808594,0.000000,0.000000,1
15740,107.887507,99.874998,0.808594,0.000000,0.000000,1
15750,107.775003,99.874998,0.623047,11.250343,180.000000,1
15760,107.662500,100.125000,0.000000,27.414955,114.228236,0
15770,107.662500,100.125000,0.000000,0.000000,0.000000,0
15780,107.662500,100.125000,0.000000,0.000000,0.000000,0
15790,107.437503,100.624998,0.000000,54.828966,114.227500,0
15800,107.437503,101.124999,0.000000,50.000095,90.000000,0
15810,107.437503,101.124999,0.000000,0.000000,0.000000,0
15820,107.437503,101.874999,0.000000,75.000000,90.000000,0
15830,107.437503,101.874999,0.000000,0.000000,0.000000,0
15840,107.550007,102.624999,0.000000,75.839107,81.468978,0
15850,107.662500,103.500000,0.000000,88.220257,82.674044,0
15860,107.662500,103.500000,0.000000,0.000000,0.000000,0
15870,108.225007,104.625000,0.000000,125.779131,63.434669,0
15880,108.225007,104.625000,0.000000,0.000000,0.000000,0
15890,108.562507,105.249999,0.000000,71.030279,61.630917,0
15900,108.675000,105.249999,0.000000,11.249313,0.000000,0
15910,108.675000,105.249999,0.000000,0.000000,0.000000,0
15920,108.900007,105.499998,0.000000,33.634449,48.011809,0
15930,108.900007,105.499998,0.000000,0.000000,0.000000,0
15940,109.012500,105.999999,0.000000,51.249942,77.320389,0
15950,109.012500,106.374999,0.000000,37.500000,90.000000,0
15960,109.012500,106.374999,0.000000,0.000000,0.000000,0
15970,109.012500,106.749999,0.000000,37.500000,90.000000,0
15980,109.012500,106.749999,0.000000,0.000000,0.000000,0
15990,108.900007,106.999998,0.000000,27.414272,114.226518,0
16000,108.787503,107.124999,0.000000,16.817331,131.987865,0
16010,108.787503,107.124999,0.000000,0.000000,0.000000,0
16020,108.675000,107.374998,0.000000,27.414694,114.228481,0
16030,108.675000,107.374998,0.000000,0.000000,0.000000,0
16040,108.562507,107.499999,0.000000,16.816642,131.985256,0
16050,108.562507,107.874999,0.000000,37.500000,90.000000,0
16060,108.562507,107.874999,0.000000,0.000000,0.000000,0
16070,108.562507,107.874999,0.000000,0.000000,0.000000,0
16080,108.562507,108.124998,0.000000,24.999905,90.000000,0
16090,108.450003,108.124998,0.000000,11.250343,180.000000,0
16100,108.450003,108.124998,0.000000,0.000000,0.000000,0
16110,108.450003,108.249999,0.000000,12.500095,90.000000,0
16120,108.450003,108.249999,0.000000,0.000000,0.000000,0
16130,108.450003,108.249999,0.000000,0.000000,0.000000,0
16140,108.450003,108.249999,0.000000,0.000000,0.000000,0
16150,108.450003,108.249999,0.000000,0.000000,0.000000,0
16160,108.450003,108.499998,0.000000,24.999905,90.000000,0
16170,108.450003,108.499998,0.000000,0.000000,0.000000,0
16180,108.450003,108.499998,0.000000,0.000000,0.000000,0
16190,108.450003,108.499998,0.000000,0.000000,0.000000,0
16200,108.450003,108.499998,0.000000,0.000000,0.000000,0
16210,108.562507,108.499998,0.000000,11.250343,0.000000,0
16220,108.562507,108.375000,0.052734,12.499809,-90.000000,1
16230,108.562507,108.375000,0.052734,0.000000,0.000000,1
16240,108.562507,108.375000,0.052734,0.000000,0.000000,1
16250,108.562507,108.375000,0.052734,0.000000,0.000000,1
16260,108.562507,108.375000,0.052734,0.000000,0.000000,1
16270,108.562507,108.375000,0.052734,0.000000,0.000000,1
16280,108.562507,108.375000,0.052734,0.000000,0.000000,1
16290,108.562507,107.874999,0.235352,50.000095,-90.000000,1
16300,108.562507,107.749998,0.287109,12.500095,-90.000000,1
16310,108.562507,107.749998,0.287109,0.000000,0.000000,1
16320,108.450003,107.250000,0.347656,51.249889,-102.680805,1
16330,108.450003,107.250000,0.347656,0.000000,0.000000,1
16340,108.450003,106.749999,0.403320,50.000095,-90.000000,1
16350,108.225007,106.249998,0.416992,54.829227,-114.227377,1
16360,108.225007,106.249998,0.416992,0.000000,0.000000,1
16370,108.112503,105.750000,0.456055,51.249889,-102.680805,1
16380,108.112503,105.750000,0.456055,0.000000,0.000000,1
16390,107.887507,105.000000,0.469727,78.302200,-106.699004,1
16400,107.212507,103.500000,0.483398,164.487841,-114.227745,1
16410,107.212507,103.500000,0.483398,0.000000,0.000000,1
16420,106.650000,102.000000,0.497070,160.200311,-110.556275,1
16430,106.650000,102.000000,0.497070,0.000000,0.000000,1
16440,106.087503,100.374999,0.503906,171.960184,-109.093374,1
16450,105.525007,99.000000,0.507813,148.560586,-112.248915,1
16460,105.525007,99.000000,0.507813,0.000000,0.000000,1
16470,104.400003,96.499998,0.511719,274.146717,-114.227794,1
16480,103.500007,94.749999,0.514648,196.786445,-117.216035,1
16490,103.500007,94.749999,0.514648,0.000000,0.000000,1
16500,102.600000,93.124998,0.519531,185.758996,-118.979879,1
16510,102.600000,93.124998,0.519531,0.000000,0.000000,1
16520,101.812507,91.500000,0.529297,180.575863,-115.855373,1
16530,101.812507,91.500000,0.529297,0.000000,0.000000,1
16540,101.137507,90.124998,0.532227,153.174908,-116.146810,1
16550,100.012503,88.249998,0.561523,218.660873,-120.963834,1
16560,100.012503,88.249998,0.561523,0.000000,0.000000,1
16570,99.562500,87.375000,0.564453,98.393331,-117.216340,1
16580,99.562500,87.375000,0.564453,0.000000,0.000000,1
16590,99.112507,86.874996,0.563477,67.267944,-131.986560,1
16600,98.662503,86.250000,0.560547,77.014500,-125.754260,1
16610,98.662503,86.250000,0.560547,0.000000,0.000000,1
16620,97.762507,85.374996,0.567383,125.523922,-135.806695,1
16630,97.312503,84.999996,0.569336,58.577136,-140.194644,1
16640,97.312503,84.999996,0.569336,0.000000,0.000000,1
16650,96.862500,84.750000,0.562500,51.478266,-150.945953,1
16660,96.862500,84.750000,0.562500,0.000000,0.000000,1
16670,96.637503,84.624996,0.561523,25.738960,-150.944282,1
16680,96.525000,84.624996,0.562500,11.250343,180.000000,1
16690,96.525000,84.624996,0.562500,0.000000,0.000000,1
16700,96.525000,84.624996,0.562500,0.000000,0.000000,1
16710,96.525000,84.624996,0.562500,0.000000,0.000000,1
16720,96.525000,84.624996,0.562500,0.000000,0.000000,1
16730,96.525000,84.624996,0.562500,0.000000,0.000000,1
16740,96.525000,84.624996,0.562500,0.000000,0.000000,1
16750,96.525000,84.624996,0.562500,0.000000,0.000000,1
16760,96.525000,84.624996,0.562500,0.000000,0.000000,1
16770,96.525000,84.624996,0.000000,0.000000,0.000000,0
16780,96.525000,84.874998,0.000000,25.000191,90.000000,0
16790,96.525000,84.874998,0.000000,0.000000,0.000000,0
16800,96.750007,85.749996,0.000000,90.346541,75.578775,0
16810,96.750007,85.749996,0.000000,0.000000,0.000000,0
16820,97.425007,87.874998,0.000000,222.963183,72.377718,0
16830,98.325003,90.499998,0.000000,277.499889,71.075423,0
16840,98.325003,90.499998,0.000000,0.000000,0.000000,0
16850,99.675003,94.249998,0.000000,398.559908,70.201124,0
16860,99.675003,94.249998,0.000000,0.000000,0.000000,0
16870,100.125007,95.499999,0.000000,132.853509,70.200998,0
16880,100.125007,95.499999,0.000000,0.000000,0.000000,0
16890,100.125007,95.499999,0.000000,0.000000,0.000000,0
16900,100.125007,95.499999,0.000000,0.000000,0.000000,0
16910,100.125007,95.499999,0.000000,0.000000,0.000000,0
16920,100.125007,95.499999,0.000000,0.000000,0.000000,0
16930,100.125007,95.499999,0.000000,0.000000,0.000000,0
16940,100.125007,95.499999,0.000000,0.000000,0.000000,0
16950,100.125007,95.499999,0.000000,0.000000,0.000000,0
16960,100.125007,95.499999,0.000000,0.000000,0.000000,0
16970,100.125007,95.499999,0.000000,0.000000,0.000000,0
16980,100.125007,95.499999,0.000000,0.000000,0.000000,0
16990,100.125007,95.499999,0.000000,0.000000,0.000000,0
17000,100.125007,95.499999,0.000000,0.000000,0.000000,0
17010,100.125007,95.499999,0.000000,0.000000,0.000000,0
17020,100.125007,95.499999,0.000000,0.000000,0.000000,0
17030,100.125007,95.499999,0.000000,0.000000,0.000000,0
17040,100.125007,95.499999,0.000000,0.000000,0.000000,0
17050,100.125007,95.499999,0.000000,0.000000,0.000000,0
17060,100.125007,95.499999,0.000000,0.000000,0.000000,0
17070,100.125007,95.499999,0.000000,0.000000,0.000000,0
17080,100.125007,95.499999,0.000000,0.000000,0.000000,0
17090,100.125007,95.499999,0.000000,0.000000,0.000000,0
17100,109.912507,100.875000,0.000000,1116.627921,28.774268,0
17110,109.912507,100.875000,0.000000,0.000000,0.000000,0
17120,110.025000,98.374998,0.000000,250.253157,-87.423587,0
17130,110.025000,98.374998,0.000000,0.000000,0.000000,0
17140,110.025000,96.999999,0.000000,137.499905,-90.000000,0
17150,110.025000,95.499999,0.000000,150.000000,-90.000000,0
17160,110.025000,95.499999,0.000000,0.000000,0.000000,0
17170,109.800003,93.375000,0.000000,213.687725,-96.044003,0
17180,109.800003,93.375000,0.000000,0.000000,0.000000,0
17190,109.575007,92.499999,0.000000,90.346562,-104.420547,0
17200,109.237507,92.499999,0.000000,33.750000,180.000000,0
17210,109.237507,92.499999,0.000000,0.000000,0.000000,0
17220,108.562507,91.999998,0.000000,84.001545,-143.471092,0
17230,108.562507,91.999998,0.000000,0.000000,0.000000,0
17240,107.887507,91.624998,0.000000,77.217226,-150.945396,0
17250,107.100003,91.125000,0.000000,93.282354,-147.587905,0
17260,107.100003,91.125000,0.000000,0.000000,0.000000,0
17270,106.425003,90.999999,0.000000,68.647668,-169.508445,0
17280,106.425003,90.999999,0.000000,0.000000,0.000000,0
17290,105.862507,90.874998,0.000000,57.621838,-167.471026,0
17300,105.300000,90.750000,0.000000,57.622782,-167.471526,0
17310,105.300000,90.750000,0.000000,0.000000,0.000000,0
17320,104.850007,90.874998,0.000000,46.703142,164.475889,0
17330,104.850007,90.874998,0.000000,0.000000,0.000000,0
17340,104.737503,90.999999,0.000000,16.817331,131.987865,0
17350,104.400003,91.374999,0.000000,50.451090,131.987212,0
17360,104.400003,91.374999,0.000000,0.000000,0.000000,0
17370,104.287500,91.624998,0.000000,27.414694,114.228481,0
17380,104.287500,91.624998,0.000000,0.000000,0.000000,0
17390,104.175007,91.999998,0.000000,39.150952,106.698282,0
17400,104.062503,92.250000,0.000000,27.414955,114.228236,0
17410,104.062503,92.250000,0.000000,0.000000,0.000000,0
17420,104.062503,92.374998,0.000000,12.499809,90.000000,0
17430,104.062503,92.374998,0.000000,0.000000,0.000000,0
17440,103.837507,92.374998,0.000000,22.499657,180.000000,0
17450,103.837507,92.374998,0.000000,0.000000,0.000000,0
17460,103.725003,92.374998,0.000000,11.250343,180.000000,0
17470,103.725003,92.374998,0.000000,0.000000,0.000000,0
17480,103.725003,92.499999,0.000000,12.500095,90.000000,0
17490,103.725003,92.499999,0.000000,0.000000,0.000000,0
17500,103.500007,92.625000,0.000000,25.738822,150.944839,0
17510,103.387503,92.749998,0.000000,16.817118,131.988517,0
17520,103.387503,92.749998,0.000000,0.000000,0.000000,0
17530,103.275000,92.874999,0.000000,16.817331,131.987865,0
17540,103.162507,92.874999,0.000000,11.249313,180.000000,0
17550,103.050003,93.000000,0.000000,16.817331,131.987865,0
17560,103.050003,93.000000,0.000000,0.000000,0.000000,0
17570,102.937500,93.124998,0.000000,16.817118,131.988517,0
17580,102.937500,93.124998,0.000000,0.000000,0.000000,0
17590,102.937500,93.124998,0.000000,0.000000,0.000000,0
17600,102.937500,93.124998,0.000000,0.000000,0.000000,0
17610,102.937500,93.124998,0.189453,0.000000,0.000000,1
17620,102.937500,93.124998,0.189453,0.000000,0.000000,1
17630,102.937500,93.124998,0.189453,0.000000,0.000000,1
17640,102.937500,93.124998,0.189453,0.000000,0.000000,1
17650,102.937500,93.124998,0.189453,0.000000,0.000000,1
17660,102.937500,93.124998,0.189453,0.000000,0.000000,1
17670,102.937500,93.124998,0.189453,0.000000,0.000000,1
17680,102.937500,93.124998,0.189453,0.000000,0.000000,1
17690,103.162507,93.124998,0.392578,22.500687,0.000000,1
17700,103.500007,93.249999,0.406250,35.990483,20.323279,1
17710,103.500007,93.249999,0.406250,0.000000,0.000000,1
17720,103.950000,93.249999,0.419922,44.999313,0.000000,1
17730,103.950000,93.249999,0.419922,0.000000,0.000000,1
17740,104.400003,93.249999,0.441406,45.000343,0.000000,1
17750,104.962500,93.249999,0.464844,56.249657,0.000000,1
17760,104.962500,93.249999,0.464844,0.000000,0.000000,1
17770,105.862507,93.000000,0.492188,93.408345,-15.523942,1
17780,105.862507,93.000000,0.492188,0.000000,0.000000,1
17790,106.537507,92.749998,0.529297,71.980966,-20.323279,1
17800,107.325000,92.374998,0.564453,87.222155,-25.463539,1
17810,107.325000,92.374998,0.564453,0.000000,0.000000,1
17820,108.112503,91.999998,0.579102,87.223085,-25.463248,1
17830,108.112503,91.999998,0.579102,0.000000,0.000000,1
17840,108.900007,91.500000,0.591797,93.282354,-32.412095,1
17850,110.250007,90.624999,0.609375,160.876557,-32.949244,1
17860,110.250007,90.624999,0.609375,0.000000,0.000000,1
17870,111.037500,90.000000,0.620117,100.537020,-38.437502,1
17880,111.037500,90.000000,0.620117,0.000000,0.000000,1
17890,111.825003,89.374998,0.623047,100.538005,-38.437265,1
17900,112.500003,88.624998,0.632813,100.902180,-48.012788,1
17910,112.500003,88.624998,0.632813,0.000000,0.000000,1
17920,113.512503,87.624999,0.649414,142.307918,-44.644103,1
17930,113.512503,87.624999,0.649414,0.000000,0.000000,1
17940,114.300007,86.874996,0.670898,108.750446,-43.602803,1
17950,114.975007,86.250000,0.682617,91.991588,-42.797228,1
17960,114.975007,86.250000,0.682617,0.000000,0.000000,1
17970,115.650007,85.624998,0.687500,91.991977,-42.797489,1
17980,116.437500,84.750000,0.695313,117.718609,-48.012974,1
17990,116.437500,84.750000,0.695313,0.000000,0.000000,1
18000,116.775000,84.249996,0.705078,60.324959,-55.980853,1
18010,116.775000,84.249996,0.705078,0.000000,0.000000,1
18020,117.112500,83.749998,0.710938,60.324484,-55.980549,1
18030,117.112500,83.749998,0.710938,0.000000,0.000000,1
18040,117.337507,83.499996,0.710938,33.634661,-48.012135,1
18050,117.450000,83.374998,0.711914,16.816429,-48.014092,1
18060,117.450000,83.374998,0.711914,0.000000,0.000000,1
18070,117.562503,83.250000,0.711914,16.817118,-48.011483,1
18080,117.562503,83.250000,0.711914,0.000000,0.000000,1
18090,117.562503,83.250000,0.711914,0.000000,0.000000,1
18100,117.675007,83.250000,0.711914,11.250343,0.000000,1
18110,117.675007,83.250000,0.711914,0.000000,0.000000,1
18120,117.675007,83.124996,0.711914,12.500381,-90.000000,1
18130,117.675007,83.124996,0.711914,0.000000,0.000000,1
18140,117.675007,83.124996,0.711914,0.000000,0.000000,1
18150,117.675007,83.124996,0.711914,0.000000,0.000000,1
18160,117.675007,83.124996,0.711914,0.000000,0.000000,1
18170,117.675007,83.124996,0.711914,0.000000,0.000000,1
18180,117.675007,83.124996,0.711914,0.000000,0.000000,1
18190,117.675007,83.124996,0.711914,0.000000,0.000000,1
18200,117.675007,83.124996,0.711914,0.000000,0.000000,1
18210,117.675007,83.124996,0.711914,0.000000,0.000000,1
18220,117.675007,83.124996,0.711914,0.000000,0.000000,1
18230,117.787500,83.250000,0.713867,16.816854,48.015396,1
18240,117.787500,83.250000,0.713867,0.000000,0.000000,1
18250,118.012507,83.749998,0.771484,54.829388,65.771519,1
18260,118.012507,83.749998,0.771484,0.000000,0.000000,1
18270,118.462500,84.624996,0.762695,98.392860,62.784193,1
18280,118.462500,84.624996,0.762695,0.000000,0.000000,1
18290,118.912503,86.374998,0.000000,180.693380,75.579137,0
18300,119.025007,87.249999,0.000000,88.220388,82.673380,0
18310,119.025007,87.249999,0.000000,0.000000,0.000000,0
18320,119.250003,88.374999,0.000000,114.727872,78.690236,0
18330,119.587503,89.625000,0.000000,129.476200,74.890436,0
18340,119.587503,89.625000,0.000000,0.000000,0.000000,0
18350,119.700007,89.874999,0.000000,27.414694,65.771519,0
18360,119.700007,89.749998,0.000000,12.500095,-90.000000,0
18370,119.700007,89.749998,0.000000,0.000000,0.000000,0
18380,119.700007,89.749998,0.000000,0.000000,0.000000,0
18390,119.700007,89.749998,0.000000,0.000000,0.000000,0
18400,119.700007,89.749998,0.000000,0.000000,0.000000,0
18410,119.700007,89.749998,0.000000,0.000000,0.000000,0
18420,119.700007,89.749998,0.000000,0.000000,0.000000,0
18430,119.700007,89.749998,0.000000,0.000000,0.000000,0
18440,119.700007,89.749998,0.000000,0.000000,0.000000,0
18450,119.700007,89.749998,0.000000,0.000000,0.000000,0
18460,119.700007,89.749998,0.000000,0.000000,0.000000,0
18470,119.700007,89.749998,0.000000,0.000000,0.000000,0
18480,119.700007,89.749998,0.000000,0.000000,0.000000,0
18490,119.700007,89.749998,0.000000,0.000000,0.000000,0
18500,119.700007,89.749998,0.000000,0.000000,0.000000,0
18510,119.700007,89.749998,0.000000,0.000000,0.000000,0
18520,119.700007,89.749998,0.000000,0.000000,0.000000,0
18530,119.700007,89.749998,0.000000,0.000000,0.000000,0
18540,119.700007,89.749998,0.000000,0.000000,0.000000,0
18550,119.700007,89.749998,0.000000,0.000000,0.000000,0
18560,119.700007,89.749998,0.000000,0.000000,0.000000,0
18570,119.700007,89.749998,0.000000,0.000000,0.000000,0
18580,119.700007,89.749998,0.000000,0.000000,0.000000,0
18590,119.700007,89.749998,0.000000,0.000000,0.000000,0
18600,135.337500,119.250000,0.000000,3338.834084,62.072632,0
18610,135.337500,119.375000,0.000000,12.499952,90.000000,0
18620,135.337500,119.375000,0.000000,0.000000,0.000000,0
18630,135.787503,119.499999,0.000000,46.704172,15.523942,0
18640,135.787503,119.499999,0.000000,0.000000,0.000000,0
18650,135.900007,119.499999,0.000000,11.250343,0.000000,0
18660,135.900007,119.499999,0.000000,0.000000,0.000000,0
18670,136.237507,119.625000,0.000000,35.990483,20.323279,0
18680,136.462503,119.874999,0.000000,33.633760,48.013114,0
18690,136.462503,119.874999,0.000000,0.000000,0.000000,0
18700,136.237507,120.000000,0.000000,25.738822,150.944839,0
18710,136.237507,120.000000,0.000000,0.000000,0.000000,0
18720,135.337500,120.000000,0.000000,90.000687,180.000000,0
18730,134.662500,120.000000,0.000000,67.500000,180.000000,0
18740,134.662500,120.000000,0.000000,0.000000,0.000000,0
18750,133.987500,120.000000,0.000000,67.500000,180.000000,0
18760,133.987500,120.000000,0.000000,0.000000,0.000000,0
18770,133.762503,120.000000,0.000000,22.499657,180.000000,0
18780,133.762503,120.000000,0.000000,0.000000,0.000000,0
18790,133.425003,120.000000,0.000000,33.750000,180.000000,0
18800,133.087503,119.874999,0.000000,35.990483,-159.676721,0
18810,133.087503,119.874999,0.000000,0.000000,0.000000,0
18820,132.862507,119.874999,0.000000,22.499657,180.000000,0
18830,132.750003,119.874999,0.000000,11.250343,180.000000,0
18840,132.750003,119.874999,0.000000,0.000000,0.000000,0
18850,132.525007,120.125000,0.000000,33.633866,131.986723,0
18860,132.525007,120.125000,0.000000,0.000000,0.000000,0
18870,132.412503,120.375000,0.000000,27.414825,114.228359,0
18880,132.300000,120.500000,0.000000,16.817224,131.988191,0
18890,132.300000,120.500000,0.000000,0.000000,0.000000,0
18900,132.187507,120.624999,0.000000,16.816535,131.985582,0
18910,132.187507,120.624999,0.000000,0.000000,0.000000,0
18920,132.075003,120.750000,0.000000,16.817331,131.987865,0
18930,132.075003,120.750000,0.000000,0.000000,0.000000,0
18940,131.962500,120.875000,0.000000,16.817224,131.988191,0
18950,131.962500,120.875000,0.000000,0.000000,0.000000,0
18960,131.850007,120.875000,0.000000,11.249313,180.000000,0
18970,131.850007,120.999999,0.000000,12.499952,90.000000,0
18980,131.850007,120.999999,0.000000,0.000000,0.000000,0
18990,131.850007,121.250000,0.121094,25.000048,90.000000,1
19000,131.850007,121.250000,0.121094,0.000000,0.000000,1
19010,131.850007,121.250000,0.121094,0.000000,0.000000,1
19020,131.850007,121.250000,0.121094,0.000000,0.000000,1
19030,131.850007,121.250000,0.121094,0.000000,0.000000,1
19040,131.850007,121.250000,0.121094,0.000000,0.000000,1
19050,131.850007,121.250000,0.121094,0.000000,0.000000,1
19060,131.850007,121.250000,0.121094,0.000000,0.000000,1
19070,131.850007,120.999999,0.333984,25.000048,-90.000000,1
19080,131.850007,120.375000,0.409180,62.499905,-90.000000,1
19090,131.850007,120.375000,0.409180,0.000000,0.000000,1
19100,131.737503,119.000000,0.470703,137.959535,-94.677558,1
19110,131.737503,119.000000,0.470703,0.000000,0.000000,1
19120,131.175007,117.125000,0.510742,195.755648,-106.699148,1
19130,131.175007,117.125000,0.510742,0.000000,0.000000,1
19140,130.162507,114.500000,0.570313,281.349982,-111.092340,1
19150,129.375003,112.625000,0.612305,203.366336,-112.782495,1
19160,129.375003,112.625000,0.612305,0.000000,0.000000,1
19170,128.475007,110.749998,0.632813,207.981350,-115.640904,1
19180,128.475007,110.749998,0.632813,0.000000,0.000000,1
19190,127.687503,108.874998,0.644531,203.366336,-112.782495,1
19200,126.900000,107.499999,0.656250,158.454537,-119.801069,1
19210,126.900000,107.499999,0.656250,0.000000,0.000000,1
19220,126.112507,105.999999,0.664063,169.415036,-117.699267,1
19230,125.887500,105.499998,0.670898,54.829649,-114.228359,1
19240,125.887500,105.499998,0.670898,0.000000,0.000000,1
19250,125.662503,105.249999,0.672852,33.633760,-131.986886,1
19260,125.662503,105.249999,0.672852,0.000000,0.000000,1
19270,125.550000,105.000000,0.674805,27.414694,-114.228481,1
19280,125.550000,105.000000,0.674805,0.000000,0.000000,1
19290,125.437507,104.874999,0.675781,16.816642,-131.985256,1
19300,125.437507,104.874999,0.675781,0.000000,0.000000,1
19310,125.437507,104.874999,0.675781,0.000000,0.000000,1
19320,125.437507,105.124998,0.000000,24.999905,90.000000,0
19330,125.437507,105.124998,0.000000,0.000000,0.000000,0
19340,125.325003,105.375000,0.000000,27.414955,114.228236,0
19350,125.325003,105.624999,0.000000,24.999905,90.000000,0
19360,125.325003,105.624999,0.000000,0.000000,0.000000,0
19370,125.775007,107.499999,0.000000,192.824482,76.504168,0
19380,127.350003,109.875000,0.000000,284.977959,56.449406,0
19390,127.350003,109.875000,0.000000,0.000000,0.000000,0
19400,129.262500,112.374999,0.000000,314.764012,52.584050,0
19410,129.262500,112.374999,0.000000,0.000000,0.000000,0
19420,131.400003,114.500000,0.000000,301.405839,44.831938,0
19430,133.762503,116.250000,0.000000,294.005237,36.528863,0
19440,133.762503,116.250000,0.000000,0.000000,0.000000,0
19450,137.587507,118.374999,0.000000,437.564535,29.054571,0
19460,137.587507,118.374999,0.000000,0.000000,0.000000,0
19470,140.062500,119.375000,0.000000,266.938045,22.000763,0
19480,142.087500,119.625000,0.000000,204.037380,7.037954,0
19490,142.087500,119.625000,0.000000,0.000000,0.000000,0
19500,141.525003,119.375000,0.000000,61.555067,-156.037341,0
19510,141.525003,119.375000,0.000000,0.000000,0.000000,0
19520,141.525003,119.499999,0.000000,12.499952,90.000000,0
19530,141.525003,119.499999,0.000000,0.000000,0.000000,0
19540,141.750000,119.625000,0.000000,25.738822,29.055161,0
19550,142.762500,119.750000,0.000000,102.018681,7.037914,0
19560,142.762500,119.750000,0.000000,0.000000,0.000000,0
19570,142.875003,119.625000,0.000000,16.817224,-48.011809,0
19580,142.875003,119.625000,0.000000,0.000000,0.000000,0
19590,142.537503,119.499999,0.000000,35.990483,-159.676721,0
19600,141.862503,119.250000,0.000000,71.980867,-159.676934,0
19610,141.862503,119.250000,0.000000,0.000000,0.000000,0
19620,141.075000,118.875000,0.000000,87.223085,-154.536752,0
19630,141.075000,118.875000,0.000000,0.000000,0.000000,0
19640,140.400000,118.500000,0.000000,77.217226,-150.945396,0
19650,140.062500,118.250000,0.000000,42.000772,-143.471092,0
19660,140.062500,118.250000,0.000000,0.000000,0.000000,0
19670,139.387500,117.875000,0.000000,77.217226,-150.945396,0
19680,139.387500,117.875000,0.000000,0.000000,0.000000,0
19690,139.162503,117.750000,0.000000,25.738752,-150.945118,0
19700,138.825003,117.375000,0.000000,50.451090,-131.987212,0
19710,138.825003,117.375000,0.000000,0.000000,0.000000,0
19720,138.487503,117.125000,0.000000,42.000772,-143.471092,0
19730,138.262507,116.874999,0.000000,33.633866,-131.986723,0
19740,138.262507,116.874999,0.000000,0.000000,0.000000,0
19750,138.150003,116.750000,0.000000,16.817224,-131.988191,0
19760,138.150003,116.750000,0.000000,0.000000,0.000000,0
19770,137.812503,116.625000,0.000000,35.990434,-159.676934,0
19780,137.812503,116.625000,0.000000,0.000000,0.000000,0
19790,137.812503,116.625000,0.000000,0.000000,0.000000,0
19800,137.587507,116.625000,0.000000,22.499657,180.000000,0
19810,137.587507,116.750000,0.000000,12.499952,90.000000,0
19820,137.475003,116.750000,0.000000,11.250343,180.000000,0
19830,137.475003,116.750000,0.000000,0.000000,0.000000,0
19840,137.362500,116.874999,0.000000,16.817224,131.988191,0
19850,137.362500,116.874999,0.000000,0.000000,0.000000,0
19860,137.250007,116.874999,0.000000,11.249313,180.000000,0
19870,137.137503,117.000000,0.000000,16.817331,131.987865,0
19880,137.137503,117.000000,0.000000,0.000000,0.000000,0
19890,137.137503,117.000000,0.000000,0.000000,0.000000,0
19900,137.137503,117.000000,0.000000,0.000000,0.000000,0
19910,137.137503,117.000000,0.000000,0.000000,0.000000,0
19920,136.912507,117.000000,0.000000,22.499657,180.000000,0
19930,136.912507,117.000000,0.000000,0.000000,0.000000,0
19940,136.912507,117.000000,0.000000,0.000000,0.000000,0
19950,136.912507,116.874999,0.255859,12.500095,-90.000000,1
19960,136.912507,116.874999,0.255859,0.000000,0.000000,1
19970,136.912507,116.874999,0.255859,0.000000,0.000000,1
19980,136.912507,116.874999,0.255859,0.000000,0.000000,1
19990,136.912507,116.874999,0.255859,0.000000,0.000000,1
20000,136.912507,116.874999,0.255859,0.000000,0.000000,1
20010,136.912507,116.874999,0.255859,0.000000,0.000000,1
20020,137.475003,116.750000,0.445313,57.621807,-12.528835,1
20030,138.150003,116.750000,0.502930,67.500000,0.000000,1
20040,138.150003,116.750000,0.502930,0.000000,0.000000,1
20050,140.287507,116.750000,0.607422,213.750343,0.000000,1
20060,140.287507,116.750000,0.607422,0.000000,0.000000,1
20070,142.087500,116.750000,0.641602,179.999313,0.000000,1
20080,143.662507,116.499999,0.648438,159.472470,-9.019301,1
20090,143.662507,116.499999,0.648438,0.000000,0.000000,1
20100,144.562503,116.375000,0.652344,90.863563,-7.907163,1
20110,144.562503,116.375000,0.652344,0.000000,0.000000,1
20120,145.012507,116.250000,0.652344,46.704172,-15.523942,1
20130,145.462500,116.124999,0.652344,46.703218,-15.524449,1
20140,145.462500,116.124999,0.652344,0.000000,0.000000,1
20150,145.462500,116.000000,0.573242,12.499952,-90.000000,1
20160,145.125000,115.875000,0.000000,35.990434,-159.676934,0
20170,145.125000,115.875000,0.000000,0.000000,0.000000,0
20180,144.450000,115.875000,0.000000,67.500000,180.000000,0
20190,144.450000,115.875000,0.000000,0.000000,0.000000,0
20200,144.112500,115.875000,0.000000,33.750000,180.000000,0
20210,144.112500,115.875000,0.000000,0.000000,0.000000,0
20220,143.325007,115.749999,0.000000,79.735229,-170.980533,0
20230,142.875003,115.625000,0.000000,46.704172,-164.476058,0
20240,142.875003,115.625000,0.000000,0.000000,0.000000,0
20250,142.200003,115.125000,0.000000,84.001460,-143.471171,0
20260,142.200003,115.125000,0.000000,0.000000,0.000000,0
20270,141.187503,114.125000,0.000000,142.308018,-135.355856,0
20280,139.725000,113.000000,0.000000,184.513991,-142.431473,0
20290,139.725000,113.000000,0.000000,0.000000,0.000000,0
20300,138.937507,112.250000,0.000000,108.749503,-136.396932,0
20310,138.937507,112.250000,0.000000,0.000000,0.000000,0
20320,138.150003,111.500000,0.000000,108.750249,-136.397306,0
20330,137.362500,110.749998,0.000000,108.750347,-136.397251,0
20340,137.362500,110.749998,0.000000,0.000000,0.000000,0
20350,136.237507,109.999998,0.000000,135.207602,-146.309771,0
20360,136.237507,109.999998,0.000000,0.000000,0.000000,0
20370,135.450003,109.500000,0.000000,93.282354,-147.587905,0
20380,134.662500,109.125000,0.000000,87.223085,-154.536752,0
20390,134.662500,109.125000,0.000000,0.000000,0.000000,0
20400,133.875007,108.750000,0.000000,87.222155,-154.536461,0
20410,133.875007,108.750000,0.000000,0.000000,0.000000,0
20420,133.200007,108.499998,0.000000,71.980966,-159.676721,0
20430,132.412503,108.124998,0.000000,87.223085,-154.536752,0
20440,132.412503,108.124998,0.000000,0.000000,0.000000,0
20450,132.075003,108.000000,0.000000,35.990384,-159.677148,0
20460,132.075003,108.000000,0.000000,0.000000,0.000000,0
20470,131.850007,107.874999,0.000000,25.738822,-150.944839,0
20480,131.737503,107.749998,0.000000,16.817331,-131.987865,0
20490,131.737503,107.749998,0.000000,0.000000,0.000000,0
20500,131.737503,107.749998,0.000000,0.000000,0.000000,0
20510,131.512507,107.749998,0.000000,22.499657,180.000000,0
20520,131.512507,107.625000,0.000000,12.499809,-90.000000,0
20530,131.400003,107.625000,0.000000,11.250343,180.000000,0
20540,131.400003,107.625000,0.000000,0.000000,0.000000,0
20550,131.175007,107.625000,0.000000,22.499657,180.000000,0
20560,131.175007,107.625000,0.000000,0.000000,0.000000,0
20570,131.062503,107.625000,0.000000,11.250343,180.000000,0
20580,131.062503,107.625000,0.000000,0.000000,0.000000,0
20590,130.837507,107.625000,0.000000,22.499657,180.000000,0
20600,130.837507,107.625000,0.000000,0.000000,0.000000,0
20610,130.725003,107.749998,0.000000,16.817118,131.988517,0
20620,130.725003,107.749998,0.000000,0.000000,0.000000,0
20630,130.500007,107.749998,0.000000,22.499657,180.000000,0
20640,130.387503,107.749998,0.000000,11.250343,180.000000,0
20650,130.387503,107.749998,0.000000,0.000000,0.000000,0
20660,130.387503,107.749998,0.000000,0.000000,0.000000,0
20670,130.162507,107.749998,0.000000,22.499657,180.000000,0
20680,130.050003,107.749998,0.000000,11.250343,180.000000,0
20690,130.050003,107.749998,0.345703,0.000000,0.000000,1
20700,130.050003,107.749998,0.345703,0.000000,0.000000,1
20710,130.050003,107.749998,0.345703,0.000000,0.000000,1
20720,130.050003,107.749998,0.345703,0.000000,0.000000,1
20730,130.050003,107.749998,0.345703,0.000000,0.000000,1
20740,130.050003,107.749998,0.345703,0.000000,0.000000,1
20750,130.950000,108.000000,0.578125,93.407429,15.524280,1
20760,130.950000,108.000000,0.578125,0.000000,0.000000,1
20770,132.525007,108.249999,0.617188,159.472448,9.019250,1
20780,134.662500,108.499998,0.657227,215.206329,6.670949,1
20790,134.662500,108.499998,0.657227,0.000000,0.000000,1
20800,136.687500,108.624999,0.677734,202.885442,3.532321,1
20810,136.687500,108.624999,0.677734,0.000000,0.000000,1
20820,139.500003,108.750000,0.699219,281.527988,2.544821,1
20830,140.850003,108.750000,0.705078,135.000000,0.000000,1
20840,140.850003,108.750000,0.705078,0.000000,0.000000,1
20850,141.637507,108.750000,0.703125,78.750343,0.000000,1
20860,141.637507,108.750000,0.703125,0.000000,0.000000,1
20870,141.975007,108.750000,0.698242,33.750000,0.000000,1
20880,142.200003,108.750000,0.667969,22.499657,0.000000,1
20890,142.200003,108.750000,0.667969,0.000000,0.000000,1
20900,141.525003,108.499998,0.273438,71.980966,-159.676721,1
20910,141.075000,108.375000,0.000000,46.704134,-164.476227,0
20920,141.075000,108.375000,0.000000,0.000000,0.000000,0
20930,140.625007,108.375000,0.000000,44.999313,180.000000,0
20940,140.625007,108.375000,0.000000,0.000000,0.000000,0
20950,139.950007,108.249999,0.000000,68.647668,-169.508445,0
20960,139.950007,108.249999,0.000000,0.000000,0.000000,0
20970,138.825003,107.874999,0.000000,118.585738,-161.565104,0
20980,138.262507,107.374998,0.000000,75.259773,-138.366233,0
20990,138.262507,107.374998,0.000000,0.000000,0.000000,0
21000,137.700000,106.875000,0.000000,75.260353,-138.366916,0
21010,137.700000,106.875000,0.000000,0.000000,0.000000,0
21020,137.250007,106.249998,0.000000,77.014363,-125.753390,0
21030,136.687500,105.624999,0.000000,84.085539,-131.987604,0
21040,136.687500,105.624999,0.000000,0.000000,0.000000,0
21050,135.675000,104.625000,0.000000,142.307918,-135.355897,0
21060,135.675000,104.625000,0.000000,0.000000,0.000000,0
21070,135.000000,103.999998,0.000000,91.991977,-137.202511,0
21080,134.437503,103.374999,0.000000,84.084850,-131.987082,0
21090,134.437503,103.374999,0.000000,0.000000,0.000000,0
21100,133.425003,102.375000,0.000000,142.307918,-135.355897,0
21110,133.425003,102.375000,0.000000,0.000000,0.000000,0
21120,132.862507,101.874999,0.000000,75.259773,-138.366233,0
21130,132.187507,101.250000,0.000000,91.991783,-137.202642,0
21140,132.187507,101.250000,0.000000,0.000000,0.000000,0
21150,131.737503,100.875000,0.000000,58.577136,-140.194644,0
21160,131.737503,100.875000,0.000000,0.000000,0.000000,0
21170,131.400003,100.749999,0.000000,35.990483,-159.676721,0
21180,131.175007,100.500000,0.000000,33.633760,-131.986886,0
21190,131.175007,100.500000,0.000000,0.000000,0.000000,0
21200,130.837507,100.125000,0.000000,50.451090,-131.987212,0
21210,130.837507,100.125000,0.000000,0.000000,0.000000,0
21220,130.612500,99.874998,0.000000,33.634661,-131.987865,0
21230,130.500007,99.750000,0.000000,16.816429,-131.985908,0
21240,130.500007,99.750000,0.000000,0.000000,0.000000,0
21250,130.387503,99.624999,0.000000,16.817331,-131.987865,0
21260,130.387503,99.624999,0.000000,0.000000,0.000000,0
21270,130.387503,99.499998,0.000000,12.500095,-90.000000,0
21280,130.387503,99.375000,0.000000,12.499809,-90.000000,0
21290,130.387503,99.375000,0.000000,0.000000,0.000000,0
21300,130.387503,99.375000,0.000000,0.000000,0.000000,0
21310,130.387503,99.375000,0.000000,0.000000,0.000000,0
21320,130.387503,99.375000,0.000000,0.000000,0.000000,0
21330,130.387503,99.375000,0.000000,0.000000,0.000000,0
21340,130.387503,99.375000,0.000000,0.000000,0.000000,0
21350,130.275000,99.124998,0.000000,27.414955,-114.228236,0
21360,130.162507,99.124998,0.000000,11.249313,180.000000,0
21370,130.050003,99.000000,0.098633,16.817118,-131.988517,1
21380,130.050003,99.000000,0.098633,0.000000,0.000000,1
21390,130.050003,99.000000,0.098633,0.000000,0.000000,1
21400,130.050003,99.000000,0.098633,0.000000,0.000000,1
21410,130.050003,99.000000,0.098633,0.000000,0.000000,1
21420,129.262500,98.374998,0.311523,100.538005,-141.562735,1
21430,128.812507,97.999998,0.331055,58.576345,-140.193999,1
21440,128.812507,97.999998,0.331055,0.000000,0.000000,1
21450,128.250000,97.624998,0.375977,67.604658,-146.310255,1
21460,128.250000,97.624998,0.375977,0.000000,0.000000,1
21470,127.800007,97.374999,0.437500,51.477504,-150.945118,1
21480,127.462507,97.125000,0.479492,42.000687,-143.471249,1
21490,127.462507,97.125000,0.479492,0.000000,0.000000,1
21500,127.350003,96.999999,0.589844,16.817331,-131.987865,1
21510,127.350003,96.999999,0.589844,0.000000,0.000000,1
21520,127.350003,96.999999,0.589844,0.000000,0.000000,1
21530,127.575000,97.125000,0.597656,25.738822,29.055161,1
21540,127.575000,97.125000,0.597656,0.000000,0.000000,1
21550,128.137507,97.249998,0.610352,57.622782,12.528474,1
21560,128.137507,97.249998,0.610352,0.000000,0.000000,1
21570,130.050003,97.999998,0.648438,205.429869,21.413004,1
21580,132.075003,98.625000,0.687500,211.925751,17.152471,1
21590,132.075003,98.625000,0.687500,0.000000,0.000000,1
21600,134.100003,99.249999,0.717773,211.925666,17.152397,1
21610,134.100003,99.249999,0.717773,0.000000,0.000000,1
21620,136.125003,99.750000,0.731445,208.581542,13.869712,1
21630,137.812503,100.249998,0.731445,176.001544,16.504302,1
21640,137.812503,100.249998,0.731445,0.000000,0.000000,1
21650,139.612507,100.624998,0.715820,183.865096,11.768267,1
21660,139.612507,100.624998,0.715820,0.000000,0.000000,1
21670,140.062500,100.749999,0.707031,46.703218,15.524449,1
21680,140.400000,100.875000,0.702148,35.990483,20.323279,1
21690,140.400000,100.875000,0.702148,0.000000,0.000000,1
21700,140.625007,100.875000,0.702148,22.500687,0.000000,1
21710,140.625007,100.875000,0.702148,0.000000,0.000000,1
21720,140.737500,100.875000,0.713867,11.249313,0.000000,1
21730,140.737500,100.875000,0.713867,0.000000,0.000000,1
21740,140.737500,100.875000,0.713867,0.000000,0.000000,1
21750,140.737500,100.875000,0.713867,0.000000,0.000000,1
21760,140.737500,100.875000,0.713867,0.000000,0.000000,1
21770,140.625007,100.875000,0.707031,11.249313,180.000000,1
21780,140.287507,100.875000,0.000000,33.750000,180.000000,0
21790,140.287507,100.875000,0.000000,0.000000,0.000000,0
21800,139.837503,100.875000,0.000000,45.000343,180.000000,0
21810,139.837503,100.875000,0.000000,0.000000,0.000000,0
21820,139.275007,101.124999,0.000000,61.555009,156.037462,0
21830,138.712500,101.499999,0.000000,67.604658,146.310255,0
21840,138.712500,101.499999,0.000000,0.000000,0.000000,0
21850,138.262507,101.749998,0.000000,51.477504,150.945118,0
21860,138.262507,101.749998,0.000000,0.000000,0.000000,0
21870,137.700000,102.124998,0.000000,67.604658,146.310255,0
21880,137.362500,102.249999,0.000000,35.990483,159.676721,0
21890,137.362500,102.249999,0.000000,0.000000,0.000000,0
21900,137.137503,102.624999,0.000000,43.731963,120.963371,0
21910,137.137503,102.624999,0.000000,0.000000,0.000000,0
21920,137.025000,102.999999,0.000000,39.151248,106.699725,0
21930,136.912507,103.249998,0.000000,27.414272,114.226518,0
21940,136.912507,103.249998,0.000000,0.000000,0.000000,0
21950,136.912507,103.374999,0.000000,12.500095,90.000000,0
21960,136.912507,103.374999,0.000000,0.000000,0.000000,0
21970,136.800003,103.749999,0.000000,39.151248,106.699725,0
21980,136.800003,103.749999,0.000000,0.000000,0.000000,0
21990,136.800003,103.999998,0.000000,24.999905,90.000000,0
22000,136.800003,103.999998,0.000000,0.000000,0.000000,0
22010,136.800003,103.999998,0.000000,0.000000,0.000000,0
22020,136.800003,104.124999,0.000000,12.500095,90.000000,0
22030,136.800003,104.124999,0.000000,0.000000,0.000000,0
22040,136.800003,104.124999,0.000000,0.000000,0.000000,0
22050,136.800003,104.124999,0.000000,0.000000,0.000000,0
22060,136.800003,104.124999,0.000000,0.000000,0.000000,0
22070,136.800003,104.124999,0.000000,0.000000,0.000000,0
22080,136.800003,104.374998,0.000000,24.999905,90.000000,0
22090,136.800003,104.374998,0.000000,0.000000,0.000000,0
22100,136.800003,104.374998,0.000000,0.000000,0.000000,0
22110,136.800003,104.374998,0.000000,0.000000,0.000000,0
22120,136.800003,104.374998,0.166992,0.000000,0.000000,1
22130,136.800003,104.374998,0.166992,0.000000,0.000000,1
22140,136.800003,104.374998,0.166992,0.000000,0.000000,1
22150,136.800003,104.374998,0.166992,0.000000,0.000000,1
22160,136.800003,104.374998,0.166992,0.000000,0.000000,1
22170,136.800003,104.374998,0.166992,0.000000,0.000000,1
22180,136.575007,103.624998,0.368164,78.302200,-106.699004,1
22190,136.575007,103.624998,0.368164,0.000000,0.000000,1
22200,136.462503,103.249998,0.427734,39.151248,-106.699725,1
22210,136.462503,103.249998,0.427734,0.000000,0.000000,1
22220,136.350000,102.624999,0.486328,63.504396,-100.204294,1
22230,136.125003,101.874999,0.515625,78.302200,-106.699004,1
22240,136.125003,101.874999,0.515625,0.000000,0.000000,1
22250,135.900007,100.999998,0.565430,90.346562,-104.420547,1
22260,135.900007,100.999998,0.565430,0.000000,0.000000,1
22270,135.562507,99.624999,0.606445,141.581377,-103.790876,1
22280,135.337500,98.749998,0.644531,90.346818,-104.421180,1
22290,135.337500,98.749998,0.644531,0.000000,0.000000,1
22300,135.112503,97.749999,0.667969,102.499832,-102.680208,1
22310,135.112503,97.749999,0.667969,0.000000,0.000000,1
22320,135.000000,96.750000,0.674805,100.630766,-96.418987,1
22330,134.775003,95.250000,0.690430,151.678062,-98.530637,1
22340,134.775003,95.250000,0.690430,0.000000,0.000000,1
22350,134.662500,94.374999,0.699219,88.220388,-97.326620,1
22360,134.662500,94.374999,0.699219,0.000000,0.000000,1
22370,134.662500,93.499998,0.704102,87.500095,-90.000000,1
22380,134.662500,92.625000,0.728516,87.499809,-90.000000,1
22390,134.662500,92.625000,0.728516,0.000000,0.000000,1
22400,134.662500,91.875000,0.752930,75.000000,-90.000000,1
22410,134.662500,91.875000,0.752930,0.000000,0.000000,1
22420,134.662500,90.874998,0.766602,100.000191,-90.000000,1
22430,134.662500,90.249999,0.770508,62.499905,-90.000000,1
22440,134.662500,90.249999,0.770508,0.000000,0.000000,1
22450,134.662500,89.625000,0.773438,62.499905,-90.000000,1
22460,134.662500,89.625000,0.773438,0.000000,0.000000,1
22470,134.662500,89.124999,0.774414,50.000095,-90.000000,1
22480,134.662500,88.500000,0.775391,62.499905,-90.000000,1
22490,134.662500,88.500000,0.775391,0.000000,0.000000,1
22500,134.662500,88.125000,0.776367,37.500000,-90.000000,1
22510,134.662500,88.125000,0.776367,0.000000,0.000000,1
22520,134.775003,87.874998,0.776367,27.414955,-65.771764,1
22530,134.775003,87.624999,0.776367,24.999905,-90.000000,1
22540,134.775003,87.624999,0.776367,0.000000,0.000000,1
22550,134.887507,87.375000,0.776367,27.414694,-65.771519,1
22560,134.887507,87.375000,0.776367,0.000000,0.000000,1
22570,134.887507,87.124998,0.776367,25.000191,-90.000000,1
22580,135.000000,87.000000,0.776367,16.816429,-48.014092,1
22590,135.000000,87.000000,0.776367,0.000000,0.000000,1
22600,135.000000,87.000000,0.776367,0.000000,0.000000,1
22610,135.000000,87.000000,0.776367,0.000000,0.000000,1
22620,135.000000,87.000000,0.776367,0.000000,0.000000,1
22630,135.112503,87.124998,0.749023,16.817118,48.011483,1
22640,135.112503,87.124998,0.749023,0.000000,0.000000,1
22650,135.337500,87.499998,0.746094,43.731963,59.036629,1
22660,135.337500,87.499998,0.746094,0.000000,0.000000,1
22670,135.900007,88.875000,0.754883,148.561241,67.750759,1
22680,136.912507,90.999999,0.757813,235.388555,64.523564,1
22690,136.912507,90.999999,0.757813,0.000000,0.000000,1
22700,137.925007,92.749998,0.755859,202.179448,59.947539,1
22710,137.925007,92.749998,0.755859,0.000000,0.000000,1
22720,139.050000,94.374999,0.736328,197.642041,55.305026,1
22730,140.400000,96.375000,0.178711,241.298649,55.980663,1
22740,140.400000,96.750000,0.000000,37.500000,90.000000,0
22750,140.400000,96.750000,0.000000,0.000000,0.000000,0
22760,140.400000,96.750000,0.000000,0.000000,0.000000,0
22770,140.400000,96.874998,0.000000,12.499809,90.000000,0
22780,140.287507,96.999999,0.000000,16.816642,131.985256,0
22790,140.287507,96.999999,0.000000,0.000000,0.000000,0
22800,140.175003,97.249998,0.000000,27.414694,114.228481,0
22810,140.175003,97.249998,0.000000,0.000000,0.000000,0
22820,140.062500,97.374999,0.000000,16.817331,131.987865,0
22830,140.062500,97.374999,0.000000,0.000000,0.000000,0
22840,139.950007,97.624998,0.000000,27.414272,114.226518,0
22850,139.950007,97.749999,0.000000,12.500095,90.000000,0
22860,139.950007,97.749999,0.000000,0.000000,0.000000,0
22870,139.950007,97.999998,0.000000,24.999905,90.000000,0
22880,139.950007,98.374998,0.000000,37.500000,90.000000,0
22890,139.950007,98.374998,0.000000,0.000000,0.000000,0
22900,140.175003,99.375000,0.000000,102.500111,77.319827,0
22910,140.175003,99.375000,0.000000,0.000000,0.000000,0
22920,140.850003,101.250000,0.000000,199.279954,70.201124,0
22930,142.987507,104.749998,0.000000,410.108615,58.586937,0
22940,142.987507,104.749998,0.000000,0.000000,0.000000,0
22950,145.012507,106.374999,0.000000,259.639232,38.745984,0
22960,145.012507,106.374999,0.000000,0.000000,0.000000,0
22970,146.362507,108.249999,0.000000,231.043827,54.246113,0
22980,148.275003,110.499999,0.000000,295.298884,49.635514,0
22990,148.275003,110.499999,0.000000,0.000000,0.000000,0
23000,150.300003,112.749999,0.000000,302.706541,48.012788,0
23010,150.300003,112.749999,0.000000,0.000000,0.000000,0
23020,151.987503,114.750000,0.000000,261.680341,49.844014,0
23030,153.337503,116.250000,0.000000,201.804361,48.012788,0
23040,153.337503,116.250000,0.000000,0.000000,0.000000,0
23050,152.887500,115.749999,0.000000,67.268421,-131.987376,0
23060,152.887500,115.749999,0.000000,0.000000,0.000000,0
23070,152.887500,115.500000,0.000000,24.999905,-90.000000,0
23080,154.237500,116.499999,0.000000,168.002919,36.528829,0
23090,154.237500,116.499999,0.000000,0.000000,0.000000,0
23100,154.575000,117.000000,0.000000,60.324722,55.980701,0
23110,154.575000,117.000000,0.000000,0.000000,0.000000,0
23120,154.912500,117.125000,0.000000,35.990434,20.323066,0
23130,155.137507,117.000000,0.000000,25.739652,-29.053769,0
23140,155.137507,117.000000,0.000000,0.000000,0.000000,0
23150,155.250000,116.625000,0.000000,39.150952,-73.301718,0
23160,155.250000,116.625000,0.000000,0.000000,0.000000,0
23170,154.912500,116.250000,0.000000,50.451090,-131.987212,0
23180,153.450007,115.625000,0.000000,159.044389,-156.860425,0
23190,153.450007,115.625000,0.000000,0.000000,0.000000,0
23200,152.662503,115.250000,0.000000,87.223085,-154.536752,0
23210,152.662503,115.250000,0.000000,0.000000,0.000000,0
23220,152.100007,115.125000,0.000000,57.621807,-167.471165,0
23230,151.537500,114.999999,0.000000,57.622844,-167.471248,0
23240,151.537500,114.999999,0.000000,0.000000,0.000000,0
23250,151.200000,114.999999,0.000000,33.750000,180.000000,0
23260,151.200000,114.999999,0.000000,0.000000,0.000000,0
23270,151.087507,114.999999,0.000000,11.249313,180.000000,0
23280,150.975003,114.999999,0.000000,11.250343,180.000000,0
23290,150.975003,114.999999,0.000000,0.000000,0.000000,0
23300,150.975003,114.875000,0.000000,12.499952,-90.000000,0
23310,150.975003,114.875000,0.000000,0.000000,0.000000,0
23320,150.862500,114.500000,0.000000,39.151248,-106.699725,0
23330,150.750007,113.750000,0.000000,75.838955,-98.530253,0
23340,150.750007,113.750000,0.000000,0.000000,0.000000,0
23350,150.525000,113.250000,0.000000,54.829519,-114.228420,0
23360,150.525000,113.250000,0.000000,0.000000,0.000000,0
23370,150.300003,112.500000,0.000000,78.302200,-106.699004,0
23380,150.187500,111.875000,0.000000,63.504537,-100.204271,0
23390,150.187500,111.875000,0.000000,0.000000,0.000000,0
23400,149.962503,111.125000,0.000000,78.302200,-106.699004,0
23410,149.962503,111.125000,0.000000,0.000000,0.000000,0
23420,149.850000,110.749998,0.000000,39.151385,-106.699665,0
23430,149.737507,110.625000,0.000000,16.816429,-131.985908,0
23440,149.737507,110.625000,0.000000,0.000000,0.000000,0
23450,149.625003,110.499999,0.000000,16.817331,-131.987865,0
23460,149.625003,110.499999,0.000000,0.000000,0.000000,0
23470,149.625003,110.499999,0.000000,0.000000,0.000000,0
23480,149.400007,110.625000,0.000000,25.738822,150.944839,0
23490,149.400007,110.625000,0.000000,0.000000,0.000000,0
23500,149.400007,110.749998,0.000000,12.499809,90.000000,0
23510,149.400007,110.874999,0.000000,12.500095,90.000000,0
23520,149.400007,110.874999,0.000000,0.000000,0.000000,0
23530,149.400007,111.125000,0.000000,25.000048,90.000000,0
23540,149.400007,111.249999,0.000000,12.499952,90.000000,0
23550,149.512500,111.249999,0.000000,11.249313,0.000000,0
23560,149.512500,111.249999,0.000000,0.000000,0.000000,0
23570,149.512500,111.500000,0.000000,25.000048,90.000000,0
23580,149.625003,111.624999,0.000000,16.817224,48.011809,0
23590,149.625003,111.624999,0.190430,0.000000,0.000000,1
23600,149.625003,111.624999,0.190430,0.000000,0.000000,1
23610,149.625003,111.624999,0.190430,0.000000,0.000000,1
23620,149.625003,111.624999,0.190430,0.000000,0.000000,1
23630,149.625003,111.624999,0.190430,0.000000,0.000000,1
23640,149.625003,111.624999,0.190430,0.000000,0.000000,1
23650,149.737507,111.875000,0.453125,27.414825,65.771641,1
23660,149.737507,111.875000,0.453125,0.000000,0.000000,1
23670,149.737507,111.875000,0.453125,0.000000,0.000000,1
23680,149.737507,111.750000,0.524414,12.499952,-90.000000,1
23690,149.737507,111.750000,0.524414,0.000000,0.000000,1
23700,149.512500,111.125000,0.537109,66.426929,-109.799420,1
23710,149.512500,111.125000,0.537109,0.000000,0.000000,1
23720,149.287503,110.124999,0.579102,102.499971,-102.680190,1
23730,148.950003,108.499998,0.631836,165.967899,-101.733077,1
23740,148.950003,108.499998,0.631836,0.000000,0.000000,1
23750,148.725007,107.124999,0.674805,139.328598,-99.293176,1
23760,148.725007,107.124999,0.674805,0.000000,0.000000,1
23770,148.500000,105.750000,0.715820,139.328765,-99.293594,1
23780,148.275003,103.749999,0.737305,201.261702,-96.418687,1
23790,148.275003,103.749999,0.737305,0.000000,0.000000,1
23800,148.162500,102.499998,0.740234,125.505355,-95.142917,1
23810,148.162500,102.499998,0.740234,0.000000,0.000000,1
23820,148.162500,101.374998,0.744141,112.500000,-90.000000,1
23830,148.050007,100.500000,0.745117,88.219973,-97.325980,1
23840,148.050007,100.500000,0.745117,0.000000,0.000000,1
23850,147.937503,99.499998,0.748047,100.631051,-96.418969,1
23860,147.937503,99.499998,0.748047,0.000000,0.000000,1
23870,147.825000,98.749998,0.749023,75.839107,-98.531022,1
23880,147.712507,98.124999,0.750977,63.504213,-100.203379,1
23890,147.712507,98.124999,0.750977,0.000000,0.000000,1
23900,147.600003,97.500000,0.750977,63.504396,-100.204294,1
23910,147.600003,97.500000,0.750977,0.000000,0.000000,1
23920,147.600003,96.874998,0.750977,62.500191,-90.000000,1
23930,147.600003,96.124998,0.749023,75.000000,-90.000000,1
23940,147.600003,96.124998,0.749023,0.000000,0.000000,1
23950,147.600003,95.625000,0.747070,49.999809,-90.000000,1
23960,147.600003,95.625000,0.747070,0.000000,0.000000,1
23970,147.487500,95.250000,0.737305,39.151248,-106.699725,1
23980,147.487500,94.875000,0.728516,37.500000,-90.000000,1
23990,147.487500,94.875000,0.728516,0.000000,0.000000,1
24000,147.487500,94.249998,0.728516,62.500191,-90.000000,1
24010,147.487500,94.249998,0.728516,0.000000,0.000000,1
24020,147.487500,93.874998,0.728516,37.500000,-90.000000,1
24030,147.600003,93.624999,0.728516,27.414694,-65.771519,1
24040,147.600003,93.624999,0.728516,0.000000,0.000000,1
24050,147.600003,93.249999,0.729492,37.500000,-90.000000,1
24060,147.600003,93.249999,0.729492,0.000000,0.000000,1
24070,147.600003,93.000000,0.735352,24.999905,-90.000000,1
24080,147.712507,92.874999,0.738281,16.817331,-48.012135,1
24090,147.712507,92.874999,0.738281,0.000000,0.000000,1
24100,147.712507,92.874999,0.738281,0.000000,0.000000,1
24110,147.712507,92.874999,0.738281,0.000000,0.000000,1
24120,147.712507,93.000000,0.739258,12.500095,90.000000,1
24130,147.825000,93.499998,0.740234,51.249663,77.320319,1
24140,147.825000,93.499998,0.740234,0.000000,0.000000,1
24150,148.162500,95.250000,0.745117,178.224940,79.084129,1
24160,148.162500,95.250000,0.745117,0.000000,0.000000,1
24170,148.725007,100.125000,0.000000,490.734541,83.417976,0
24180,148.950003,101.499999,0.000000,139.328598,80.706824,0
24190,148.950003,101.499999,0.000000,0.000000,0.000000,0
24200,149.287503,102.999999,0.000000,153.750000,77.319617,0
24210,149.287503,102.999999,0.000000,0.000000,0.000000,0
24220,149.625003,103.875000,0.000000,93.783416,68.907681,0
24230,149.850000,104.625000,0.000000,78.302200,73.300996,0
24240,149.850000,104.625000,0.000000,0.000000,0.000000,0
24250,150.075007,105.249999,0.000000,66.426794,70.200539,0
24260,150.075007,105.249999,0.000000,0.000000,0.000000,0
24270,150.637503,106.374999,0.000000,125.778670,63.435089,0
24280,151.537500,108.124998,0.000000,196.786445,62.783965,0
24290,151.537500,108.124998,0.000000,0.000000,0.000000,0
24300,152.437507,109.875000,0.000000,196.787170,62.783736,0
24310,152.437507,109.875000,0.000000,0.000000,0.000000,0
24320,153.000003,111.125000,0.000000,137.073017,65.772377,0
24330,152.887500,110.749998,0.000000,39.151385,-106.699665,0
24340,152.887500,110.749998,0.000000,0.000000,0.000000,0
24350,152.887500,111.624999,0.000000,87.500095,90.000000,0
24360,152.887500,111.624999,0.000000,0.000000,0.000000,0
24370,153.225000,112.500000,0.000000,93.783416,68.907681,0
24380,153.562500,114.000000,0.000000,153.750000,77.319617,0
24390,153.562500,114.000000,0.000000,0.000000,0.000000,0
24400,153.787507,115.125000,0.000000,114.728074,78.689731,0
24410,153.787507,115.125000,0.000000,0.000000,0.000000,0
24420,153.787507,116.124999,0.000000,99.999905,90.000000,0
24430,153.787507,116.874999,0.000000,75.000000,90.000000,0
24440,153.787507,116.874999,0.000000,0.000000,0.000000,0
24450,153.787507,117.500000,0.000000,62.500048,90.000000,0
24460,153.787507,117.500000,0.000000,0.000000,0.000000,0
24470,153.562500,118.125000,0.000000,66.426929,109.799420,0
24480,153.450007,118.125000,0.000000,11.249313,180.000000,0
24490,153.450007,118.125000,0.000000,0.000000,0.000000,0
24500,153.337503,118.250000,0.000000,16.817224,131.988191,0
24510,153.337503,118.250000,0.000000,0.000000,0.000000,0
24520,153.112507,118.500000,0.000000,33.633866,131.986723,0
24530,153.000003,118.625000,0.000000,16.817224,131.988191,0
24540,153.000003,118.625000,0.000000,0.000000,0.000000,0
24550,152.775007,118.625000,0.000000,22.499657,180.000000,0
24560,152.775007,118.625000,0.000000,0.000000,0.000000,0
24570,152.662503,118.625000,0.000000,11.250343,180.000000,0
24580,152.437507,118.625000,0.000000,22.499657,180.000000,0
24590,152.437507,118.625000,0.000000,0.000000,0.000000,0
24600,152.325003,118.625000,0.000000,11.250343,180.000000,0
24610,152.325003,118.625000,0.000000,0.000000,0.000000,0
24620,151.987503,118.625000,0.000000,33.750000,180.000000,0
24630,151.762507,118.500000,0.000000,25.738752,-150.945118,0
24640,151.762507,118.500000,0.000000,0.000000,0.000000,0
24650,151.650003,118.500000,0.000000,11.250343,180.000000,0
24660,151.650003,118.500000,0.000000,0.000000,0.000000,0
24670,151.312503,118.374999,0.000000,35.990483,-159.676721,0
24680,151.200000,118.250000,0.000000,16.817224,-131.988191,0
24690,151.200000,118.250000,0.000000,0.000000,0.000000,0
24700,151.087507,118.250000,0.000000,11.249313,180.000000,0
24710,151.087507,118.250000,0.000000,0.000000,0.000000,0
24720,150.975003,118.125000,0.000000,16.817224,-131.988191,0
24730,150.750007,117.875000,0.000000,33.633866,-131.986723,0
24740,150.637503,117.750000,0.222656,16.817224,-131.988191,1
24750,150.637503,117.750000,0.222656,0.000000,0.000000,1
24760,150.637503,117.750000,0.222656,0.000000,0.000000,1
24770,150.637503,117.750000,0.222656,0.000000,0.000000,1
24780,150.637503,117.750000,0.222656,0.000000,0.000000,1
24790,150.637503,117.750000,0.222656,0.000000,0.000000,1
24800,150.637503,117.750000,0.222656,0.000000,0.000000,1
24810,150.637503,117.750000,0.222656,0.000000,0.000000,1
24820,150.862500,117.750000,0.387695,22.499657,0.000000,1
24830,151.425007,117.999999,0.427734,61.555950,23.962148,1
24840,151.425007,117.999999,0.427734,0.000000,0.000000,1
24850,152.212500,118.125000,0.457031,79.735229,9.019467,1
24860,153.337503,118.374999,0.500977,115.244620,12.528724,1
24870,153.337503,118.374999,0.500977,0.000000,0.000000,1
24880,155.137507,118.625000,0.530273,181.728165,7.907163,1
24890,155.137507,118.625000,0.530273,0.000000,0.000000,1
24900,157.162507,118.875000,0.557617,204.037380,7.037954,1
24910,157.162507,118.875000,0.557617,0.000000,0.000000,1
24920,159.637500,119.124999,0.597656,248.758729,5.767883,1
24930,161.100003,119.250000,0.618164,146.783566,4.885228,1
24940,161.100003,119.250000,0.618164,0.000000,0.000000,1
24950,162.337500,119.250000,0.632813,123.749657,0.000000,1
24960,162.337500,119.250000,0.632813,0.000000,0.000000,1
24970,163.237507,119.250000,0.634766,90.000687,0.000000,1
24980,164.137503,119.124999,0.646484,90.863582,-7.907252,1
24990,164.137503,119.124999,0.646484,0.000000,0.000000,1
25000,164.700000,119.124999,0.642578,56.249657,0.000000,1
25010,164.700000,119.124999,0.642578,0.000000,0.000000,1
25020,165.037500,118.875000,0.639648,42.000687,-36.528751,1
25030,165.262507,118.749999,0.641602,25.739722,-29.054047,1
25040,165.262507,118.749999,0.641602,0.000000,0.000000,1
25050,165.487503,118.625000,0.644531,25.738752,-29.054882,1
25060,165.487503,118.625000,0.644531,0.000000,0.000000,1
25070,165.712500,118.500000,0.646484,25.738752,-29.054882,1
25080,166.050000,118.250000,0.649414,42.000772,-36.528908,1
25090,166.050000,118.250000,0.649414,0.000000,0.000000,1
25100,166.162503,117.999999,0.651367,27.414825,-65.771641,1
25110,166.162503,117.999999,0.651367,0.000000,0.000000,1
25120,166.275007,117.875000,0.654297,16.817224,-48.011809,1
25130,166.500003,117.624999,0.665039,33.633866,-48.013277,1
25140,166.500003,117.624999,0.665039,0.000000,0.000000,1
25150,166.612507,117.500000,0.683594,16.817224,-48.011809,1
25160,166.612507,117.500000,0.683594,0.000000,0.000000,1
25170,166.725000,117.249999,0.687500,27.414402,-65.773604,1
25180,166.725000,117.000000,0.694336,24.999905,-90.000000,1
25190,166.725000,117.000000,0.694336,0.000000,0.000000,1
25200,166.837503,116.750000,0.701172,27.414825,-65.771641,1
25210,166.837503,116.750000,0.701172,0.000000,0.000000,1
25220,166.837503,116.375000,0.708008,37.500000,-90.000000,1
25230,166.837503,116.000000,0.722656,37.500000,-90.000000,1
25240,166.837503,116.000000,0.722656,0.000000,0.000000,1
25250,166.837503,115.625000,0.722656,37.500000,-90.000000,1
25260,166.837503,115.625000,0.722656,0.000000,0.000000,1
25270,166.837503,115.250000,0.725586,37.500000,-90.000000,1
25280,166.837503,114.500000,0.734375,75.000000,-90.000000,1
25290,166.837503,114.500000,0.734375,0.000000,0.000000,1
25300,166.837503,114.125000,0.744141,37.500000,-90.000000,1
25310,166.837503,114.125000,0.744141,0.000000,0.000000,1
25320,166.837503,113.499999,0.752930,62.500048,-90.000000,1
25330,166.837503,113.000000,0.756836,49.999952,-90.000000,1
25340,166.837503,113.000000,0.756836,0.000000,0.000000,1
25350,166.725000,112.374999,0.759766,63.504537,-100.204271,1
25360,166.725000,112.374999,0.759766,0.000000,0.000000,1
25370,166.725000,111.624999,0.760742,75.000000,-90.000000,1
25380,166.612507,110.250000,0.780273,137.959309,-94.677137,1
25390,166.612507,110.250000,0.780273,0.000000,0.000000,1
25400,166.500003,109.374999,0.783203,88.220388,-97.326620,1
25410,166.500003,109.374999,0.783203,0.000000,0.000000,1
25420,166.387500,108.375000,0.787109,100.630766,-96.418987,1
25430,166.275007,107.499999,0.789063,88.220257,-97.325956,1
25440,166.275007,107.499999,0.789063,0.000000,0.000000,1
25450,166.050000,105.999999,0.791016,151.678215,-98.531022,1
25460,166.050000,105.999999,0.791016,0.000000,0.000000,1
25470,165.937507,105.124998,0.792969,88.220257,-97.325956,1
25480,165.825003,103.875000,0.796875,125.505070,-95.142928,1
25490,165.825003,103.875000,0.796875,0.000000,0.000000,1
25500,165.600007,102.750000,0.796875,114.727872,-101.309764,1
25510,165.600007,102.750000,0.796875,0.000000,0.000000,1
25520,165.487503,101.874999,0.801758,88.220388,-97.326620,1
25530,165.150003,100.374999,0.799805,153.750000,-102.680383,1
25540,165.150003,100.374999,0.799805,0.000000,0.000000,1
25550,164.925007,99.249999,0.799805,114.727872,-101.309764,1
25560,164.925007,99.249999,0.799805,0.000000,0.000000,1
25570,164.812503,98.374998,0.799805,88.220388,-97.326620,1
25580,164.587507,97.500000,0.799805,90.346285,-104.420592,1
25590,164.587507,97.500000,0.799805,0.000000,0.000000,1
25600,164.362500,96.124998,0.793945,139.329047,-99.293575,1
25610,164.362500,96.124998,0.793945,0.000000,0.000000,1
25620,164.137503,95.374998,0.795898,78.302200,-106.699004,1
25630,164.025000,94.624998,0.796875,75.839107,-98.531022,1
25640,164.025000,94.624998,0.796875,0.000000,0.000000,1
25650,163.800003,93.750000,0.796875,90.346285,-104.420592,1
25660,163.800003,93.750000,0.796875,0.000000,0.000000,1
25670,163.575007,93.124998,0.797852,66.426714,-109.798542,1
25680,163.237507,92.124999,0.797852,105.541667,-108.649555,1
25690,163.237507,92.124999,0.797852,0.000000,0.000000,1
25700,163.012500,91.500000,0.797852,66.426794,-109.799461,1
25710,163.012500,91.500000,0.797852,0.000000,0.000000,1
25720,162.787503,90.874998,0.794922,66.426714,-109.798542,1
25730,162.675000,90.375000,0.793945,51.249889,-102.680805,1
25740,162.675000,90.375000,0.793945,0.000000,0.000000,1
25750,162.337500,89.625000,0.795898,82.243921,-114.227745,1
25760,162.337500,89.625000,0.795898,0.000000,0.000000,1
25770,162.225007,89.124999,0.795898,51.249942,-102.679611,1
25780,162.000000,88.749999,0.797852,43.732492,-120.964528,1
25790,162.000000,88.749999,0.797852,0.000000,0.000000,1
25800,161.887507,88.249998,0.797852,51.249942,-102.679611,1
25810,161.887507,88.249998,0.797852,0.000000,0.000000,1
25820,161.775003,87.874998,0.799805,39.151248,-106.699725,1
25830,161.550007,87.375000,0.800781,54.828966,-114.227500,1
25840,161.550007,87.375000,0.800781,0.000000,0.000000,1
25850,161.437503,87.124998,0.798828,27.414955,-114.228236,1
25860,161.437503,87.124998,0.798828,0.000000,0.000000,1
25870,161.325000,86.749998,0.795898,39.151248,-106.699725,1
25880,161.212507,86.499996,0.800781,27.414532,-114.226273,1
25890,161.212507,86.499996,0.800781,0.000000,0.000000,1
25900,161.100003,86.124996,0.798828,39.151248,-106.699725,1
25910,161.100003,86.124996,0.798828,0.000000,0.000000,1
25920,160.987500,85.999998,0.796875,16.817118,-131.988517,1
25930,160.875007,85.875000,0.797852,16.816429,-131.985908,1
25940,160.875007,85.875000,0.797852,0.000000,0.000000,1
25950,160.875007,85.749996,0.797852,12.500381,-90.000000,1
25960,160.875007,85.749996,0.797852,0.000000,0.000000,1
25970,160.875007,85.749996,0.797852,0.000000,0.000000,1
25980,160.875007,85.749996,0.797852,0.000000,0.000000,1
25990,160.875007,85.749996,0.797852,0.000000,0.000000,1
26000,160.762503,85.749996,0.815430,11.250343,180.000000,1
26010,160.650000,86.250000,0.812500,51.250448,102.680664,1
26020,160.650000,86.250000,0.812500,0.000000,0.000000,1
26030,159.975000,88.125000,0.786133,199.279954,109.798876,1
26040,157.950000,91.999998,0.000000,437.221171,117.590709,0
26050,157.950000,91.999998,0.000000,0.000000,0.000000,0
26060,157.950000,91.999998,0.000000,0.000000,0.000000,0
26070,156.262500,94.749999,0.000000,322.647819,121.534783,0
26080,155.250000,97.374999,0.000000,281.349982,111.092340,0
26090,155.250000,97.374999,0.000000,0.000000,0.000000,0
26100,154.912500,99.624999,0.000000,227.517170,98.530766,0
26110,154.912500,99.624999,0.000000,0.000000,0.000000,0
26120,155.137507,101.499999,0.000000,188.845256,83.157020,0
26130,155.137507,102.999999,0.000000,150.000000,90.000000,0
26140,155.137507,102.999999,0.000000,0.000000,0.000000,0
26150,154.912500,104.874999,0.000000,188.845256,96.842980,0
26160,154.912500,104.874999,0.000000,0.000000,0.000000,0
26170,154.800007,105.750000,0.000000,88.220257,97.325956,0
26180,154.912500,105.750000,0.000000,11.249313,0.000000,0
26190,154.912500,105.750000,0.000000,0.000000,0.000000,0
26200,155.250000,105.624999,0.000000,35.990483,-20.323279,0
26210,155.700003,106.249998,0.000000,77.014732,54.245864,0
26220,155.700003,106.249998,0.000000,0.000000,0.000000,0
26230,155.925000,106.624998,0.000000,43.731963,59.036629,0
26240,155.925000,106.624998,0.000000,0.000000,0.000000,0
26250,156.037503,106.749999,0.000000,16.817331,48.012135,0
26260,156.037503,106.749999,0.000000,0.000000,0.000000,0
26270,156.037503,106.749999,0.000000,0.000000,0.000000,0
26280,155.475007,106.875000,0.000000,57.621838,167.471026,0
26290,155.475007,106.875000,0.000000,0.000000,0.000000,0
26300,154.912500,106.999998,0.000000,57.622782,167.471526,0
26310,154.912500,106.999998,0.000000,0.000000,0.000000,0
26320,154.462507,107.374998,0.000000,58.576345,140.193999,0
26330,153.900000,107.625000,0.000000,61.556066,156.037608,0
26340,153.900000,107.625000,0.000000,0.000000,0.000000,0
26350,153.562500,107.874999,0.000000,42.000687,143.471249,0
26360,153.562500,107.874999,0.000000,0.000000,0.000000,0
26370,153.112507,108.375000,0.000000,67.267732,131.986723,0
26380,152.887500,108.499998,0.000000,25.739583,150.946509,0
26390,152.887500,108.499998,0.000000,0.000000,0.000000,0
26400,152.662503,108.750000,0.000000,33.633972,131.986560,0
26410,152.662503,108.750000,0.000000,0.000000,0.000000,0
26420,152.437507,108.750000,0.000000,22.499657,180.000000,0
26430,152.325003,108.750000,0.000000,11.250343,180.000000,0
26440,152.325003,108.750000,0.000000,0.000000,0.000000,0
26450,152.100007,108.750000,0.000000,22.499657,180.000000,0
26460,152.100007,108.750000,0.000000,0.000000,0.000000,0
26470,151.987503,108.750000,0.000000,11.250343,180.000000,0
26480,151.875000,108.499998,0.053711,27.414955,-114.228236,1
26490,151.875000,108.499998,0.053711,0.000000,0.000000,1
26500,151.875000,108.499998,0.053711,0.000000,0.000000,1
26510,151.875000,108.499998,0.053711,0.000000,0.000000,1
26520,151.875000,108.499998,0.053711,0.000000,0.000000,1
26530,151.875000,108.499998,0.053711,0.000000,0.000000,1
26540,151.875000,108.499998,0.053711,0.000000,0.000000,1
26550,152.437507,108.624999,0.430664,57.622844,12.528752,1
26560,152.437507,108.624999,0.430664,0.000000,0.000000,1
26570,153.450007,108.750000,0.478516,102.018699,7.037994,1
26580,155.137507,108.874998,0.551758,169.212316,4.236330,1
26590,155.137507,108.874998,0.551758,0.000000,0.000000,1
26600,157.950000,108.624999,0.630859,282.358233,-5.079601,1
26610,157.950000,108.624999,0.630859,0.000000,0.000000,1
26620,159.525007,108.375000,0.661133,159.472448,-9.019250,1
26630,160.537507,108.124998,0.664063,104.290805,-13.869788,1
26640,160.537507,108.124998,0.664063,0.000000,0.000000,1
26650,160.987500,108.000000,0.666016,46.703142,-15.524111,1
26660,160.987500,108.000000,0.666016,0.000000,0.000000,1
26670,161.550007,107.749998,0.666016,61.556066,-23.962392,1
26680,161.550007,107.625000,0.607422,12.499809,-90.000000,1
26690,161.550007,107.625000,0.607422,0.000000,0.000000,1
26700,161.212507,107.625000,0.000000,33.750000,180.000000,0
26710,161.212507,107.625000,0.000000,0.000000,0.000000,0
26720,160.762503,107.625000,0.000000,45.000343,180.000000,0
26730,160.425003,107.625000,0.000000,33.750000,180.000000,0
26740,160.425003,107.625000,0.000000,0.000000,0.000000,0
26750,159.637500,107.499999,0.000000,79.736246,-170.980649,0
26760,159.637500,107.499999,0.000000,0.000000,0.000000,0
26770,159.187507,107.499999,0.000000,44.999313,180.000000,0
26780,158.737503,107.250000,0.000000,51.478405,-150.945674,0
26790,158.737503,107.250000,0.000000,0.000000,0.000000,0
26800,158.287500,106.875000,0.000000,58.577136,-140.194644,0
26810,158.287500,106.875000,0.000000,0.000000,0.000000,0
26820,157.387503,106.125000,0.000000,117.153481,-140.194321,0
26830,156.937500,105.874998,0.000000,51.478543,-150.945396,0
26840,156.937500,105.874998,0.000000,0.000000,0.000000,0
26850,156.487507,105.624999,0.000000,51.477504,-150.945118,0
26860,156.487507,105.624999,0.000000,0.000000,0.000000,0
26870,156.375003,105.499998,0.000000,16.817331,-131.987865,0
26880,156.150007,105.375000,0.000000,25.738683,-150.945396,0
26890,156.150007,105.375000,0.000000,0.000000,0.000000,0
26900,155.812507,105.124998,0.000000,42.000858,-143.470936,0
26910,155.812507,105.124998,0.000000,0.000000,0.000000,0
26920,155.700003,105.000000,0.000000,16.817118,-131.988517,0
26930,155.362503,104.749998,0.000000,42.000858,-143.470936,0
26940,155.362503,104.749998,0.000000,0.000000,0.000000,0
26950,155.137507,104.625000,0.000000,25.738683,-150.945396,0
26960,155.025003,104.625000,0.000000,11.250343,180.000000,0
26970,155.025003,104.625000,0.000000,0.000000,0.000000,0
26980,154.800007,104.499999,0.000000,25.738822,-150.944839,0
26990,154.800007,104.499999,0.000000,0.000000,0.000000,0
27000,154.687503,104.499999,0.000000,11.250343,180.000000,0
27010,154.687503,104.499999,0.000000,0.000000,0.000000,0
27020,154.462507,104.499999,0.000000,22.499657,180.000000,0
27030,154.350003,104.499999,0.000000,11.250343,180.000000,0
27040,154.350003,104.499999,0.000000,0.000000,0.000000,0
27050,154.350003,104.499999,0.000000,0.000000,0.000000,0
27060,154.350003,104.499999,0.000000,0.000000,0.000000,0
27070,154.350003,104.499999,0.000000,0.000000,0.000000,0
27080,154.125007,104.499999,0.000000,22.499657,180.000000,0
27090,154.125007,104.499999,0.000000,0.000000,0.000000,0
27100,154.012503,104.499999,0.000000,11.250343,180.000000,0
27110,154.012503,104.499999,0.000000,0.000000,0.000000,0
27120,154.012503,104.749998,0.000000,24.999905,90.000000,0
27130,154.012503,104.749998,0.000000,0.000000,0.000000,0
27140,154.012503,104.749998,0.000000,0.000000,0.000000,0
27150,154.012503,104.749998,0.000000,0.000000,0.000000,0
27160,154.012503,104.749998,0.000000,0.000000,0.000000,0
27170,154.012503,104.749998,0.044922,0.000000,0.000000,1
27180,154.012503,104.749998,0.044922,0.000000,0.000000,1
27190,154.012503,104.749998,0.044922,0.000000,0.000000,1
27200,154.012503,104.749998,0.044922,0.000000,0.000000,1
27210,154.012503,104.749998,0.044922,0.000000,0.000000,1
27220,154.012503,104.749998,0.044922,0.000000,0.000000,1
27230,154.012503,104.749998,0.044922,0.000000,0.000000,1
27240,154.012503,104.749998,0.044922,0.000000,0.000000,1
27250,153.675003,104.625000,0.560547,35.990384,-159.677148,1
27260,153.675003,104.625000,0.560547,0.000000,0.000000,1
27270,153.337503,104.374998,0.560547,42.000858,-143.470936,1
27280,152.437507,103.749999,0.552734,109.572699,-145.222107,1
27290,152.437507,103.749999,0.552734,0.000000,0.000000,1
27300,151.650003,103.249998,0.549805,93.282507,-147.587757,1
27310,151.650003,103.249998,0.549805,0.000000,0.000000,1
27320,150.975003,102.750000,0.549805,84.001375,-143.471249,1
27330,150.300003,102.375000,0.551758,77.217226,-150.945396,1
27340,150.300003,102.375000,0.551758,0.000000,0.000000,1
27350,149.850000,102.124998,0.571289,51.478543,-150.945396,1
27360,149.850000,102.124998,0.571289,0.000000,0.000000,1
27370,149.737507,102.124998,0.612305,11.249313,180.000000,1
27380,149.850000,102.124998,0.579102,11.249313,0.000000,1
27390,149.850000,102.124998,0.579102,0.000000,0.000000,1
27400,150.300003,102.124998,0.588867,45.000343,0.000000,1
27410,150.300003,102.124998,0.588867,0.000000,0.000000,1
27420,151.312503,102.249999,0.607422,102.018699,7.037994,1
27430,154.125007,102.750000,0.661133,285.660227,10.080605,1
27440,154.125007,102.750000,0.661133,0.000000,0.000000,1
27450,156.262500,102.874998,0.707031,214.114489,3.346778,1
27460,156.262500,102.874998,0.707031,0.000000,0.000000,1
27470,158.287500,102.999999,0.739258,202.885442,3.532321,1
27480,160.087503,102.999999,0.744141,180.000343,0.000000,1
27490,160.087503,102.999999,0.744141,0.000000,0.000000,1
27500,161.775003,102.874998,0.752930,169.212337,-4.236427,1
27510,162.112503,102.750000,0.751953,35.990384,-20.322852,1
27520,162.112503,102.750000,0.751953,0.000000,0.000000,1
27530,162.450003,102.624999,0.750977,35.990483,-20.323279,1
27540,162.450003,102.624999,0.750977,0.000000,0.000000,1
27550,162.562507,102.499998,0.753906,16.817331,-48.012135,1
27560,162.562507,102.499998,0.753906,0.000000,0.000000,1
