时间（ms）,X坐标（mm）,Y坐标（mm）,压力（0-1）,速度（mm/s）,角度（度）,落笔情况（1落笔/0抬笔）
0,59.400000,81.624996,0.162109,0.000000,0.000000,1
10,59.400000,81.624996,0.162109,0.000000,0.000000,1
20,59.400000,81.624996,0.162109,0.000000,0.000000,1
30,59.400000,81.624996,0.162109,0.000000,0.000000,1
40,59.400000,81.624996,0.162109,0.000000,0.000000,1
50,59.400000,81.624996,0.162109,0.000000,0.000000,1
60,59.400000,81.750000,0.407227,12.500381,90.000000,1
70,59.400000,81.750000,0.407227,0.000000,0.000000,1
80,59.400000,81.750000,0.407227,0.000000,0.000000,1
90,59.400000,81.624996,0.515625,12.500381,-90.000000,1
100,59.400000,81.624996,0.515625,0.000000,0.000000,1
110,59.400000,81.624996,0.515625,0.000000,0.000000,1
120,59.400000,81.499998,0.591797,12.499809,-90.000000,1
130,59.400000,81.499998,0.591797,0.000000,0.000000,1
140,59.625002,81.249996,0.662109,33.634317,-48.012788,1
150,59.737500,81.000000,0.681641,27.414222,-65.772255,1
160,59.737500,81.000000,0.681641,0.000000,0.000000,1
170,59.850003,80.749998,0.695313,27.414955,-65.771764,1
180,59.850003,80.749998,0.695313,0.000000,0.000000,1
190,59.850003,80.374998,0.708984,37.500000,-90.000000,1
200,59.850003,80.374998,0.708984,0.000000,0.000000,1
210,59.962502,79.999998,0.728516,39.151100,-73.300996,1
220,59.962502,79.624998,0.736328,37.500000,-90.000000,1
230,59.962502,79.624998,0.736328,0.000000,0.000000,1
240,60.075000,79.249998,0.744141,39.151100,-73.300996,1
250,60.075000,78.874998,0.750000,37.500000,-90.000000,1
260,60.075000,78.874998,0.750000,0.000000,0.000000,1
270,60.075000,78.249996,0.760742,62.500191,-90.000000,1
280,60.075000,78.249996,0.760742,0.000000,0.000000,1
290,60.075000,77.874996,0.765625,37.500000,-90.000000,1
300,60.075000,77.874996,0.765625,0.000000,0.000000,1
310,60.075000,77.499996,0.771484,37.500000,-90.000000,1
320,60.075000,77.250000,0.776367,24.999619,-90.000000,1
330,60.075000,77.250000,0.776367,0.000000,0.000000,1
340,60.075000,76.875000,0.780273,37.500000,-90.000000,1
350,60.075000,76.875000,0.780273,0.000000,0.000000,1
360,60.075000,76.374996,0.784180,50.000381,-90.000000,1
370,60.075000,75.999996,0.786133,37.500000,-90.000000,1
380,60.075000,75.999996,0.786133,0.000000,0.000000,1
390,60.075000,75.624996,0.790039,37.500000,-90.000000,1
400,60.075000,75.624996,0.790039,0.000000,0.000000,1
410,60.075000,75.375000,0.796875,24.999619,-90.000000,1
420,60.075000,74.749998,0.800781,62.500191,-90.000000,1
430,60.075000,74.749998,0.800781,0.000000,0.000000,1
440,60.075000,74.374998,0.806641,37.500000,-90.000000,1
450,60.075000,74.374998,0.806641,0.000000,0.000000,1
460,60.075000,73.999998,0.810547,37.500000,-90.000000,1
470,60.075000,73.749996,0.814453,25.000191,-90.000000,1
480,60.075000,73.749996,0.814453,0.000000,0.000000,1
490,60.075000,73.500000,0.816406,24.999619,-90.000000,1
500,60.075000,73.249998,0.819336,25.000191,-90.000000,1
510,60.075000,73.249998,0.819336,0.000000,0.000000,1
520,60.075000,72.874998,0.823242,37.500000,-90.000000,1
530,60.075000,72.874998,0.823242,0.000000,0.000000,1
540,60.075000,72.624996,0.823242,25.000191,-90.000000,1
550,60.075000,72.375000,0.823242,24.999619,-90.000000,1
560,60.075000,72.375000,0.823242,0.000000,0.000000,1
570,60.075000,72.124998,0.823242,25.000191,-90.000000,1
580,60.075000,72.124998,0.823242,0.000000,0.000000,1
590,60.075000,71.749998,0.825195,37.500000,-90.000000,1
600,60.075000,71.749998,0.825195,0.000000,0.000000,1
610,60.075000,71.499996,0.825195,25.000191,-90.000000,1
620,59.962502,71.250000,0.826172,27.414222,-114.227745,1
630,59.962502,71.250000,0.826172,0.000000,0.000000,1
640,59.962502,71.124996,0.823242,12.500381,-90.000000,1
650,59.962502,71.124996,0.823242,0.000000,0.000000,1
660,59.962502,70.999998,0.823242,12.499809,-90.000000,1
670,59.850003,70.875000,0.824219,16.816773,-131.987212,1
680,59.850003,70.875000,0.824219,0.000000,0.000000,1
690,59.850003,70.875000,0.824219,0.000000,0.000000,1
700,59.850003,70.875000,0.824219,0.000000,0.000000,1
710,59.850003,70.875000,0.824219,0.000000,0.000000,1
720,59.850003,70.999998,0.802734,12.499809,90.000000,1
730,59.850003,70.999998,0.802734,0.000000,0.000000,1
740,59.625002,71.374998,0.742188,43.732228,120.963949,1
750,59.512503,71.874996,0.726563,51.249776,102.680243,1
760,59.512503,71.874996,0.726563,0.000000,0.000000,1
770,59.512503,72.499998,0.710938,62.500191,90.000000,1
780,59.512503,72.499998,0.710938,0.000000,0.000000,1
790,59.400000,73.125000,0.686523,63.504678,100.204248,1
800,59.400000,73.749996,0.666992,62.499619,90.000000,1
810,59.400000,73.749996,0.666992,0.000000,0.000000,1
820,59.400000,74.874996,0.622070,112.500000,90.000000,1
830,59.400000,74.874996,0.622070,0.000000,0.000000,1
840,59.400000,75.750000,0.595703,87.500381,90.000000,1
850,59.400000,76.500000,0.576172,75.000000,90.000000,1
860,59.400000,76.500000,0.576172,0.000000,0.000000,1
870,59.400000,77.250000,0.543945,75.000000,90.000000,1
880,59.400000,77.250000,0.543945,0.000000,0.000000,1
890,59.512503,78.249996,0.543945,100.630482,83.580995,1
900,59.512503,78.249996,0.543945,0.000000,0.000000,1
910,59.512503,78.874998,0.541992,62.500191,90.000000,1
920,59.625002,79.500000,0.537109,63.504586,79.796209,1
930,59.625002,79.500000,0.537109,0.000000,0.000000,1
940,59.625002,80.124996,0.526367,62.499619,90.000000,1
950,59.625002,80.124996,0.526367,0.000000,0.000000,1
960,59.737500,80.749998,0.513672,63.504586,79.796209,1
970,59.850003,81.624996,0.512695,88.220105,82.673356,1
980,59.850003,81.624996,0.512695,0.000000,0.000000,1
990,59.850003,82.125000,0.512695,50.000381,90.000000,1
1000,59.962502,82.374996,0.523438,27.414222,65.772255,1
1010,59.962502,82.374996,0.523438,0.000000,0.000000,1
1020,59.962502,82.374996,0.523438,0.000000,0.000000,1
1030,59.962502,82.374996,0.523438,0.000000,0.000000,1
1040,59.962502,82.500000,0.527344,12.500381,90.000000,1
1050,59.962502,82.500000,0.527344,0.000000,0.000000,1
1060,59.962502,82.624998,0.000000,12.499809,90.000000,0
1070,59.962502,82.749996,0.000000,12.499809,90.000000,0
1080,59.962502,82.749996,0.000000,0.000000,0.000000,0
1090,59.962502,82.749996,0.000000,0.000000,0.000000,0
1100,59.962502,82.749996,0.000000,0.000000,0.000000,0
1110,60.075000,82.875000,0.000000,16.817199,48.014092,0
1120,60.075000,82.999998,0.000000,12.499809,90.000000,0
1130,60.075000,82.999998,0.000000,0.000000,0.000000,0
1140,60.637502,83.250000,0.000000,61.555596,23.962586,0
1150,60.637502,83.250000,0.000000,0.000000,0.000000,0
1160,61.425000,83.499996,0.000000,82.622735,17.612362,0
1170,62.212503,83.874996,0.000000,87.223085,25.463248,0
1180,62.212503,83.874996,0.000000,0.000000,0.000000,0
1190,63.000002,84.124998,0.000000,82.622908,17.612740,0
1200,64.012502,84.375000,0.000000,104.290805,13.869788,0
1210,64.012502,84.375000,0.000000,0.000000,0.000000,0
1220,64.462500,84.624996,0.000000,51.477815,29.054326,0
1230,64.462500,84.624996,0.000000,0.000000,0.000000,0
1240,64.350002,84.750000,0.000000,16.817199,131.985908,0
1250,64.350002,84.750000,0.000000,0.000000,0.000000,0
1260,64.462500,84.624996,0.000000,16.817199,-48.014092,0
1270,64.237503,84.124998,0.000000,54.828966,-114.227500,0
1280,64.237503,84.124998,0.000000,0.000000,0.000000,0
1290,62.775000,83.374998,0.000000,164.359858,-152.850373,0
1300,61.875003,83.250000,0.000000,90.863543,-172.092927,0
1310,61.875003,83.250000,0.000000,0.000000,0.000000,0
1320,61.087500,83.124996,0.000000,79.736291,-170.980446,0
1330,61.087500,83.124996,0.000000,0.000000,0.000000,0
1340,60.300002,82.875000,0.000000,82.622735,-162.387638,0
1350,59.625002,82.624998,0.000000,71.980966,-159.676721,0
1360,59.625002,82.624998,0.000000,0.000000,0.000000,0
1370,59.512503,82.500000,0.000000,16.816773,-131.987212,0
1380,59.512503,82.500000,0.000000,0.000000,0.000000,0
1390,59.512503,82.500000,0.000000,0.000000,0.000000,0
1400,59.287502,82.500000,0.000000,22.500172,180.000000,0
1410,59.287502,82.624998,0.000000,12.499809,90.000000,0
1420,59.400000,82.749996,0.000000,16.816773,48.012788,0
1430,59.400000,82.749996,0.000000,0.000000,0.000000,0
1440,59.400000,82.749996,0.000000,0.000000,0.000000,0
1450,59.625002,82.875000,0.000000,25.739411,29.055161,0
1460,59.625002,82.999998,0.000000,12.499809,90.000000,0
1470,59.625002,82.999998,0.000000,0.000000,0.000000,0
1480,59.625002,82.999998,0.000000,0.000000,0.000000,0
1490,59.625002,82.999998,0.000000,0.000000,0.000000,0
1500,59.512503,82.999998,0.000000,11.249828,180.000000,0
1510,59.512503,82.999998,0.000000,0.000000,0.000000,0
1520,59.287502,82.875000,0.000000,25.739133,-150.945953,0
1530,59.287502,82.875000,0.000000,0.000000,0.000000,0
1540,59.175003,82.875000,0.000000,11.249828,180.000000,0
1550,59.175003,82.875000,0.000000,0.000000,0.000000,0
1560,58.950002,82.875000,0.000000,22.500172,180.000000,0
1570,58.837503,82.875000,0.000000,11.249828,180.000000,0
1580,58.837503,82.875000,0.000000,0.000000,0.000000,0
1590,58.612502,82.875000,0.000000,22.500172,180.000000,0
1600,58.500003,82.875000,0.000000,11.249828,180.000000,0
1610,58.500003,82.875000,0.000000,0.000000,0.000000,0
1620,58.275002,82.875000,0.000000,22.500172,180.000000,0
1630,58.275002,82.875000,0.000000,0.000000,0.000000,0
1640,58.162503,82.875000,0.000000,11.249828,180.000000,0
1650,58.162503,82.875000,0.000000,0.000000,0.000000,0
1660,58.162503,82.875000,0.000000,0.000000,0.000000,0
1670,58.162503,82.875000,0.000000,0.000000,0.000000,0
1680,58.162503,82.875000,0.433594,0.000000,0.000000,1
1690,58.162503,82.875000,0.433594,0.000000,0.000000,1
1700,58.162503,82.875000,0.433594,0.000000,0.000000,1
1710,58.162503,82.875000,0.433594,0.000000,0.000000,1
1720,58.162503,82.875000,0.433594,0.000000,0.000000,1
1730,58.162503,82.875000,0.433594,0.000000,0.000000,1
1740,58.387500,82.749996,0.639648,25.738960,-29.055718,1
1750,58.837503,82.749996,0.700195,45.000343,0.000000,1
1760,58.837503,82.749996,0.700195,0.000000,0.000000,1
1770,59.400000,82.749996,0.735352,56.249657,0.000000,1
1780,59.400000,82.749996,0.735352,0.000000,0.000000,1
1790,59.962502,82.749996,0.759766,56.250172,0.000000,1
1800,60.862503,82.749996,0.772461,90.000172,0.000000,1
1810,60.862503,82.749996,0.772461,0.000000,0.000000,1
1820,61.425000,82.749996,0.777344,56.249657,0.000000,1
1830,61.425000,82.749996,0.777344,0.000000,0.000000,1
1840,62.100000,82.749996,0.788086,67.500000,0.000000,1
1850,62.775000,82.875000,0.796875,68.647721,10.491790,1
1860,62.775000,82.875000,0.796875,0.000000,0.000000,1
1870,63.450000,82.875000,0.798828,67.500000,0.000000,1
1880,63.450000,82.875000,0.798828,0.000000,0.000000,1
1890,64.462500,82.875000,0.808594,101.250000,0.000000,1
1900,65.137500,82.999998,0.810547,68.647616,10.491320,1
1910,65.137500,82.999998,0.810547,0.000000,0.000000,1
1920,65.700002,82.999998,0.812500,56.250172,0.000000,1
1930,65.700002,82.999998,0.812500,0.000000,0.000000,1
1940,66.150000,82.999998,0.815430,44.999828,0.000000,1
1950,66.937503,83.124996,0.820313,79.736201,9.019148,1
1960,66.937503,83.124996,0.820313,0.000000,0.000000,1
1970,67.387502,83.124996,0.822266,44.999828,0.000000,1
1980,67.387502,83.124996,0.822266,0.000000,0.000000,1
1990,67.837500,83.124996,0.823242,44.999828,0.000000,1
2000,68.287503,83.124996,0.823242,45.000343,0.000000,1
2010,68.287503,83.124996,0.823242,0.000000,0.000000,1
2020,68.737502,83.124996,0.825195,44.999828,0.000000,1
2030,68.737502,83.124996,0.825195,0.000000,0.000000,1
2040,69.075002,83.124996,0.825195,33.750000,0.000000,1
2050,69.187500,83.124996,0.825195,11.249828,0.000000,1
2060,69.187500,83.124996,0.825195,0.000000,0.000000,1
2070,69.412502,83.124996,0.825195,22.500172,0.000000,1
2080,69.412502,83.124996,0.825195,0.000000,0.000000,1
2090,69.637503,83.124996,0.825195,22.500172,0.000000,1
2100,69.975003,82.999998,0.823242,35.990384,-20.322852,1
2110,69.975003,82.999998,0.823242,0.000000,0.000000,1
2120,70.087502,82.999998,0.820313,11.249828,0.000000,1
2130,70.087502,82.999998,0.820313,0.000000,0.000000,1
2140,70.200000,82.875000,0.810547,16.816773,-48.012788,1
2150,70.312503,82.875000,0.806641,11.250343,0.000000,1
2160,70.312503,82.875000,0.806641,0.000000,0.000000,1
2170,70.312503,82.749996,0.806641,12.500381,-90.000000,1
2180,70.312503,82.749996,0.806641,0.000000,0.000000,1
2190,70.425002,82.624998,0.805664,16.816773,-48.012788,1
2200,70.425002,82.374996,0.807617,25.000191,-90.000000,1
2210,70.425002,82.374996,0.807617,0.000000,0.000000,1
2220,70.425002,82.125000,0.807617,24.999619,-90.000000,1
2230,70.425002,82.125000,0.807617,0.000000,0.000000,1
2240,70.200000,81.750000,0.808594,43.732228,-120.963949,1
2250,69.862500,81.124998,0.810547,71.030531,-118.368973,1
2260,69.862500,81.124998,0.810547,0.000000,0.000000,1
2270,69.525000,80.625000,0.811523,60.324484,-124.019451,1
2280,69.525000,80.625000,0.811523,0.000000,0.000000,1
2290,69.187500,79.999998,0.811523,71.030531,-118.368973,1
2300,68.850000,79.500000,0.811523,60.324484,-124.019451,1
2310,68.850000,79.500000,0.811523,0.000000,0.000000,1
2320,68.400002,78.874998,0.811523,77.014663,-125.753701,1
2330,68.400002,78.874998,0.811523,0.000000,0.000000,1
2340,67.950003,78.375000,0.809570,67.267864,-131.987212,1
2350,67.275003,77.625000,0.807617,100.902180,-131.987212,1
2360,67.275003,77.625000,0.807617,0.000000,0.000000,1
2370,66.937503,77.124996,0.807617,60.324959,-124.019147,1
2380,66.937503,77.124996,0.807617,0.000000,0.000000,1
2390,66.487500,76.749996,0.807617,58.577136,-140.194644,1
2400,66.150000,76.249998,0.807617,60.324484,-124.019451,1
2410,66.150000,76.249998,0.807617,0.000000,0.000000,1
2420,65.587503,75.624996,0.807617,84.085062,-131.986952,1
2430,65.587503,75.624996,0.807617,0.000000,0.000000,1
2440,65.137500,75.124998,0.807617,67.268208,-131.987539,1
2450,64.687502,74.749998,0.807617,58.576741,-140.194321,1
2460,64.687502,74.749998,0.807617,0.000000,0.000000,1
2470,64.237503,74.374998,0.809570,58.576741,-140.194321,1
2480,64.237503,74.374998,0.809570,0.000000,0.000000,1
2490,63.787500,73.875000,0.809570,67.268208,-131.987539,1
2500,63.112500,73.374996,0.809570,84.001715,-143.470936,1
2510,63.112500,73.374996,0.809570,0.000000,0.000000,1
2520,62.662502,72.999996,0.809570,58.576741,-140.194321,1
2530,62.662502,72.999996,0.809570,0.000000,0.000000,1
2540,62.212503,72.499998,0.808594,67.267864,-131.987212,1
2550,61.762500,72.124998,0.791992,58.577136,-140.194644,1
2560,61.762500,72.124998,0.791992,0.000000,0.000000,1
2570,61.087500,71.625000,0.778320,84.001375,-143.471249,1
2580,61.087500,71.625000,0.778320,0.000000,0.000000,1
2590,60.750000,71.499996,0.752930,35.990583,-159.676294,1
2600,60.412500,71.374998,0.727539,35.990384,-159.677148,1
2610,60.412500,71.374998,0.727539,0.000000,0.000000,1
2620,60.187503,71.250000,0.709961,25.738683,-150.945396,1
2630,60.187503,71.250000,0.709961,0.000000,0.000000,1
2640,60.075000,71.250000,0.698242,11.250343,180.000000,1
2650,59.962502,71.250000,0.695313,11.249828,180.000000,1
2660,59.962502,71.250000,0.695313,0.000000,0.000000,1
2670,59.850003,71.250000,0.692383,11.249828,180.000000,1
2680,59.850003,71.250000,0.692383,0.000000,0.000000,1
2690,59.850003,71.250000,0.692383,0.000000,0.000000,1
2700,59.850003,71.250000,0.692383,0.000000,0.000000,1
2710,59.850003,71.250000,0.692383,0.000000,0.000000,1
2720,59.850003,71.250000,0.692383,0.000000,0.000000,1
2730,59.850003,71.250000,0.692383,0.000000,0.000000,1
2740,59.962502,71.250000,0.682617,11.249828,0.000000,1
2750,60.300002,71.374998,0.689453,35.990384,20.322852,1
2760,60.300002,71.374998,0.689453,0.000000,0.000000,1
2770,60.862503,71.499996,0.693359,57.622279,12.528586,1
2780,60.862503,71.499996,0.693359,0.000000,0.000000,1
2790,61.537503,71.749998,0.703125,71.980966,20.323279,1
2800,62.662502,72.124998,0.719727,118.585249,18.434975,1
2810,62.662502,72.124998,0.719727,0.000000,0.000000,1
2820,63.562503,72.375000,0.724609,93.407925,15.524196,1
2830,63.562503,72.375000,0.724609,0.000000,0.000000,1
2840,64.350002,72.499998,0.724609,79.735693,9.019206,1
2850,65.250003,72.750000,0.735352,93.407925,15.524196,1
2860,65.250003,72.750000,0.735352,0.000000,0.000000,1
2870,66.262503,73.125000,0.740234,107.971350,20.323137,1
2880,66.262503,73.125000,0.740234,0.000000,0.000000,1
2890,66.937503,73.374996,0.744141,71.980768,20.322852,1
2900,67.500000,73.500000,0.744141,57.621900,12.529252,1
2910,67.500000,73.500000,0.744141,0.000000,0.000000,1
2920,67.837500,73.624998,0.748047,35.990384,20.322852,1
2930,67.837500,73.624998,0.748047,0.000000,0.000000,1
2940,68.175000,73.749996,0.751953,35.990384,20.322852,1
2950,68.737502,73.875000,0.766602,57.622403,12.529141,1
2960,68.737502,73.875000,0.766602,0.000000,0.000000,1
2970,69.075002,73.999998,0.769531,35.990384,20.322852,1
2980,69.075002,73.999998,0.769531,0.000000,0.000000,1
2990,69.412502,74.124996,0.771484,35.990384,20.322852,1
3000,69.750002,74.250000,0.770508,35.990583,20.323706,1
3010,69.750002,74.250000,0.770508,0.000000,0.000000,1
3020,70.200000,74.374998,0.770508,46.703638,15.523942,1
3030,70.200000,74.374998,0.770508,0.000000,0.000000,1
3040,70.425002,74.499996,0.770508,25.739133,29.054047,1
3050,70.537500,74.625000,0.770508,16.817199,48.014092,1
3060,70.537500,74.625000,0.770508,0.000000,0.000000,1
3070,70.537500,74.625000,0.770508,0.000000,0.000000,1
3080,70.537500,74.625000,0.770508,0.000000,0.000000,1
3090,70.650003,74.749998,0.772461,16.817118,48.011483,1
3100,70.650003,74.874996,0.706055,12.499809,90.000000,1
3110,70.650003,74.874996,0.706055,0.000000,0.000000,1
3120,70.537500,75.124998,0.000000,27.414955,114.228236,0
3130,70.537500,75.124998,0.000000,0.000000,0.000000,0
3140,70.425002,75.249996,0.000000,16.816773,131.987212,0
3150,70.312503,75.249996,0.000000,11.249828,180.000000,0
3160,70.312503,75.249996,0.000000,0.000000,0.000000,0
3170,70.312503,75.249996,0.000000,0.000000,0.000000,0
3180,70.312503,75.249996,0.000000,0.000000,0.000000,0
3190,70.312503,75.249996,0.000000,0.000000,0.000000,0
3200,70.537500,75.375000,0.000000,25.738960,29.055718,0
3210,70.537500,75.375000,0.000000,0.000000,0.000000,0
3220,70.875000,75.375000,0.000000,33.750000,0.000000,0
3230,70.875000,75.375000,0.000000,0.000000,0.000000,0
3240,71.662503,75.375000,0.000000,78.750343,0.000000,0
3250,71.662503,75.375000,0.000000,0.000000,0.000000,0
3260,71.662503,75.375000,0.000000,0.000000,0.000000,0
3270,71.662503,75.375000,0.000000,0.000000,0.000000,0
3280,71.662503,75.375000,0.000000,0.000000,0.000000,0
3290,71.662503,75.375000,0.000000,0.000000,0.000000,0
3300,71.662503,75.375000,0.000000,0.000000,0.000000,0
3310,71.662503,75.375000,0.000000,0.000000,0.000000,0
3320,71.662503,75.375000,0.000000,0.000000,0.000000,0
3330,71.662503,75.375000,0.000000,0.000000,0.000000,0
3340,71.662503,75.375000,0.000000,0.000000,0.000000,0
3350,71.662503,75.375000,0.000000,0.000000,0.000000,0
3360,71.662503,75.375000,0.000000,0.000000,0.000000,0
3370,71.662503,75.375000,0.000000,0.000000,0.000000,0
3380,71.662503,75.375000,0.000000,0.000000,0.000000,0
3390,71.662503,75.375000,0.000000,0.000000,0.000000,0
3400,71.662503,75.375000,0.000000,0.000000,0.000000,0
3410,62.550003,64.999998,0.000000,1380.863211,-131.293261,0
3420,62.325002,64.999998,0.000000,22.500172,180.000000,0
3430,62.325002,64.999998,0.000000,0.000000,0.000000,0
3440,62.212503,65.124996,0.000000,16.816773,131.987212,0
3450,62.212503,65.124996,0.000000,0.000000,0.000000,0
3460,62.100000,65.374998,0.000000,27.414955,114.228236,0
3470,62.100000,65.499996,0.000000,12.499809,90.000000,0
3480,62.100000,65.499996,0.000000,0.000000,0.000000,0
3490,61.987502,66.000000,0.000000,51.250334,102.680103,0
3500,62.212503,66.499998,0.000000,54.829177,65.772009,0
3510,62.212503,66.499998,0.000000,0.000000,0.000000,0
3520,62.662502,66.874998,0.000000,58.576741,39.805679,0
3530,62.662502,66.874998,0.000000,0.000000,0.000000,0
3540,62.775000,66.999996,0.000000,16.816773,48.012788,0
3550,63.225003,67.500000,0.000000,67.268633,48.012788,0
3560,63.225003,67.500000,0.000000,0.000000,0.000000,0
3570,63.675002,67.749996,0.000000,51.477815,29.054326,0
3580,63.675002,67.749996,0.000000,0.000000,0.000000,0
3590,64.012502,67.999998,0.000000,42.000858,36.529064,0
3600,64.012502,68.124996,0.000000,12.499809,90.000000,0
3610,64.012502,68.124996,0.000000,0.000000,0.000000,0
3620,64.125000,68.124996,0.000000,11.249828,0.000000,0
3630,64.125000,68.124996,0.000000,0.000000,0.000000,0
3640,64.012502,68.250000,0.000000,16.817199,131.985908,0
3650,63.675002,68.250000,0.000000,33.750000,180.000000,0
3660,63.675002,68.250000,0.000000,0.000000,0.000000,0
3670,63.225003,68.124996,0.000000,46.703791,-164.475382,0
3680,63.225003,68.124996,0.000000,0.000000,0.000000,0
3690,62.887503,67.999998,0.000000,35.990384,-159.677148,0
3700,62.437500,67.999998,0.000000,45.000343,180.000000,0
3710,62.437500,67.999998,0.000000,0.000000,0.000000,0
3720,61.987502,67.999998,0.000000,44.999828,180.000000,0
3730,61.987502,67.999998,0.000000,0.000000,0.000000,0
3740,61.875003,67.999998,0.000000,11.249828,180.000000,0
3750,61.650002,67.875000,0.000000,25.739133,-150.945953,0
3760,61.650002,67.875000,0.000000,0.000000,0.000000,0
3770,61.425000,67.875000,0.036133,22.500172,180.000000,1
3780,61.425000,67.875000,0.036133,0.000000,0.000000,1
3790,61.425000,67.875000,0.036133,0.000000,0.000000,1
3800,61.425000,67.875000,0.036133,0.000000,0.000000,1
3810,61.425000,67.875000,0.036133,0.000000,0.000000,1
3820,61.425000,67.875000,0.036133,0.000000,0.000000,1
3830,61.425000,67.875000,0.036133,0.000000,0.000000,1
3840,61.650002,67.875000,0.545898,22.500172,0.000000,1
3850,62.212503,67.875000,0.607422,56.250172,0.000000,1
3860,62.212503,67.875000,0.607422,0.000000,0.000000,1
3870,63.000002,67.875000,0.662109,78.749828,0.000000,1
3880,63.000002,67.875000,0.662109,0.000000,0.000000,1
3890,64.800000,67.999998,0.708984,180.433321,3.972439,1
3900,66.375002,68.250000,0.717773,159.471984,9.019380,1
3910,66.375002,68.250000,0.717773,0.000000,0.000000,1
3920,67.725002,68.374998,0.722656,135.577451,5.290001,1
3930,67.725002,68.374998,0.722656,0.000000,0.000000,1
3940,69.412502,68.625000,0.724609,170.591829,8.427032,1
3950,70.087502,68.749998,0.726563,68.647616,10.491320,1
3960,70.087502,68.749998,0.726563,0.000000,0.000000,1
3970,70.650003,68.874996,0.726563,57.622279,12.528586,1
3980,70.650003,68.874996,0.726563,0.000000,0.000000,1
3990,71.100002,69.000000,0.726563,46.703791,15.524618,1
4000,71.325003,69.000000,0.722656,22.500172,0.000000,1
4010,71.325003,69.000000,0.722656,0.000000,0.000000,1
4020,71.437502,69.000000,0.721680,11.249828,0.000000,1
4030,71.437502,69.000000,0.721680,0.000000,0.000000,1
4040,71.212500,68.874996,0.000000,25.739411,-150.944839,0
4050,70.987503,68.749998,0.000000,25.738683,-150.945396,0
4060,70.987503,68.749998,0.000000,0.000000,0.000000,0
4070,70.875000,68.625000,0.000000,16.817118,-131.988517,0
4080,70.875000,68.625000,0.000000,0.000000,0.000000,0
4090,70.537500,68.625000,0.000000,33.750000,180.000000,0
4100,70.537500,68.625000,0.000000,0.000000,0.000000,0
4110,70.425002,68.374998,0.000000,27.414744,-114.227255,0
4120,70.200000,68.250000,0.000000,25.739133,-150.945953,0
4130,70.200000,68.250000,0.000000,0.000000,0.000000,0
4140,69.412502,67.624998,0.000000,100.537601,-141.562553,0
4150,67.612503,66.375000,0.000000,219.145820,-145.222184,0
4160,67.612503,66.375000,0.000000,0.000000,0.000000,0
4170,64.237503,64.374996,0.000000,392.309065,-149.349284,0
4180,60.412500,61.500000,0.000000,478.500306,-143.070293,0
4190,60.412500,61.500000,0.000000,0.000000,0.000000,0
4200,58.275002,60.124998,0.000000,254.156038,-147.247785,0
4210,58.275002,60.124998,0.000000,0.000000,0.000000,0
4220,56.700000,59.250000,0.000000,180.173585,-150.945475,0
4230,55.687500,58.999998,0.000000,104.290805,-166.130212,0
4240,55.687500,58.999998,0.000000,0.000000,0.000000,0
4250,55.125003,58.749996,0.000000,61.555125,-156.037219,0
4260,55.125003,58.749996,0.000000,0.000000,0.000000,0
4270,54.900002,58.374996,0.000000,43.732228,-120.963949,0
4280,54.900002,58.374996,0.000000,0.000000,0.000000,0
4290,54.450003,58.249998,0.000000,46.703638,-164.476058,0
4300,54.450003,58.249998,0.000000,0.000000,0.000000,0
4310,54.337500,58.374996,0.000000,16.817118,131.988517,0
4320,54.337500,58.624998,0.000000,25.000191,90.000000,0
4330,54.337500,58.624998,0.000000,0.000000,0.000000,0
4340,54.337500,58.749996,0.000000,12.499809,90.000000,0
4350,54.225002,58.875000,0.000000,16.817199,131.985908,0
4360,54.225002,58.875000,0.000000,0.000000,0.000000,0
4370,54.112503,58.875000,0.000000,11.249828,180.000000,0
4380,54.112503,58.875000,0.000000,0.000000,0.000000,0
4390,53.775003,58.875000,0.000000,33.750000,180.000000,0
4400,53.437503,58.749996,0.000000,35.990583,-159.676294,0
4410,53.437503,58.749996,0.000000,0.000000,0.000000,0
4420,52.875002,58.624998,0.000000,57.622279,-167.471414,0
4430,52.875002,58.624998,0.000000,0.000000,0.000000,0
4440,52.762503,58.500000,0.000000,16.816773,-131.987212,0
4450,52.425003,58.500000,0.000000,33.750000,180.000000,0
4460,52.425003,58.500000,0.000000,0.000000,0.000000,0
4470,52.200002,58.500000,0.000000,22.500172,180.000000,0
4480,52.200002,58.500000,0.000000,0.000000,0.000000,0
4490,52.087503,58.624998,0.000000,16.816773,131.987212,0
4500,52.087503,58.624998,0.000000,0.000000,0.000000,0
4510,52.087503,58.624998,0.000000,0.000000,0.000000,0
4520,52.087503,58.624998,0.000000,0.000000,0.000000,0
4530,52.087503,58.624998,0.000000,0.000000,0.000000,0
4540,52.087503,58.624998,0.000000,0.000000,0.000000,0
4550,51.975000,58.624998,0.292969,11.250343,180.000000,1
4560,51.975000,58.624998,0.292969,0.000000,0.000000,1
4570,51.975000,58.624998,0.292969,0.000000,0.000000,1
4580,51.975000,58.624998,0.292969,0.000000,0.000000,1
4590,51.975000,58.624998,0.292969,0.000000,0.000000,1
4600,51.975000,58.624998,0.292969,0.000000,0.000000,1
4610,51.975000,58.624998,0.292969,0.000000,0.000000,1
4620,51.637500,58.249998,0.527344,50.451090,-131.987212,1
4630,51.637500,58.249998,0.527344,0.000000,0.000000,1
4640,51.637500,58.249998,0.527344,0.000000,0.000000,1
4650,51.862502,58.249998,0.544922,22.500172,0.000000,1
4660,51.862502,58.249998,0.544922,0.000000,0.000000,1
4670,52.200002,58.249998,0.570313,33.750000,0.000000,1
4680,52.200002,58.249998,0.570313,0.000000,0.000000,1
4690,52.762503,58.500000,0.589844,61.555596,23.962586,1
4700,53.662500,58.875000,0.638672,97.499683,22.619943,1
4710,53.662500,58.875000,0.638672,0.000000,0.000000,1
4720,56.137503,59.749998,0.661133,262.512165,19.470238,1
4730,56.137503,59.749998,0.661133,0.000000,0.000000,1
4740,57.712500,60.499998,0.677734,174.445240,25.463394,1
4750,59.062500,61.125000,0.687500,148.765836,24.842456,1
4760,59.062500,61.125000,0.687500,0.000000,0.000000,1
4770,60.300002,61.624998,0.701172,133.469419,22.000595,1
4780,61.537503,61.999998,0.725586,129.307212,16.858377,1
4790,61.537503,61.999998,0.725586,0.000000,0.000000,1
4800,63.225003,62.625000,0.753906,179.952317,20.323194,1
4810,63.225003,62.625000,0.753906,0.000000,0.000000,1
4820,64.462500,63.124998,0.765625,133.468942,22.000678,1
4830,64.462500,63.124998,0.765625,0.000000,0.000000,1
4840,65.475000,63.499998,0.774414,107.971350,20.323137,1
4850,66.375002,63.750000,0.780273,93.407925,15.524196,1
4860,66.375002,63.750000,0.780273,0.000000,0.000000,1
4870,68.175000,64.374996,0.790039,190.541703,19.148046,1
4880,68.175000,64.374996,0.790039,0.000000,0.000000,1
4890,69.412502,64.875000,0.800781,133.469634,22.000823,1
4900,70.425002,65.250000,0.805664,107.971350,20.323137,1
4910,70.425002,65.250000,0.805664,0.000000,0.000000,1
4920,71.325003,65.499996,0.806641,93.407772,15.523857,1
4930,71.887500,65.749998,0.809570,61.555125,23.962781,1
4940,71.887500,65.749998,0.809570,0.000000,0.000000,1
4950,72.900000,66.000000,0.809570,104.290805,13.869788,1
4960,72.900000,66.000000,0.809570,0.000000,0.000000,1
4970,73.462502,66.249996,0.812500,61.555363,23.962100,1
4980,73.912500,66.375000,0.812500,46.703791,15.524618,1
4990,73.912500,66.375000,0.812500,0.000000,0.000000,1
5000,74.250000,66.499998,0.816406,35.990384,20.322852,1
5010,74.250000,66.499998,0.816406,0.000000,0.000000,1
5020,74.587500,66.499998,0.825195,33.750000,0.000000,1
5030,75.037503,66.624996,0.835938,46.704134,15.523773,1
5040,75.037503,66.624996,0.835938,0.000000,0.000000,1
5050,75.262500,66.750000,0.843750,25.738960,29.055718,1
5060,75.262500,66.750000,0.843750,0.000000,0.000000,1
5070,75.375003,66.750000,0.846680,11.250343,0.000000,1
5080,75.375003,66.750000,0.846680,0.000000,0.000000,1
5090,75.375003,66.750000,0.846680,0.000000,0.000000,1
5100,75.037503,66.750000,0.000000,33.750000,180.000000,0
5110,75.037503,66.750000,0.000000,0.000000,0.000000,0
5120,73.912500,66.750000,0.000000,112.500343,180.000000,0
5130,72.450002,66.874998,0.000000,146.783029,175.114866,0
5140,72.450002,66.874998,0.000000,0.000000,0.000000,0
5150,71.100002,66.874998,0.000000,135.000000,180.000000,0
5160,71.100002,66.874998,0.000000,0.000000,0.000000,0
5170,69.750002,66.874998,0.000000,135.000000,180.000000,0
5180,69.750002,66.874998,0.000000,0.000000,0.000000,0
5190,68.625003,66.874998,0.000000,112.499828,180.000000,0
5200,67.950003,66.874998,0.000000,67.500000,180.000000,0
5210,67.950003,66.874998,0.000000,0.000000,0.000000,0
5220,67.837500,66.750000,0.000000,16.817118,-131.988517,0
5230,67.837500,66.750000,0.000000,0.000000,0.000000,0
5240,67.162500,66.499998,0.000000,71.980966,-159.676721,0
5250,66.825000,66.375000,0.000000,35.990384,-159.677148,0
5260,66.825000,66.375000,0.000000,0.000000,0.000000,0
5270,66.712502,66.000000,0.000000,39.151100,-106.699004,0
5280,66.712502,66.000000,0.000000,0.000000,0.000000,0
5290,66.712502,66.000000,0.000000,0.000000,0.000000,0
5300,66.712502,66.000000,0.000000,0.000000,0.000000,0
5310,66.712502,66.000000,0.000000,0.000000,0.000000,0
5320,66.712502,66.000000,0.000000,0.000000,0.000000,0
5330,66.712502,66.000000,0.000000,0.000000,0.000000,0
5340,66.600003,66.000000,0.000000,11.249828,180.000000,0
5350,66.600003,66.000000,0.000000,0.000000,0.000000,0
5360,66.600003,66.000000,0.000000,0.000000,0.000000,0
5370,66.600003,66.124998,0.000000,12.499809,90.000000,0
5380,66.600003,66.124998,0.000000,0.000000,0.000000,0
5390,66.600003,66.124998,0.000000,0.000000,0.000000,0
5400,66.600003,66.124998,0.000000,0.000000,0.000000,0
5410,66.600003,66.000000,0.000000,12.499809,-90.000000,0
5420,66.600003,66.000000,0.000000,0.000000,0.000000,0
5430,66.712502,65.874996,0.000000,16.817199,-48.014092,0
5440,66.712502,65.874996,0.000000,0.000000,0.000000,0
5450,66.825000,65.874996,0.000000,11.249828,0.000000,0
5460,67.050002,65.874996,0.000000,22.500172,0.000000,0
5470,67.162500,65.874996,0.000000,11.249828,0.000000,0
5480,67.162500,65.874996,0.000000,0.000000,0.000000,0
5490,67.387502,65.874996,0.000000,22.500172,0.000000,0
5500,67.500000,65.874996,0.000000,11.249828,0.000000,0
5510,67.500000,65.874996,0.423828,0.000000,0.000000,1
5520,67.500000,65.874996,0.423828,0.000000,0.000000,1
5530,67.500000,65.874996,0.423828,0.000000,0.000000,1
5540,67.500000,65.874996,0.423828,0.000000,0.000000,1
5550,67.500000,65.874996,0.423828,0.000000,0.000000,1
5560,67.500000,65.874996,0.423828,0.000000,0.000000,1
5570,67.387502,66.000000,0.650391,16.817199,131.985908,1
5580,67.162500,66.124998,0.656250,25.739133,150.945953,1
5590,67.162500,66.124998,0.656250,0.000000,0.000000,1
5600,67.050002,66.249996,0.657227,16.816773,131.987212,1
5610,67.050002,66.249996,0.657227,0.000000,0.000000,1
5620,66.600003,66.375000,0.659180,46.703791,164.475382,1
5630,66.262503,66.499998,0.659180,35.990384,159.677148,1
5640,66.262503,66.499998,0.659180,0.000000,0.000000,1
5650,66.037502,66.624996,0.662109,25.739133,150.945953,1
5660,66.037502,66.624996,0.662109,0.000000,0.000000,1
5670,65.700002,66.624996,0.662109,33.750000,180.000000,1
5680,65.700002,66.624996,0.662109,0.000000,0.000000,1
5690,65.475000,66.624996,0.664063,22.500172,180.000000,1
5700,65.362502,66.624996,0.664063,11.249828,180.000000,1
5710,65.362502,66.624996,0.664063,0.000000,0.000000,1
5720,65.250003,66.624996,0.664063,11.249828,180.000000,1
5730,65.250003,66.624996,0.664063,0.000000,0.000000,1
5740,65.137500,66.624996,0.666016,11.250343,180.000000,1
5750,65.025002,66.499998,0.676758,16.816773,-131.987212,1
5760,65.025002,66.499998,0.676758,0.000000,0.000000,1
5770,64.800000,66.249996,0.693359,33.634317,-131.987212,1
5780,64.575003,66.000000,0.707031,33.633547,-131.987212,1
5790,64.575003,66.000000,0.707031,0.000000,0.000000,1
5800,64.237503,65.499996,0.720703,60.324959,-124.019147,1
5810,64.237503,65.499996,0.720703,0.000000,0.000000,1
5820,63.787500,64.999998,0.736328,67.268208,-131.987539,1
5830,63.450000,64.249998,0.753906,82.243921,-114.227745,1
5840,63.450000,64.249998,0.753906,0.000000,0.000000,1
5850,62.887503,63.624996,0.776367,84.085062,-131.986952,1
5860,62.887503,63.624996,0.776367,0.000000,0.000000,1
5870,62.212503,62.499996,0.795898,131.196418,-120.963757,1
5880,61.762500,61.875000,0.802734,77.014500,-125.754260,1
5890,61.762500,61.875000,0.802734,0.000000,0.000000,1
5900,61.312502,60.999996,0.811523,98.393604,-117.215921,1
5910,61.312502,60.999996,0.811523,0.000000,0.000000,1
5920,60.525003,59.749998,0.826172,147.737902,-122.210911,1
5930,59.962502,58.875000,0.842773,104.020663,-122.735363,1
5940,59.962502,58.875000,0.842773,0.000000,0.000000,1
5950,59.400000,58.125000,0.861328,93.750103,-126.869982,1
5960,59.400000,58.125000,0.861328,0.000000,0.000000,1
5970,58.950002,57.375000,0.871094,87.464190,-120.963660,1
5980,58.500003,56.625000,0.881836,87.464190,-120.963660,1
5990,58.500003,56.625000,0.881836,0.000000,0.000000,1
6000,58.050000,56.124996,0.889648,67.268633,-131.987212,1
6010,58.050000,56.124996,0.889648,0.000000,0.000000,1
6020,57.375000,55.249998,0.893555,110.510030,-127.647681,1
6030,56.925002,54.750000,0.894531,67.267864,-131.987212,1
6040,56.925002,54.750000,0.894531,0.000000,0.000000,1
6050,56.362500,54.000000,0.894531,93.750103,-126.869982,1
6060,56.362500,54.000000,0.894531,0.000000,0.000000,1
6070,55.912502,53.374998,0.895508,77.014663,-125.753701,1
6080,55.237502,52.374996,0.895508,120.649443,-124.019299,1
6090,55.237502,52.374996,0.895508,0.000000,0.000000,1
6100,54.900002,51.750000,0.895508,71.030028,-118.369193,1
6110,54.900002,51.750000,0.895508,0.000000,0.000000,1
6120,54.450003,51.124998,0.895508,77.014663,-125.753701,1
6130,54.112503,50.499996,0.899414,71.030531,-118.368973,1
6140,54.112503,50.499996,0.899414,0.000000,0.000000,1
6150,53.775003,49.999998,0.899414,60.324484,-124.019451,1
6160,53.775003,49.999998,0.899414,0.000000,0.000000,1
6170,53.550002,49.624998,0.899414,43.732228,-120.963949,1
6180,53.550002,49.624998,0.899414,0.000000,0.000000,1
6190,53.550002,49.624998,0.899414,0.000000,0.000000,1
6200,53.550002,50.250000,0.091797,62.500191,90.000000,1
6210,53.550002,50.250000,0.000000,0.000000,0.000000,0
6220,53.550002,50.749998,0.000000,49.999809,90.000000,0
6230,54.675000,52.500000,0.000000,208.041530,57.264842,0
6240,54.675000,52.500000,0.000000,0.000000,0.000000,0
6250,55.575002,53.499996,0.000000,134.536072,48.012624,0
6260,55.575002,53.499996,0.000000,0.000000,0.000000,0
6270,55.575002,53.499996,0.000000,0.000000,0.000000,0
6280,55.575002,53.499996,0.000000,0.000000,0.000000,0
6290,55.575002,53.499996,0.000000,0.000000,0.000000,0
6300,55.575002,53.499996,0.000000,0.000000,0.000000,0
6310,55.575002,53.499996,0.000000,0.000000,0.000000,0
6320,55.575002,53.499996,0.000000,0.000000,0.000000,0
6330,55.575002,53.499996,0.000000,0.000000,0.000000,0
6340,55.575002,53.499996,0.000000,0.000000,0.000000,0
6350,55.575002,53.499996,0.000000,0.000000,0.000000,0
6360,55.575002,53.499996,0.000000,0.000000,0.000000,0
6370,55.575002,53.499996,0.000000,0.000000,0.000000,0
6380,55.575002,53.499996,0.000000,0.000000,0.000000,0
6390,55.575002,53.499996,0.000000,0.000000,0.000000,0
6400,55.575002,53.499996,0.000000,0.000000,0.000000,0
6410,55.575002,53.499996,0.000000,0.000000,0.000000,0
6420,55.575002,53.499996,0.000000,0.000000,0.000000,0
6430,55.575002,53.499996,0.000000,0.000000,0.000000,0
6440,55.575002,53.499996,0.000000,0.000000,0.000000,0
6450,55.575002,53.499996,0.000000,0.000000,0.000000,0
6460,55.575002,53.499996,0.000000,0.000000,0.000000,0
6470,55.575002,53.499996,0.000000,0.000000,0.000000,0
6480,55.575002,53.499996,0.000000,0.000000,0.000000,0
6490,55.575002,53.499996,0.000000,0.000000,0.000000,0
6500,55.575002,53.499996,0.000000,0.000000,0.000000,0
6510,55.575002,53.499996,0.000000,0.000000,0.000000,0
6520,54.562502,51.999996,0.000000,180.973928,-124.019350,0
6530,54.562502,52.624998,0.000000,62.500191,90.000000,0
6540,54.562502,52.624998,0.000000,0.000000,0.000000,0
6550,55.125003,53.625000,0.000000,114.734999,60.642218,0
6560,55.125003,53.625000,0.000000,0.000000,0.000000,0
6570,55.800003,54.124998,0.000000,84.001375,36.528751,0
6580,57.037500,54.124998,0.000000,123.749657,0.000000,0
6590,57.037500,54.124998,0.000000,0.000000,0.000000,0
6600,57.825003,55.249998,0.000000,137.323948,55.007862,0
6610,57.825003,55.249998,0.000000,0.000000,0.000000,0
6620,57.825003,55.500000,0.000000,25.000191,90.000000,0
6630,58.162503,55.875000,0.000000,50.451090,48.012788,0
6640,58.162503,55.875000,0.000000,0.000000,0.000000,0
6650,58.387500,56.124996,0.000000,33.633547,48.012788,0
6660,58.387500,56.124996,0.000000,0.000000,0.000000,0
6670,58.387500,56.374998,0.000000,25.000191,90.000000,0
6680,58.162503,56.625000,0.000000,33.633972,131.986560,0
6690,58.162503,56.625000,0.000000,0.000000,0.000000,0
6700,57.487503,56.749998,0.000000,68.647616,169.508680,0
6710,57.487503,56.749998,0.000000,0.000000,0.000000,0
6720,57.037500,56.749998,0.000000,45.000343,180.000000,0
6730,56.587502,56.749998,0.000000,44.999828,180.000000,0
6740,56.587502,56.749998,0.000000,0.000000,0.000000,0
6750,56.137503,56.625000,0.000000,46.703638,-164.476058,0
6760,56.137503,56.625000,0.000000,0.000000,0.000000,0
6770,55.462503,56.625000,0.000000,67.500000,180.000000,0
6780,55.125003,56.499996,0.000000,35.990583,-159.676294,0
6790,55.125003,56.499996,0.000000,0.000000,0.000000,0
6800,54.900002,56.499996,0.000000,22.500172,180.000000,0
6810,54.900002,56.499996,0.000000,0.000000,0.000000,0
6820,54.787503,56.374998,0.000000,16.816773,-131.987212,0
6830,54.562502,56.250000,0.000000,25.739133,-150.945953,0
6840,54.562502,56.250000,0.000000,0.000000,0.000000,0
6850,54.337500,56.124996,0.460938,25.739411,-150.944839,1
6860,54.337500,56.124996,0.460938,0.000000,0.000000,1
6870,54.337500,56.124996,0.460938,0.000000,0.000000,1
6880,54.337500,56.124996,0.460938,0.000000,0.000000,1
6890,54.337500,56.124996,0.460938,0.000000,0.000000,1
6900,54.562502,56.124996,0.681641,22.500172,0.000000,1
6910,54.562502,56.124996,0.681641,0.000000,0.000000,1
6920,55.012500,56.250000,0.737305,46.703791,15.524618,1
6930,55.687500,56.374998,0.766602,68.647616,10.491320,1
6940,55.687500,56.374998,0.766602,0.000000,0.000000,1
6950,56.475003,56.374998,0.783203,78.750343,0.000000,1
6960,56.475003,56.374998,0.783203,0.000000,0.000000,1
6970,57.375000,56.499996,0.790039,90.863543,7.907073,1
6980,58.725000,56.499996,0.800781,135.000000,0.000000,1
6990,58.725000,56.499996,0.800781,0.000000,0.000000,1
7000,59.625002,56.374998,0.810547,90.864053,-7.907029,1
7010,59.625002,56.374998,0.810547,0.000000,0.000000,1
7020,60.525003,56.250000,0.815430,90.864053,-7.907029,1
7030,61.200003,56.124996,0.818359,68.647721,-10.491790,1
7040,61.200003,56.124996,0.818359,0.000000,0.000000,1
7050,62.100000,55.875000,0.817383,93.407276,-15.523942,1
7060,62.100000,55.875000,0.817383,0.000000,0.000000,1
7070,62.662502,55.749996,0.819336,57.622403,-12.529141,1
7080,63.225003,55.624998,0.819336,57.622279,-12.528586,1
7090,63.225003,55.624998,0.819336,0.000000,0.000000,1
7100,63.787500,55.500000,0.820313,57.621776,-12.528697,1
7110,63.787500,55.500000,0.820313,0.000000,0.000000,1
7120,64.350002,55.374996,0.824219,57.622403,-12.529141,1
7130,65.362502,55.125000,0.829102,104.290668,-13.869483,1
7140,65.362502,55.125000,0.829102,0.000000,0.000000,1
7150,66.037502,54.999996,0.829102,68.647721,-10.491790,1
7160,66.037502,54.999996,0.829102,0.000000,0.000000,1
7170,66.712502,54.874998,0.831055,68.647616,-10.491320,1
7180,67.387502,54.750000,0.836914,68.647616,-10.491320,1
7190,67.387502,54.750000,0.836914,0.000000,0.000000,1
7200,68.400002,54.375000,0.843750,107.971350,-20.323137,1
7210,68.400002,54.375000,0.843750,0.000000,0.000000,1
7220,69.075002,54.249996,0.852539,68.647721,-10.491790,1
7230,69.750002,54.000000,0.855469,71.980768,-20.322852,1
7240,69.750002,54.000000,0.855469,0.000000,0.000000,1
7250,70.425002,53.749998,0.859375,71.980966,-20.323279,1
7260,70.425002,53.749998,0.859375,0.000000,0.000000,1
7270,71.100002,53.499996,0.864258,71.980966,-20.323279,1
7280,72.112502,53.124996,0.873047,107.971350,-20.323137,1
7290,72.112502,53.124996,0.873047,0.000000,0.000000,1
7300,72.675003,52.875000,0.875000,61.555363,-23.962100,1
7310,72.675003,52.875000,0.875000,0.000000,0.000000,1
7320,73.350003,52.624998,0.875977,71.980966,-20.323279,1
7330,73.912500,52.374996,0.877930,61.555125,-23.962781,1
7340,73.912500,52.374996,0.877930,0.000000,0.000000,1
7350,74.700003,51.999996,0.879883,87.223085,-25.463248,1
7360,74.700003,51.999996,0.879883,0.000000,0.000000,1
7370,75.150002,51.750000,0.881836,51.477815,-29.054326,1
7380,75.600000,51.499998,0.885742,51.478093,-29.054882,1
7390,75.600000,51.499998,0.885742,0.000000,0.000000,1
7400,76.050003,51.375000,0.892578,46.704134,-15.523773,1
7410,76.050003,51.375000,0.892578,0.000000,0.000000,1
7420,76.387503,51.124998,0.896484,42.000858,-36.529064,1
7430,76.725003,51.000000,0.904297,35.990384,-20.322852,1
7440,76.725003,51.000000,0.904297,0.000000,0.000000,1
7450,77.175002,50.749998,0.917969,51.478093,-29.054882,1
7460,77.175002,50.749998,0.917969,0.000000,0.000000,1
7470,77.400003,50.625000,0.920898,25.739133,-29.054047,1
7480,77.625000,50.499996,0.928711,25.738960,-29.055718,1
7490,77.625000,50.499996,0.928711,0.000000,0.000000,1
7500,77.850002,50.250000,0.934570,33.633891,-48.012135,1
7510,77.850002,50.250000,0.934570,0.000000,0.000000,1
7520,77.962500,50.124996,0.937500,16.817199,-48.014092,1
7530,78.075003,49.999998,0.941406,16.817118,-48.011483,1
7540,78.075003,49.999998,0.941406,0.000000,0.000000,1
7550,78.187502,49.875000,0.946289,16.816773,-48.012788,1
7560,78.187502,49.875000,0.946289,0.000000,0.000000,1
7570,78.412503,49.749996,0.949219,25.739411,-29.055161,1
7580,78.525002,49.624998,0.952148,16.816773,-48.012788,1
7590,78.525002,49.624998,0.952148,0.000000,0.000000,1
7600,78.637500,49.374996,0.952148,27.414744,-65.772745,1
7610,78.637500,49.374996,0.952148,0.000000,0.000000,1
7620,78.750003,49.374996,0.953125,11.250343,0.000000,1
7630,78.750003,49.249998,0.953125,12.499809,-90.000000,1
7640,78.750003,49.249998,0.953125,0.000000,0.000000,1
7650,78.975000,49.125000,0.936523,25.738683,-29.054604,1
7660,78.975000,49.125000,0.936523,0.000000,0.000000,1
7670,79.087503,48.999996,0.901367,16.817543,-48.012788,1
7680,79.312500,48.874998,0.840820,25.738683,-29.054604,1
7690,79.312500,48.874998,0.840820,0.000000,0.000000,1
7700,79.425003,48.874998,0.000000,11.250343,0.000000,0
7710,79.425003,48.874998,0.000000,0.000000,0.000000,0
7720,79.312500,48.999996,0.000000,16.817118,131.988517,0
7730,79.200002,49.374996,0.000000,39.151100,106.699004,0
7740,79.200002,49.374996,0.000000,0.000000,0.000000,0
7750,78.975000,50.250000,0.000000,90.346967,104.420818,0
7760,78.975000,50.250000,0.000000,0.000000,0.000000,0
7770,78.975000,50.250000,0.000000,0.000000,0.000000,0
7780,78.975000,50.250000,0.000000,0.000000,0.000000,0
7790,78.975000,50.250000,0.000000,0.000000,0.000000,0
7800,78.975000,50.250000,0.000000,0.000000,0.000000,0
7810,78.975000,50.250000,0.000000,0.000000,0.000000,0
7820,78.975000,50.250000,0.000000,0.000000,0.000000,0
7830,78.975000,50.250000,0.000000,0.000000,0.000000,0
7840,78.975000,50.250000,0.000000,0.000000,0.000000,0
7850,78.975000,50.250000,0.000000,0.000000,0.000000,0
7860,78.975000,50.250000,0.000000,0.000000,0.000000,0
7870,78.975000,50.250000,0.000000,0.000000,0.000000,0
7880,78.975000,50.250000,0.000000,0.000000,0.000000,0
7890,78.975000,50.250000,0.000000,0.000000,0.000000,0
7900,78.975000,50.250000,0.000000,0.000000,0.000000,0
7910,78.975000,50.250000,0.000000,0.000000,0.000000,0
7920,78.975000,50.250000,0.000000,0.000000,0.000000,0
7930,78.975000,50.250000,0.000000,0.000000,0.000000,0
7940,78.975000,50.250000,0.000000,0.000000,0.000000,0
7950,78.975000,50.250000,0.000000,0.000000,0.000000,0
7960,78.975000,50.250000,0.000000,0.000000,0.000000,0
7970,78.975000,50.250000,0.000000,0.000000,0.000000,0
7980,78.975000,50.250000,0.000000,0.000000,0.000000,0
7990,78.975000,50.250000,0.000000,0.000000,0.000000,0
8000,78.975000,50.250000,0.000000,0.000000,0.000000,0
8010,78.975000,50.250000,0.000000,0.000000,0.000000,0
8020,78.975000,50.250000,0.000000,0.000000,0.000000,0
8030,78.975000,50.250000,0.000000,0.000000,0.000000,0
8040,78.975000,50.250000,0.000000,0.000000,0.000000,0
8050,78.975000,50.250000,0.000000,0.000000,0.000000,0
8060,78.975000,50.250000,0.000000,0.000000,0.000000,0
8070,78.975000,50.250000,0.000000,0.000000,0.000000,0
8080,78.975000,50.250000,0.000000,0.000000,0.000000,0
8090,78.975000,50.250000,0.000000,0.000000,0.000000,0
8100,78.975000,50.250000,0.000000,0.000000,0.000000,0
8110,78.975000,50.250000,0.000000,0.000000,0.000000,0
8120,78.975000,50.250000,0.000000,0.000000,0.000000,0
8130,78.975000,50.250000,0.000000,0.000000,0.000000,0
8140,78.975000,50.250000,0.000000,0.000000,0.000000,0
8150,91.687507,78.624996,0.000000,3109.257531,65.866765,0
8160,91.687507,78.624996,0.000000,0.000000,0.000000,0
8170,91.800000,78.624996,0.000000,11.249313,0.000000,0
8180,92.025007,78.624996,0.000000,22.500687,0.000000,0
8190,92.025007,78.624996,0.000000,0.000000,0.000000,0
8200,92.137500,78.624996,0.000000,11.249313,0.000000,0
8210,92.137500,78.624996,0.000000,0.000000,0.000000,0
8220,92.137500,78.624996,0.000000,0.000000,0.000000,0
8230,92.137500,78.624996,0.000000,0.000000,0.000000,0
8240,92.137500,78.624996,0.000000,0.000000,0.000000,0
8250,92.475000,78.624996,0.000000,33.750000,0.000000,0
8260,92.475000,78.624996,0.000000,0.000000,0.000000,0
8270,92.812500,78.624996,0.000000,33.750000,0.000000,0
8280,93.037507,78.624996,0.000000,22.500687,0.000000,0
8290,93.037507,78.624996,0.000000,0.000000,0.000000,0
8300,93.150000,78.375000,0.000000,27.414011,-65.773236,0
8310,93.150000,78.375000,0.000000,0.000000,0.000000,0
8320,93.375007,78.375000,0.000000,22.500687,0.000000,0
8330,93.375007,78.375000,0.000000,0.000000,0.000000,0
8340,93.487500,78.375000,0.000000,11.249313,0.000000,0
8350,93.487500,78.375000,0.000000,0.000000,0.000000,0
8360,93.487500,78.499998,0.000000,12.499809,90.000000,0
8370,93.487500,78.624996,0.000000,12.499809,90.000000,0
8380,93.487500,78.624996,0.000000,0.000000,0.000000,0
8390,93.487500,78.624996,0.000000,0.000000,0.000000,0
8400,93.600003,78.874998,0.000000,27.414955,65.771764,0
8410,93.600003,78.874998,0.000000,0.000000,0.000000,0
8420,93.600003,78.874998,0.000000,0.000000,0.000000,0
8430,93.600003,78.999996,0.000000,12.499809,90.000000,0
8440,93.600003,78.999996,0.000000,0.000000,0.000000,0
8450,93.487500,79.374996,0.000000,39.151248,106.699725,0
8460,93.487500,79.374996,0.000000,0.000000,0.000000,0
8470,93.487500,79.624998,0.000000,25.000191,90.000000,0
8480,93.375007,79.624998,0.000000,11.249313,180.000000,0
8490,93.375007,79.624998,0.000000,0.000000,0.000000,0
8500,93.375007,79.749996,0.000000,12.499809,90.000000,0
8510,93.375007,79.749996,0.000000,0.000000,0.000000,0
8520,93.262503,79.875000,0.533203,16.817543,131.987212,1
8530,93.262503,79.875000,0.533203,0.000000,0.000000,1
8540,93.262503,79.875000,0.533203,0.000000,0.000000,1
8550,93.262503,79.875000,0.533203,0.000000,0.000000,1
8560,93.262503,79.875000,0.533203,0.000000,0.000000,1
8570,93.262503,79.875000,0.533203,0.000000,0.000000,1
8580,93.262503,79.749996,0.714844,12.500381,-90.000000,1
8590,93.262503,79.749996,0.714844,0.000000,0.000000,1
8600,93.375007,79.500000,0.728516,27.414433,-65.771273,1
8610,93.375007,79.500000,0.728516,0.000000,0.000000,1
8620,93.375007,79.249998,0.742188,25.000191,-90.000000,1
8630,93.375007,78.999996,0.752930,25.000191,-90.000000,1
8640,93.375007,78.999996,0.752930,0.000000,0.000000,1
8650,93.375007,78.750000,0.755859,24.999619,-90.000000,1
8660,93.375007,78.750000,0.755859,0.000000,0.000000,1
8670,93.262503,78.375000,0.757813,39.151248,-106.699725,1
8680,92.925003,78.000000,0.758789,50.451090,-131.987212,1
8690,92.925003,78.000000,0.758789,0.000000,0.000000,1
8700,92.587503,77.499996,0.759766,60.324959,-124.019147,1
8710,92.137500,77.124996,0.762695,58.577136,-140.194644,1
8720,92.137500,77.124996,0.762695,0.000000,0.000000,1
8730,91.687507,76.624998,0.764648,67.267519,-131.986886,1
8740,91.687507,76.624998,0.764648,0.000000,0.000000,1
8750,91.012507,76.125000,0.774414,84.001375,-143.471249,1
8760,91.012507,76.125000,0.774414,0.000000,0.000000,1
8770,90.112500,75.499998,0.785156,109.573708,-145.222292,1
8780,89.437500,75.124998,0.793945,77.217226,-150.945396,1
8790,89.437500,75.124998,0.793945,0.000000,0.000000,1
8800,88.762500,74.749998,0.809570,77.217226,-150.945396,1
8810,88.762500,74.749998,0.809570,0.000000,0.000000,1
8820,87.750000,74.250000,0.813477,112.922732,-153.718676,1
8830,86.962507,73.875000,0.815430,87.222155,-154.536461,1
8840,86.962507,73.875000,0.815430,0.000000,0.000000,1
8850,86.287502,73.624998,0.817383,71.981449,-159.676863,1
8860,86.287502,73.624998,0.817383,0.000000,0.000000,1
8870,85.725000,73.374996,0.816406,61.555596,-156.037414,1
8880,85.275002,73.125000,0.810547,51.477815,-150.945674,1
8890,85.275002,73.125000,0.810547,0.000000,0.000000,1
8900,84.937502,72.999996,0.801758,35.990583,-159.676294,1
8910,84.487503,72.874998,0.784180,46.703638,-164.476058,1
8920,84.487503,72.874998,0.784180,0.000000,0.000000,1
8930,84.262502,72.874998,0.733398,22.500172,180.000000,1
8940,84.262502,72.874998,0.733398,0.000000,0.000000,1
8950,83.925002,72.750000,0.666992,35.990384,-159.677148,1
8960,83.812503,72.624996,0.627930,16.817199,-131.985908,1
8970,83.812503,72.624996,0.627930,0.000000,0.000000,1
8980,83.812503,72.624996,0.627930,0.000000,0.000000,1
8990,83.812503,72.624996,0.627930,0.000000,0.000000,1
9000,83.812503,72.624996,0.627930,0.000000,0.000000,1
9010,83.812503,72.624996,0.627930,0.000000,0.000000,1
9020,83.925002,72.624996,0.628906,11.249828,0.000000,1
9030,84.150003,72.624996,0.667969,22.500172,0.000000,1
9040,84.150003,72.624996,0.667969,0.000000,0.000000,1
9050,84.487503,72.624996,0.695313,33.750000,0.000000,1
9060,85.162503,72.499998,0.704102,68.647616,-10.491320,1
9070,85.162503,72.499998,0.704102,0.000000,0.000000,1
9080,85.500003,72.375000,0.705078,35.990384,-20.322852,1
9090,85.500003,72.375000,0.705078,0.000000,0.000000,1
9100,85.725000,72.375000,0.705078,22.499657,0.000000,1
9110,85.725000,72.375000,0.705078,0.000000,0.000000,1
9120,85.837503,72.249996,0.704102,16.817543,-48.012788,1
9130,85.950002,72.124998,0.714844,16.816773,-48.012788,1
9140,85.950002,72.124998,0.714844,0.000000,0.000000,1
9150,86.062500,71.874996,0.755859,27.414744,-65.772745,1
9160,86.062500,71.874996,0.755859,0.000000,0.000000,1
9170,86.062500,71.499996,0.773438,37.500000,-90.000000,1
9180,86.175003,70.999998,0.775391,51.249889,-77.319195,1
9190,86.175003,70.999998,0.775391,0.000000,0.000000,1
9200,86.175003,70.624998,0.788086,37.500000,-90.000000,1
9210,86.175003,69.750000,0.829102,87.499809,-90.000000,1
9220,86.175003,69.750000,0.829102,0.000000,0.000000,1
9230,86.175003,69.249996,0.836914,50.000381,-90.000000,1
9240,86.175003,69.249996,0.836914,0.000000,0.000000,1
9250,86.175003,68.749998,0.848633,49.999809,-90.000000,1
9260,86.175003,68.250000,0.852539,49.999809,-90.000000,1
9270,86.175003,68.250000,0.852539,0.000000,0.000000,1
9280,86.175003,67.624998,0.854492,62.500191,-90.000000,1
9290,86.175003,67.624998,0.854492,0.000000,0.000000,1
9300,86.175003,67.125000,0.857422,49.999809,-90.000000,1
9310,86.175003,67.125000,0.857422,0.000000,0.000000,1
9320,86.175003,66.624996,0.865234,50.000381,-90.000000,1
9330,86.175003,66.124998,0.867188,49.999809,-90.000000,1
9340,86.175003,66.124998,0.867188,0.000000,0.000000,1
9350,86.175003,65.625000,0.870117,49.999809,-90.000000,1
9360,86.062500,64.875000,0.877930,75.839107,-98.531022,1
9370,86.062500,64.875000,0.877930,0.000000,0.000000,1
9380,86.062500,64.249998,0.879883,62.500191,-90.000000,1
9390,86.062500,64.249998,0.879883,0.000000,0.000000,1
9400,86.062500,63.750000,0.880859,49.999809,-90.000000,1
9410,85.950002,63.249996,0.882813,51.250334,-102.680103,1
9420,85.950002,63.249996,0.882813,0.000000,0.000000,1
9430,85.950002,62.499996,0.882813,75.000000,-90.000000,1
9440,85.950002,62.499996,0.882813,0.000000,0.000000,1
9450,85.950002,62.250000,0.882813,24.999619,-90.000000,1
9460,85.950002,61.500000,0.882813,75.000000,-90.000000,1
9470,85.950002,61.500000,0.882813,0.000000,0.000000,1
9480,85.837503,60.999996,0.883789,51.250334,-102.680103,1
9490,85.837503,60.999996,0.883789,0.000000,0.000000,1
9500,85.837503,60.624996,0.883789,37.500000,-90.000000,1
9510,85.837503,60.375000,0.881836,24.999619,-90.000000,1
9520,85.837503,60.375000,0.881836,0.000000,0.000000,1
9530,85.837503,59.874996,0.883789,50.000381,-90.000000,1
9540,85.837503,59.874996,0.883789,0.000000,0.000000,1
9550,85.837503,59.625000,0.884766,24.999619,-90.000000,1
9560,85.837503,59.625000,0.884766,0.000000,0.000000,1
9570,85.725000,59.250000,0.883789,39.151248,-106.699725,1
9580,85.725000,58.749996,0.885742,50.000381,-90.000000,1
9590,85.725000,58.749996,0.885742,0.000000,0.000000,1
9600,85.612502,58.500000,0.884766,27.414222,-114.227745,1
9610,85.612502,58.500000,0.884766,0.000000,0.000000,1
9620,85.612502,58.249998,0.884766,25.000191,-90.000000,1
9630,85.612502,58.125000,0.883789,12.499809,-90.000000,1
9640,85.612502,58.125000,0.883789,0.000000,0.000000,1
9650,85.500003,57.999996,0.883789,16.817199,-131.985908,1
9660,85.500003,57.999996,0.883789,0.000000,0.000000,1
9670,85.500003,57.999996,0.883789,0.000000,0.000000,1
9680,85.500003,57.999996,0.883789,0.000000,0.000000,1
9690,85.500003,57.999996,0.883789,0.000000,0.000000,1
9700,85.500003,57.999996,0.883789,0.000000,0.000000,1
9710,85.500003,57.999996,0.883789,0.000000,0.000000,1
9720,85.500003,57.999996,0.883789,0.000000,0.000000,1
9730,85.500003,58.125000,0.836914,12.500381,90.000000,1
9740,85.500003,58.125000,0.836914,0.000000,0.000000,1
9750,85.500003,58.374996,0.784180,24.999619,90.000000,1
9760,85.500003,58.875000,0.771484,50.000381,90.000000,1
9770,85.500003,58.875000,0.771484,0.000000,0.000000,1
9780,85.500003,59.625000,0.730469,75.000000,90.000000,1
9790,85.500003,59.625000,0.730469,0.000000,0.000000,1
9800,85.612502,60.375000,0.672852,75.839031,81.469363,1
9810,85.725000,61.125000,0.612305,75.839031,81.469363,1
9820,85.725000,61.125000,0.612305,0.000000,0.000000,1
9830,85.950002,62.499996,0.557617,139.328399,80.706596,1
9840,85.950002,62.499996,0.557617,0.000000,0.000000,1
9850,85.950002,63.499998,0.539063,100.000191,90.000000,1
9860,86.062500,64.374996,0.539063,88.220039,82.673688,1
9870,86.062500,64.374996,0.539063,0.000000,0.000000,1
9880,86.175003,65.250000,0.544922,88.220672,82.673404,1
9890,86.175003,65.250000,0.544922,0.000000,0.000000,1
9900,86.287502,66.000000,0.561523,75.839031,81.469363,1
9910,86.400000,66.624996,0.584961,63.504023,79.796118,1
9920,86.400000,66.624996,0.584961,0.000000,0.000000,1
9930,86.625007,67.374996,0.616211,78.302496,73.300275,1
9940,86.625007,67.374996,0.616211,0.000000,0.000000,1
9950,86.737500,67.749996,0.650391,39.150952,73.301718,1
9960,86.962507,67.999998,0.668945,33.634661,48.012135,1
9970,86.962507,67.999998,0.668945,0.000000,0.000000,1
9980,87.300007,68.499996,0.693359,60.324484,55.980549,1
9990,87.300007,68.499996,0.693359,0.000000,0.000000,1
10000,87.637507,68.625000,0.721680,35.990583,20.323706,1
10010,88.087500,68.874996,0.736328,51.477365,29.054604,1
10020,88.087500,68.874996,0.736328,0.000000,0.000000,1
10030,88.650007,69.124998,0.755859,61.556066,23.962392,1
10040,88.650007,69.124998,0.755859,0.000000,0.000000,1
10050,89.100000,69.375000,0.773438,51.477643,29.055161,1
10060,89.887503,69.750000,0.788086,87.223085,25.463248,1
10070,89.887503,69.750000,0.788086,0.000000,0.000000,1
10080,90.337507,69.999996,0.798828,51.478266,29.054047,1
10090,90.337507,69.999996,0.798828,0.000000,0.000000,1
10100,91.012507,70.249998,0.807617,71.980966,20.323279,1
10110,91.687507,70.500000,0.841797,71.980966,20.323279,1
10120,91.687507,70.500000,0.841797,0.000000,0.000000,1
10130,92.925003,70.875000,0.855469,129.306719,16.858443,1
10140,92.925003,70.875000,0.855469,0.000000,0.000000,1
10150,93.712507,71.124996,0.862305,82.623226,17.612254,1
10160,94.500000,71.250000,0.864258,79.735274,9.019671,1
10170,94.500000,71.250000,0.864258,0.000000,0.000000,1
10180,95.062507,71.374998,0.867188,57.622782,12.528474,1
10190,95.062507,71.374998,0.867188,0.000000,0.000000,1
10200,95.737507,71.499996,0.875977,68.647616,10.491320,1
10210,96.750007,71.749998,0.890625,104.290805,13.869788,1
10220,96.750007,71.749998,0.890625,0.000000,0.000000,1
10230,97.312503,71.874996,0.900391,57.621776,12.528697,1
10240,97.312503,71.874996,0.900391,0.000000,0.000000,1
10250,97.875000,72.000000,0.909180,57.621900,12.529252,1
10260,97.875000,72.000000,0.909180,0.000000,0.000000,1
10270,98.325003,72.000000,0.915039,45.000343,0.000000,1
10280,98.662503,72.000000,0.916992,33.750000,0.000000,1
10290,98.662503,72.000000,0.916992,0.000000,0.000000,1
10300,99.112507,72.000000,0.921875,45.000343,0.000000,1
10310,99.337503,72.000000,0.928711,22.499657,0.000000,1
10320,99.337503,72.000000,0.928711,0.000000,0.000000,1
10330,99.675003,72.000000,0.932617,33.750000,0.000000,1
10340,99.675003,72.000000,0.932617,0.000000,0.000000,1
10350,99.900000,72.000000,0.932617,22.499657,0.000000,1
10360,99.900000,72.000000,0.932617,0.000000,0.000000,1
10370,99.900000,72.000000,0.932617,0.000000,0.000000,1
10380,99.900000,71.874996,0.924805,12.500381,-90.000000,1
10390,99.900000,71.874996,0.924805,0.000000,0.000000,1
10400,99.900000,71.874996,0.924805,0.000000,0.000000,1
10410,99.900000,71.874996,0.924805,0.000000,0.000000,1
10420,99.900000,71.874996,0.924805,0.000000,0.000000,1
10430,100.012503,71.749998,0.916016,16.817118,-48.011483,1
10440,100.012503,71.749998,0.916016,0.000000,0.000000,1
10450,100.125007,71.499996,0.912109,27.414955,-65.771764,1
10460,100.125007,71.374998,0.909180,12.499809,-90.000000,1
10470,100.125007,71.374998,0.909180,0.000000,0.000000,1
10480,100.125007,71.124996,0.906250,25.000191,-90.000000,1
10490,100.125007,71.124996,0.906250,0.000000,0.000000,1
10500,99.900000,70.875000,0.907227,33.634236,-131.988517,1
10510,99.675003,70.624998,0.907227,33.633972,-131.986560,1
10520,99.675003,70.624998,0.907227,0.000000,0.000000,1
10530,99.225000,70.249998,0.901367,58.577136,-140.194644,1
10540,99.225000,70.249998,0.901367,0.000000,0.000000,1
10550,98.775007,69.999996,0.892578,51.477643,-150.944839,1
10560,98.212500,69.750000,0.883789,61.555834,-156.038095,1
10570,98.212500,69.750000,0.883789,0.000000,0.000000,1
10580,97.650003,69.499998,0.878906,61.555125,-156.037219,1
10590,97.650003,69.499998,0.878906,0.000000,0.000000,1
10600,96.975003,69.249996,0.875000,71.980966,-159.676721,1
10610,96.637503,69.000000,0.872070,42.000517,-143.471563,1
10620,96.637503,69.000000,0.872070,0.000000,0.000000,1
10630,96.412507,69.000000,0.872070,22.499657,180.000000,1
10640,96.412507,69.000000,0.872070,0.000000,0.000000,1
10650,96.412507,68.874996,0.870117,12.500381,-90.000000,1
10660,96.300003,68.874996,0.867188,11.250343,180.000000,1
10670,96.300003,68.874996,0.867188,0.000000,0.000000,1
10680,96.187500,68.749998,0.861328,16.817118,-131.988517,1
10690,96.187500,68.749998,0.861328,0.000000,0.000000,1
10700,96.075007,68.749998,0.857422,11.249313,180.000000,1
10710,95.850000,68.499996,0.855469,33.634661,-131.987865,1
10720,95.850000,68.499996,0.855469,0.000000,0.000000,1
10730,95.737507,68.374998,0.853516,16.816429,-131.985908,1
10740,95.737507,68.374998,0.853516,0.000000,0.000000,1
10750,95.512500,68.124996,0.850586,33.634661,-131.987865,1
10760,95.512500,67.875000,0.848633,24.999619,-90.000000,1
10770,95.512500,67.875000,0.848633,0.000000,0.000000,1
10780,95.400007,67.749996,0.848633,16.816854,-131.984604,1
10790,95.400007,67.749996,0.848633,0.000000,0.000000,1
10800,95.287503,67.500000,0.848633,27.414433,-114.228727,1
10810,95.287503,67.249998,0.854492,25.000191,-90.000000,1
10820,95.287503,67.249998,0.854492,0.000000,0.000000,1
10830,95.062507,66.624996,0.858398,66.426714,-109.798542,1
10840,95.062507,66.624996,0.858398,0.000000,0.000000,1
10850,94.950003,66.249996,0.860352,39.151248,-106.699725,1
10860,94.950003,65.874996,0.860352,37.500000,-90.000000,1
10870,94.950003,65.874996,0.860352,0.000000,0.000000,1
10880,94.725007,65.499996,0.864258,43.731963,-120.963371,1
10890,94.725007,65.499996,0.864258,0.000000,0.000000,1
10900,94.612503,64.875000,0.868164,63.504114,-100.204340,1
10910,94.387507,64.374996,0.870117,54.829487,-114.227255,1
10920,94.387507,64.374996,0.870117,0.000000,0.000000,1
10930,94.275003,63.874998,0.871094,51.249889,-102.680805,1
10940,94.275003,63.874998,0.871094,0.000000,0.000000,1
10950,94.050007,63.499998,0.872070,43.731963,-120.963371,1
10960,93.937503,63.000000,0.870117,51.249889,-102.680805,1
10970,93.937503,63.000000,0.870117,0.000000,0.000000,1
10980,93.712507,62.499996,0.871094,54.829487,-114.227255,1
10990,93.712507,62.499996,0.871094,0.000000,0.000000,1
11000,93.487500,61.875000,0.874023,66.426525,-109.799545,1
11010,93.375007,61.374996,0.872070,51.250221,-102.679541,1
11020,93.375007,61.374996,0.872070,0.000000,0.000000,1
11030,93.262503,60.999996,0.873047,39.151248,-106.699725,1
11040,93.262503,60.999996,0.873047,0.000000,0.000000,1
11050,93.037507,60.499998,0.875977,54.828966,-114.227500,1
11060,92.925003,60.124998,0.877930,39.151248,-106.699725,1
11070,92.925003,60.124998,0.877930,0.000000,0.000000,1
11080,92.925003,59.749998,0.880859,37.500000,-90.000000,1
11090,92.925003,59.749998,0.880859,0.000000,0.000000,1
11100,92.812500,59.374998,0.883789,39.151248,-106.699725,1
11110,92.700007,58.999998,0.884766,39.150952,-106.698282,1
11120,92.700007,58.999998,0.884766,0.000000,0.000000,1
11130,92.700007,58.749996,0.885742,25.000191,-90.000000,1
11140,92.700007,58.749996,0.885742,0.000000,0.000000,1
11150,92.587503,58.249998,0.885742,51.249889,-102.680805,1
11160,92.587503,58.125000,0.886719,12.499809,-90.000000,1
11170,92.587503,58.125000,0.886719,0.000000,0.000000,1
11180,92.587503,57.874998,0.886719,25.000191,-90.000000,1
11190,92.587503,57.874998,0.886719,0.000000,0.000000,1
11200,92.587503,57.624996,0.887695,25.000191,-90.000000,1
11210,92.587503,57.624996,0.887695,0.000000,0.000000,1
11220,92.587503,57.624996,0.887695,0.000000,0.000000,1
11230,92.587503,57.624996,0.887695,0.000000,0.000000,1
11240,92.587503,57.624996,0.887695,0.000000,0.000000,1
11250,92.812500,57.874998,0.856445,33.633972,48.013440,1
11260,93.262503,58.374996,0.849609,67.268208,48.012461,1
11270,93.262503,58.374996,0.849609,0.000000,0.000000,1
11280,94.050007,59.124996,0.772461,108.750249,43.602694,1
11290,94.612503,60.000000,0.000000,104.020866,57.265046,0
11300,95.062507,61.125000,0.000000,121.166336,68.198440,0
11310,95.850000,63.000000,0.000000,203.365937,67.217773,0
11320,95.850000,63.000000,0.000000,0.000000,0.000000,0
11330,97.087507,64.875000,0.000000,224.656365,56.575043,0
11340,97.087507,64.875000,0.000000,0.000000,0.000000,0
11350,98.550000,66.624996,0.000000,228.065184,50.114085,0
11360,101.475007,69.249996,0.000000,393.017686,41.905875,0
11370,101.475007,69.249996,0.000000,0.000000,0.000000,0
11380,103.500007,70.999998,0.000000,267.640275,40.833526,0
11390,103.500007,70.999998,0.000000,0.000000,0.000000,0
11400,105.412503,72.750000,0.000000,259.232517,42.459615,0
11410,106.987500,74.250000,0.000000,217.499751,43.602881,0
11420,106.987500,74.250000,0.000000,0.000000,0.000000,0
11430,108.450003,75.624996,0.000000,200.736912,43.233583,0
11440,108.450003,75.624996,0.000000,0.000000,0.000000,0
11450,109.687500,77.374998,0.000000,214.333955,54.734337,0
11460,109.575007,77.250000,0.000000,16.816429,-131.985908,0
11470,109.575007,77.250000,0.000000,0.000000,0.000000,0
11480,109.237507,76.999998,0.000000,42.000858,-143.470936,0
11490,109.237507,76.999998,0.000000,0.000000,0.000000,0
11500,109.237507,77.124996,0.000000,12.499809,90.000000,0
11510,109.575007,78.375000,0.000000,129.476476,74.890469,0
11520,109.575007,78.375000,0.000000,0.000000,0.000000,0
11530,108.900007,78.874998,0.000000,84.001375,143.471249,0
11540,108.900007,78.874998,0.000000,0.000000,0.000000,0
11550,108.000000,79.125000,0.000000,93.408421,164.475889,0
11560,106.987500,79.125000,0.000000,101.250000,180.000000,0
11570,106.987500,79.125000,0.000000,0.000000,0.000000,0
11580,106.537507,78.624996,0.000000,67.267944,-131.986560,0
11590,106.537507,78.624996,0.000000,0.000000,0.000000,0
11600,106.425003,78.624996,0.000000,11.250343,180.000000,0
11610,106.425003,78.624996,0.000000,0.000000,0.000000,0
11620,106.425003,78.624996,0.000000,0.000000,0.000000,0
11630,106.425003,78.624996,0.000000,0.000000,0.000000,0
11640,106.425003,78.624996,0.000000,0.000000,0.000000,0
11650,106.537507,78.874998,0.000000,27.414955,65.771764,0
11660,106.537507,78.874998,0.000000,0.000000,0.000000,0
11670,106.537507,78.750000,0.000000,12.499809,-90.000000,0
11680,106.425003,78.750000,0.000000,11.250343,180.000000,0
11690,106.425003,78.750000,0.000000,0.000000,0.000000,0
11700,106.200007,78.624996,0.000000,25.738960,-150.944282,0
11710,106.087503,78.499998,0.000000,16.817118,-131.988517,0
11720,106.087503,78.499998,0.000000,0.000000,0.000000,0
11730,105.750003,78.375000,0.000000,35.990384,-159.677148,0
11740,105.750003,78.375000,0.000000,0.000000,0.000000,0
11750,105.750003,78.375000,0.000000,0.000000,0.000000,0
11760,105.525007,78.375000,0.000000,22.499657,180.000000,0
11770,105.525007,78.499998,0.000000,12.499809,90.000000,0
11780,105.525007,78.624996,0.000000,12.499809,90.000000,0
11790,105.525007,78.624996,0.000000,0.000000,0.000000,0
11800,105.637500,78.874998,0.000000,27.414532,65.773727,0
11810,105.862507,79.374996,0.000000,54.829388,65.771519,0
11820,105.975000,79.500000,0.245117,16.816854,48.015396,1
11830,105.975000,79.500000,0.245117,0.000000,0.000000,1
11840,105.975000,79.500000,0.245117,0.000000,0.000000,1
11850,105.975000,79.500000,0.245117,0.000000,0.000000,1
11860,105.975000,79.500000,0.245117,0.000000,0.000000,1
11870,105.975000,79.500000,0.245117,0.000000,0.000000,1
11880,105.975000,79.500000,0.245117,0.000000,0.000000,1
11890,105.975000,79.500000,0.245117,0.000000,0.000000,1
11900,105.975000,79.500000,0.245117,0.000000,0.000000,1
11910,105.750003,79.125000,0.640625,43.731963,-120.963371,1
11920,105.750003,79.125000,0.640625,0.000000,0.000000,1
11930,105.525007,78.624996,0.666016,54.829487,-114.227255,1
11940,105.525007,78.624996,0.666016,0.000000,0.000000,1
11950,105.300000,77.874996,0.694336,78.302496,-106.699725,1
11960,104.850007,76.875000,0.738281,109.657931,-114.227500,1
11970,104.850007,76.875000,0.738281,0.000000,0.000000,1
11980,104.512507,76.125000,0.750977,82.243921,-114.227745,1
11990,104.512507,76.125000,0.750977,0.000000,0.000000,1
12000,104.287500,75.375000,0.758789,78.302496,-106.699725,1
12010,103.950000,74.625000,0.767578,82.243921,-114.227745,1
12020,103.950000,74.625000,0.767578,0.000000,0.000000,1
12030,103.725003,73.875000,0.788086,78.302200,-106.699004,1
12040,103.725003,73.875000,0.788086,0.000000,0.000000,1
12050,103.275000,72.750000,0.808594,121.166336,-111.801560,1
12060,103.050003,72.124998,0.817383,66.426714,-109.798542,1
12070,103.050003,72.124998,0.817383,0.000000,0.000000,1
12080,102.825007,71.625000,0.818359,54.828966,-114.227500,1
12090,102.825007,71.625000,0.818359,0.000000,0.000000,1
12100,102.712503,71.250000,0.821289,39.151248,-106.699725,1
12110,102.600000,70.875000,0.821289,39.151248,-106.699725,1
12120,102.600000,70.875000,0.821289,0.000000,0.000000,1
12130,102.375003,70.249998,0.819336,66.426714,-109.798542,1
12140,102.375003,70.249998,0.819336,0.000000,0.000000,1
12150,102.150007,69.874998,0.819336,43.731963,-120.963371,1
12160,102.037503,69.499998,0.819336,39.151248,-106.699725,1
12170,102.037503,69.499998,0.819336,0.000000,0.000000,1
12180,102.037503,69.249996,0.819336,25.000191,-90.000000,1
12190,102.037503,69.249996,0.819336,0.000000,0.000000,1
12200,101.925000,68.874996,0.819336,39.151248,-106.699725,1
12210,101.925000,68.749998,0.819336,12.499809,-90.000000,1
12220,101.925000,68.749998,0.819336,0.000000,0.000000,1
12230,101.925000,68.749998,0.819336,0.000000,0.000000,1
12240,101.925000,68.749998,0.819336,0.000000,0.000000,1
12250,101.925000,68.749998,0.819336,0.000000,0.000000,1
12260,101.925000,68.874996,0.764648,12.499809,90.000000,1
12270,101.925000,68.874996,0.764648,0.000000,0.000000,1
12280,102.375003,69.624996,0.723633,87.464455,59.036051,1
12290,102.375003,69.624996,0.723633,0.000000,0.000000,1
12300,102.937500,70.749996,0.681641,125.778670,63.435089,1
12310,103.837507,72.249996,0.592773,174.928910,59.036051,1
12320,103.837507,72.249996,0.592773,0.000000,0.000000,1
12330,104.400003,73.249998,0.493164,114.734746,60.642443,1
12340,104.400003,73.249998,0.493164,0.000000,0.000000,1
12350,104.625000,73.875000,0.445313,66.426714,70.201458,1
12360,104.850007,74.250000,0.456055,43.732492,59.035472,1
12370,104.850007,74.250000,0.456055,0.000000,0.000000,1
12380,105.075003,74.625000,0.491211,43.731963,59.036629,1
12390,105.075003,74.625000,0.491211,0.000000,0.000000,1
12400,105.300000,75.000000,0.523438,43.731963,59.036629,1
12410,105.525007,75.375000,0.537109,43.732492,59.035472,1
12420,105.525007,75.375000,0.537109,0.000000,0.000000,1
12430,106.087503,75.750000,0.562500,67.603801,33.690229,1
12440,106.425003,75.999996,0.589844,42.000517,36.528437,1
12450,106.425003,75.999996,0.589844,0.000000,0.000000,1
12460,106.762503,76.125000,0.613281,35.990583,20.323706,1
12470,106.762503,76.125000,0.613281,0.000000,0.000000,1
12480,107.212507,76.374996,0.634766,51.478266,29.054047,1
12490,107.212507,76.374996,0.634766,0.000000,0.000000,1
12500,107.887507,76.624998,0.652344,71.980966,20.323279,1
12510,109.012500,76.875000,0.683594,115.243677,12.528974,1
12520,109.012500,76.875000,0.683594,0.000000,0.000000,1
12530,109.912507,77.124996,0.694336,93.408268,15.523773,1
12540,110.700000,77.250000,0.702148,79.735274,9.019671,1
12550,110.700000,77.250000,0.702148,0.000000,0.000000,1
12560,111.487503,77.374998,0.708984,79.736201,9.019148,1
12570,111.487503,77.374998,0.708984,0.000000,0.000000,1
12580,112.387500,77.499996,0.721680,90.863543,7.907073,1
12590,112.387500,77.499996,0.721680,0.000000,0.000000,1
12600,113.062500,77.625000,0.734375,68.647721,10.491790,1
12610,113.737500,77.749998,0.747070,68.647616,10.491320,1
12620,113.737500,77.749998,0.747070,0.000000,0.000000,1
12630,114.412500,77.749998,0.755859,67.500000,0.000000,1
12640,115.087500,77.749998,0.758789,67.500000,0.000000,1
12650,115.087500,77.749998,0.758789,0.000000,0.000000,1
12660,116.100000,77.874996,0.760742,102.018664,7.037834,1
12670,116.100000,77.874996,0.760742,0.000000,0.000000,1
12680,116.662507,77.874996,0.760742,56.250687,0.000000,1
12690,116.662507,77.874996,0.760742,0.000000,0.000000,1
12700,117.337507,77.874996,0.762695,67.500000,0.000000,1
12710,117.787500,77.874996,0.765625,44.999313,0.000000,1
12720,117.787500,77.874996,0.765625,0.000000,0.000000,1
12730,118.575003,77.874996,0.784180,78.750343,0.000000,1
12740,118.575003,77.874996,0.784180,0.000000,0.000000,1
12750,119.025007,77.874996,0.788086,45.000343,0.000000,1
12760,119.475000,77.874996,0.790039,44.999313,0.000000,1
12770,119.475000,77.874996,0.790039,0.000000,0.000000,1
12780,119.700007,77.874996,0.791992,22.500687,0.000000,1
12790,119.700007,77.874996,0.791992,0.000000,0.000000,1
12800,120.037507,77.749998,0.792969,35.990384,-20.322852,1
12810,120.150000,77.749998,0.799805,11.249313,0.000000,1
12820,120.150000,77.749998,0.799805,0.000000,0.000000,1
12830,120.262503,77.625000,0.810547,16.817118,-48.011483,1
12840,120.487500,77.499996,0.815430,25.738960,-29.055718,1
12850,120.487500,77.499996,0.815430,0.000000,0.000000,1
12860,120.712507,77.499996,0.816406,22.500687,0.000000,1
12870,120.712507,77.499996,0.816406,0.000000,0.000000,1
12880,120.825000,77.374998,0.816406,16.816429,-48.014092,1
12890,120.825000,77.374998,0.816406,0.000000,0.000000,1
12900,120.825000,77.250000,0.816406,12.499809,-90.000000,1
12910,120.825000,76.999998,0.820313,25.000191,-90.000000,1
12920,120.825000,76.999998,0.820313,0.000000,0.000000,1
12930,120.825000,76.624998,0.827148,37.500000,-90.000000,1
12940,120.712507,76.249998,0.828125,39.150952,-106.698282,1
12950,120.712507,76.249998,0.828125,0.000000,0.000000,1
12960,120.375007,75.499998,0.830078,82.243921,-114.227745,1
12970,120.375007,75.499998,0.830078,0.000000,0.000000,1
12980,120.150000,74.874996,0.835938,66.427063,-109.799378,1
12990,120.150000,74.874996,0.835938,0.000000,0.000000,1
13000,119.812500,74.374998,0.845703,60.324484,-124.019451,1
13010,119.475000,73.749996,0.854492,71.030531,-118.368973,1
13020,119.475000,73.749996,0.854492,0.000000,0.000000,1
13030,119.025007,73.125000,0.859375,77.013898,-125.753639,1
13040,119.025007,73.125000,0.859375,0.000000,0.000000,1
13050,118.462500,72.124998,0.862305,114.735251,-119.358006,1
13060,118.012507,71.625000,0.866211,67.267519,-131.986886,1
13070,118.012507,71.625000,0.866211,0.000000,0.000000,1
13080,117.562503,70.999998,0.869141,77.014964,-125.754012,1
13090,117.225003,70.500000,0.870117,60.324484,-124.019451,1
13100,117.225003,70.500000,0.870117,0.000000,0.000000,1
13110,116.550003,69.874998,0.872070,91.991977,-137.202511,1
13120,116.550003,69.874998,0.872070,0.000000,0.000000,1
13130,116.100000,69.499998,0.872070,58.577136,-140.194644,1
13140,115.537503,69.124998,0.870117,67.603801,-146.309771,1
13150,115.537503,69.124998,0.870117,0.000000,0.000000,1
13160,114.975007,68.625000,0.867188,75.259583,-138.366396,1
13170,114.975007,68.625000,0.867188,0.000000,0.000000,1
13180,114.300007,68.250000,0.866211,77.217226,-150.945396,1
13190,113.400000,67.875000,0.866211,97.500634,-157.380290,1
13200,113.400000,67.875000,0.866211,0.000000,0.000000,1
13210,112.950007,67.624998,0.867188,51.477643,-150.944839,1
13220,112.950007,67.624998,0.867188,0.000000,0.000000,1
13230,112.500003,67.500000,0.862305,46.704134,-164.476227,1
13240,112.162503,67.500000,0.830078,33.750000,180.000000,1
13250,112.162503,67.500000,0.830078,0.000000,0.000000,1
13260,112.050000,67.875000,0.000000,39.151248,106.699725,0
13270,112.050000,67.875000,0.000000,0.000000,0.000000,0
13280,112.162503,68.749998,0.000000,88.220105,82.673356,0
13290,112.162503,68.749998,0.000000,0.000000,0.000000,0
13300,112.837503,69.999996,0.000000,142.060559,61.630917,0
13310,114.075000,71.374998,0.000000,184.987243,48.012906,0
13320,114.075000,71.374998,0.000000,0.000000,0.000000,0
13330,115.425000,72.375000,0.000000,168.003090,36.528908,0
13340,117.112500,73.500000,0.000000,202.812259,33.690068,0
13350,117.112500,73.500000,0.000000,0.000000,0.000000,0
13360,117.000007,73.374996,0.000000,16.816854,-131.984604,0
13370,117.000007,73.374996,0.000000,0.000000,0.000000,0
13380,116.662507,73.249998,0.000000,35.990384,-159.677148,0
13390,116.775000,73.249998,0.000000,11.249313,0.000000,0
13400,116.775000,73.249998,0.000000,0.000000,0.000000,0
13410,117.000007,73.374996,0.000000,25.739583,29.053491,0
13420,117.000007,73.374996,0.000000,0.000000,0.000000,0
13430,117.000007,73.374996,0.000000,0.000000,0.000000,0
13440,117.000007,73.374996,0.000000,0.000000,0.000000,0
13450,117.000007,73.374996,0.000000,0.000000,0.000000,0
13460,117.000007,73.374996,0.000000,0.000000,0.000000,0
13470,117.000007,73.374996,0.000000,0.000000,0.000000,0
13480,117.000007,73.374996,0.000000,0.000000,0.000000,0
13490,117.000007,73.374996,0.000000,0.000000,0.000000,0
13500,117.000007,73.374996,0.000000,0.000000,0.000000,0
13510,117.000007,73.374996,0.000000,0.000000,0.000000,0
13520,105.975000,72.999996,0.000000,1103.138257,-178.051916,0
13530,105.862507,72.874998,0.000000,16.816429,-131.985908,0
13540,105.862507,72.874998,0.000000,0.000000,0.000000,0
13550,105.862507,72.750000,0.000000,12.499809,-90.000000,0
13560,105.975000,72.750000,0.000000,11.249313,0.000000,0
13570,105.975000,72.750000,0.000000,0.000000,0.000000,0
13580,106.425003,72.624996,0.000000,46.704287,-15.524449,0
13590,107.437503,72.499998,0.000000,102.018664,-7.037834,0
13600,107.437503,72.499998,0.000000,0.000000,0.000000,0
13610,108.562507,72.375000,0.000000,113.192634,-6.340077,0
13620,108.562507,72.375000,0.000000,0.000000,0.000000,0
13630,109.350000,72.375000,0.000000,78.749313,0.000000,0
13640,110.137503,72.499998,0.000000,79.736201,9.019148,0
13650,110.137503,72.499998,0.000000,0.000000,0.000000,0
13660,110.250007,72.499998,0.000000,11.250343,0.000000,0
13670,110.250007,72.499998,0.000000,0.000000,0.000000,0
13680,110.362500,72.499998,0.000000,11.249313,0.000000,0
13690,110.362500,72.499998,0.000000,0.000000,0.000000,0
13700,110.362500,72.375000,0.000000,12.499809,-90.000000,0
13710,110.250007,72.249996,0.000000,16.816854,-131.984604,0
13720,110.250007,72.249996,0.000000,0.000000,0.000000,0
13730,110.250007,72.124998,0.000000,12.499809,-90.000000,0
13740,110.137503,72.000000,0.000000,16.817118,-131.988517,0
13750,110.137503,72.000000,0.000000,0.000000,0.000000,0
13760,110.025000,71.749998,0.000000,27.414955,-114.228236,0
13770,110.025000,71.749998,0.000000,0.000000,0.000000,0
13780,109.800003,71.749998,0.000000,22.499657,180.000000,0
13790,109.800003,71.625000,0.000000,12.499809,-90.000000,0
13800,109.800003,71.625000,0.000000,0.000000,0.000000,0
13810,109.462503,71.374998,0.000000,42.000858,-143.470936,0
13820,109.462503,71.374998,0.000000,0.000000,0.000000,0
13830,109.462503,71.250000,0.000000,12.499809,-90.000000,0
13840,109.350000,71.250000,0.207031,11.250343,180.000000,1
13850,109.350000,71.250000,0.207031,0.000000,0.000000,1
13860,109.350000,71.250000,0.207031,0.000000,0.000000,1
13870,109.350000,71.250000,0.207031,0.000000,0.000000,1
13880,109.350000,71.250000,0.207031,0.000000,0.000000,1
13890,109.350000,71.250000,0.207031,0.000000,0.000000,1
13900,109.350000,71.250000,0.207031,0.000000,0.000000,1
13910,109.350000,71.374998,0.600586,12.499809,90.000000,1
13920,109.350000,71.374998,0.600586,0.000000,0.000000,1
13930,109.462503,71.625000,0.619141,27.414955,65.771764,1
13940,109.575007,72.000000,0.625000,39.151248,73.300275,1
13950,109.575007,72.000000,0.625000,0.000000,0.000000,1
13960,109.912507,72.499998,0.615234,60.324484,55.980549,1
13970,109.912507,72.499998,0.615234,0.000000,0.000000,1
13980,110.137503,72.750000,0.608398,33.633972,48.013440,1
13990,110.137503,72.750000,0.608398,0.000000,0.000000,1
14000,110.362500,72.999996,0.606445,33.633547,48.012788,1
14010,110.475003,73.125000,0.608398,16.817543,48.012788,1
14020,110.475003,73.125000,0.608398,0.000000,0.000000,1
14030,110.587507,73.125000,0.617188,11.250343,0.000000,1
14040,110.812503,73.125000,0.658203,22.499657,0.000000,1
14050,110.812503,73.125000,0.658203,0.000000,0.000000,1
14060,110.925007,73.125000,0.669922,11.250343,0.000000,1
14070,110.925007,73.125000,0.669922,0.000000,0.000000,1
14080,111.037500,72.999996,0.680664,16.816854,-48.015396,1
14090,111.037500,72.999996,0.680664,0.000000,0.000000,1
14100,111.150003,72.999996,0.682617,11.250343,0.000000,1
14110,111.262507,72.750000,0.696289,27.414433,-65.771273,1
14120,111.262507,72.750000,0.696289,0.000000,0.000000,1
14130,111.262507,72.499998,0.713867,25.000191,-90.000000,1
14140,111.262507,72.124998,0.727539,37.500000,-90.000000,1
14150,111.262507,72.124998,0.727539,0.000000,0.000000,1
14160,111.262507,71.749998,0.745117,37.500000,-90.000000,1
14170,111.262507,71.749998,0.745117,0.000000,0.000000,1
14180,111.037500,70.999998,0.772461,78.302496,-106.699725,1
14190,110.925007,70.500000,0.784180,51.249663,-102.679681,1
14200,110.925007,70.500000,0.784180,0.000000,0.000000,1
14210,110.700000,69.874998,0.791992,66.427063,-109.799378,1
14220,110.700000,69.874998,0.791992,0.000000,0.000000,1
14230,110.587507,69.249996,0.802734,63.504495,-100.203334,1
14240,110.362500,68.625000,0.813477,66.426525,-109.799545,1
14250,110.362500,68.625000,0.813477,0.000000,0.000000,1
14260,110.137503,67.500000,0.829102,114.727872,-101.309764,1
14270,110.137503,67.500000,0.829102,0.000000,0.000000,1
14280,109.800003,66.750000,0.842773,82.243921,-114.227745,1
14290,109.575007,66.124998,0.853516,66.426714,-109.798542,1
14300,109.575007,66.124998,0.853516,0.000000,0.000000,1
14310,109.350000,65.374998,0.862305,78.302496,-106.699725,1
14320,109.350000,65.374998,0.862305,0.000000,0.000000,1
14330,108.900007,64.374996,0.873047,109.658453,-114.227377,1
14340,108.787503,63.999996,0.874023,39.151248,-106.699725,1
14350,108.787503,63.999996,0.874023,0.000000,0.000000,1
14360,108.337500,63.000000,0.877930,109.658354,-114.227991,1
14370,108.337500,63.000000,0.877930,0.000000,0.000000,1
14380,108.000000,62.374998,0.882813,71.030531,-118.368973,1
14390,107.662500,61.749996,0.886719,71.030531,-118.368973,1
14400,107.662500,61.749996,0.886719,0.000000,0.000000,1
14410,107.100003,60.874998,0.893555,104.020385,-122.735124,1
14420,107.100003,60.874998,0.893555,0.000000,0.000000,1
14430,106.875007,60.375000,0.894531,54.828966,-114.227500,1
14440,106.650000,60.000000,0.896484,43.732492,-120.964528,1
14450,106.650000,60.000000,0.896484,0.000000,0.000000,1
14460,106.312500,59.499996,0.899414,60.324959,-124.019147,1
14470,106.312500,59.499996,0.899414,0.000000,0.000000,1
14480,105.862507,58.875000,0.904297,77.013898,-125.753639,1
14490,105.412503,58.500000,0.908203,58.577136,-140.194644,1
14500,105.412503,58.500000,0.908203,0.000000,0.000000,1
14510,105.075003,57.999996,0.908203,60.324959,-124.019147,1
14520,105.075003,57.999996,0.908203,0.000000,0.000000,1
14530,104.737503,57.624996,0.908203,50.451090,-131.987212,1
14540,104.287500,57.249996,0.910156,58.577136,-140.194644,1
14550,104.287500,57.249996,0.910156,0.000000,0.000000,1
14560,103.612500,56.874996,0.911133,77.217226,-150.945396,1
14570,103.612500,56.874996,0.911133,0.000000,0.000000,1
14580,103.275000,56.625000,0.911133,42.000517,-143.471563,1
14590,102.937500,56.499996,0.904297,35.990583,-159.676294,1
14600,102.937500,56.499996,0.904297,0.000000,0.000000,1
14610,102.825007,56.625000,0.863281,16.816854,131.984604,1
14620,102.825007,56.625000,0.863281,0.000000,0.000000,1
14630,102.712503,57.124998,0.730469,51.249889,102.680805,1
14640,102.825007,57.750000,0.000000,63.504678,79.795752,0
14650,102.825007,57.750000,0.000000,0.000000,0.000000,0
14660,103.275000,58.749996,0.000000,109.657931,65.772500,0
14670,103.275000,58.749996,0.000000,0.000000,0.000000,0
14680,104.062503,59.625000,0.000000,117.719724,48.012788,0
14690,105.637500,60.999996,0.000000,209.074836,41.121459,0
14700,105.637500,60.999996,0.000000,0.000000,0.000000,0
14710,108.675000,62.874996,0.000000,356.959819,31.686368,0
14720,108.675000,62.874996,0.000000,0.000000,0.000000,0
14730,110.475003,63.624996,0.000000,195.000317,22.619826,0
14740,111.712500,63.750000,0.000000,124.379408,5.768080,0
14750,111.712500,63.750000,0.000000,0.000000,0.000000,0
14760,112.500003,63.750000,0.000000,78.750343,0.000000,0
14770,112.500003,63.750000,0.000000,0.000000,0.000000,0
14780,112.725000,63.874998,0.000000,25.738683,29.054604,0
14790,113.062500,63.874998,0.000000,33.750000,0.000000,0
14800,113.062500,63.874998,0.000000,0.000000,0.000000,0
14810,113.400000,63.999996,0.000000,35.990384,20.322852,0
14820,113.400000,63.999996,0.000000,0.000000,0.000000,0
14830,113.400000,63.999996,0.000000,0.000000,0.000000,0
14840,113.400000,63.999996,0.000000,0.000000,0.000000,0
14850,113.400000,63.999996,0.000000,0.000000,0.000000,0
14860,113.737500,63.999996,0.000000,33.750000,0.000000,0
14870,113.737500,63.999996,0.000000,0.000000,0.000000,0
14880,113.850003,63.750000,0.000000,27.414433,-65.771273,0
14890,113.287507,63.000000,0.000000,93.749794,-126.869730,0
14900,113.287507,63.000000,0.000000,0.000000,0.000000,0
14910,112.162503,62.499996,0.000000,123.111191,-156.037414,0
14920,112.162503,62.499996,0.000000,0.000000,0.000000,0
14930,110.700000,62.250000,0.000000,148.371641,-170.299776,0
14940,109.237507,61.749996,0.000000,154.560344,-161.125234,0
14950,109.237507,61.749996,0.000000,0.000000,0.000000,0
14960,108.112503,61.249998,0.000000,123.110959,-156.037657,0
14970,108.112503,61.249998,0.000000,0.000000,0.000000,0
14980,107.550007,61.125000,0.000000,57.621776,-167.471303,0
14990,107.437503,61.125000,0.000000,11.250343,180.000000,0
15000,107.437503,61.125000,0.000000,0.000000,0.000000,0
15010,107.325000,61.374996,0.000000,27.414433,114.228727,0
15020,107.325000,61.374996,0.000000,0.000000,0.000000,0
15030,107.212507,61.749996,0.000000,39.150952,106.698282,0
15040,107.100003,61.999998,0.000000,27.414955,114.228236,0
15050,107.100003,61.999998,0.000000,0.000000,0.000000,0
15060,106.875007,62.124996,0.000000,25.738683,150.945396,0
15070,106.875007,62.124996,0.000000,0.000000,0.000000,0
15080,106.762503,62.124996,0.000000,11.250343,180.000000,0
15090,106.425003,62.124996,0.000000,33.750000,180.000000,0
15100,106.425003,62.124996,0.000000,0.000000,0.000000,0
15110,106.200007,62.124996,0.000000,22.499657,180.000000,0
15120,106.200007,62.124996,0.000000,0.000000,0.000000,0
15130,105.862507,62.124996,0.000000,33.750000,180.000000,0
15140,105.637500,61.999998,0.000000,25.739583,-150.946509,0
15150,105.637500,61.999998,0.000000,0.000000,0.000000,0
15160,105.300000,61.999998,0.000000,33.750000,180.000000,0
15170,105.300000,61.999998,0.000000,0.000000,0.000000,0
15180,105.075003,61.999998,0.000000,22.499657,180.000000,0
15190,104.737503,61.875000,0.444336,35.990384,-159.677148,1
15200,104.737503,61.875000,0.444336,0.000000,0.000000,1
15210,104.737503,61.875000,0.444336,0.000000,0.000000,1
15220,104.737503,61.875000,0.444336,0.000000,0.000000,1
15230,104.737503,61.875000,0.444336,0.000000,0.000000,1
15240,104.737503,61.875000,0.444336,0.000000,0.000000,1
15250,104.737503,61.875000,0.444336,0.000000,0.000000,1
15260,105.525007,62.124996,0.666992,82.623226,17.612254,1
15270,105.525007,62.124996,0.666992,0.000000,0.000000,1
15280,106.087503,62.250000,0.718750,57.621900,12.529252,1
15290,106.762503,62.250000,0.761719,67.500000,0.000000,1
15300,106.762503,62.250000,0.761719,0.000000,0.000000,1
15310,107.325000,62.250000,0.776367,56.249657,0.000000,1
15320,107.325000,62.250000,0.776367,0.000000,0.000000,1
15330,108.225007,62.250000,0.792969,90.000687,0.000000,1
15340,108.562507,62.124996,0.793945,35.990583,-20.323706,1
15350,108.562507,62.124996,0.793945,0.000000,0.000000,1
15360,108.900007,61.875000,0.797852,42.000517,-36.528437,1
15370,108.900007,61.875000,0.797852,0.000000,0.000000,1
15380,109.237507,61.749996,0.820313,35.990583,-20.323706,1
15390,109.800003,61.500000,0.845703,61.554893,-23.962294,1
15400,109.800003,61.500000,0.845703,0.000000,0.000000,1
15410,110.137503,61.374996,0.872070,35.990583,-20.323706,1
15420,110.137503,61.374996,0.872070,0.000000,0.000000,1
15430,110.475003,61.249998,0.880859,35.990384,-20.322852,1
15440,110.812503,60.999996,0.887695,42.000858,-36.529064,1
15450,110.812503,60.999996,0.887695,0.000000,0.000000,1
15460,111.150003,60.874998,0.903320,35.990384,-20.322852,1
15470,111.150003,60.874998,0.903320,0.000000,0.000000,1
15480,111.712500,60.499998,0.921875,67.603801,-33.690229,1
15490,112.050000,60.249996,0.930664,42.000858,-36.529064,1
15500,112.050000,60.249996,0.930664,0.000000,0.000000,1
15510,112.387500,60.000000,0.938477,42.000517,-36.528437,1
15520,112.387500,60.000000,0.938477,0.000000,0.000000,1
15530,112.612507,59.874996,0.942383,25.739861,-29.054604,1
15540,112.950007,59.625000,0.948242,42.000517,-36.528437,1
15550,112.950007,59.625000,0.948242,0.000000,0.000000,1
15560,113.287507,59.374998,0.956055,42.000858,-36.529064,1
15570,113.287507,59.374998,0.956055,0.000000,0.000000,1
15580,113.625007,59.124996,0.962891,42.000858,-36.529064,1
15590,113.962507,58.875000,0.968750,42.000517,-36.528437,1
15600,113.962507,58.875000,0.968750,0.000000,0.000000,1
15610,114.300007,58.624998,0.970703,42.000858,-36.529064,1
15620,114.300007,58.624998,0.970703,0.000000,0.000000,1
15630,114.525003,58.374996,0.970703,33.633972,-48.013440,1
15640,114.975007,58.125000,0.973633,51.478266,-29.054047,1
15650,114.975007,58.125000,0.973633,0.000000,0.000000,1
15660,115.200003,57.999996,0.973633,25.738960,-29.055718,1
15670,115.200003,57.999996,0.973633,0.000000,0.000000,1
15680,115.425000,57.750000,0.975586,33.633547,-48.012788,1
15690,115.762500,57.499998,0.975586,42.000858,-36.529064,1
15700,115.762500,57.499998,0.975586,0.000000,0.000000,1
15710,116.100000,57.249996,0.977539,42.000858,-36.529064,1
15720,116.100000,57.249996,0.977539,0.000000,0.000000,1
15730,116.550003,57.000000,0.978516,51.478266,-29.054047,1
15740,116.887503,56.749998,0.977539,42.000858,-36.529064,1
15750,116.887503,56.749998,0.977539,0.000000,0.000000,1
15760,117.225003,56.499996,0.977539,42.000858,-36.529064,1
15770,117.225003,56.499996,0.977539,0.000000,0.000000,1
15780,117.675007,56.250000,0.976563,51.478266,-29.054047,1
15790,118.237503,55.999998,0.977539,61.555125,-23.962781,1
15800,118.237503,55.999998,0.977539,0.000000,0.000000,1
15810,118.575003,55.875000,0.979492,35.990384,-20.322852,1
15820,118.575003,55.875000,0.979492,0.000000,0.000000,1
15830,118.800000,55.749996,0.978516,25.738960,-29.055718,1
15840,119.025007,55.624998,0.978516,25.739583,-29.053491,1
15850,119.025007,55.624998,0.978516,0.000000,0.000000,1
15860,119.362507,55.500000,0.977539,35.990384,-20.322852,1
15870,119.362507,55.500000,0.977539,0.000000,0.000000,1
15880,119.700007,55.374996,0.978516,35.990583,-20.323706,1
15890,119.925003,55.249998,0.978516,25.738683,-29.054604,1
15900,119.925003,55.249998,0.978516,0.000000,0.000000,1
15910,120.262503,55.125000,0.978516,35.990384,-20.322852,1
15920,120.262503,55.125000,0.978516,0.000000,0.000000,1
15930,120.487500,54.999996,0.979492,25.738960,-29.055718,1
15940,120.937503,54.874998,0.979492,46.704134,-15.523773,1
15950,120.937503,54.874998,0.979492,0.000000,0.000000,1
15960,121.162500,54.750000,0.979492,25.738683,-29.054604,1
15970,121.162500,54.750000,0.979492,0.000000,0.000000,1
15980,121.275003,54.750000,0.979492,11.250343,0.000000,1
15990,121.500000,54.750000,0.979492,22.499657,0.000000,1
16000,121.500000,54.750000,0.979492,0.000000,0.000000,1
16010,121.612503,54.750000,0.979492,11.250343,0.000000,1
16020,121.612503,54.750000,0.979492,0.000000,0.000000,1
16030,121.725007,54.750000,0.979492,11.250343,0.000000,1
16040,121.837500,54.750000,0.979492,11.249313,0.000000,1
16050,121.837500,54.750000,0.979492,0.000000,0.000000,1
16060,121.837500,54.750000,0.979492,0.000000,0.000000,1
16070,121.837500,54.750000,0.979492,0.000000,0.000000,1
16080,121.837500,54.750000,0.979492,0.000000,0.000000,1
16090,121.837500,54.750000,0.979492,0.000000,0.000000,1
16100,121.837500,54.750000,0.979492,0.000000,0.000000,1
16110,121.837500,54.750000,0.979492,0.000000,0.000000,1
16120,121.837500,54.750000,0.979492,0.000000,0.000000,1
16130,121.837500,54.750000,0.979492,0.000000,0.000000,1
16140,121.837500,54.750000,0.979492,0.000000,0.000000,1
16150,121.837500,54.750000,0.979492,0.000000,0.000000,1
16160,121.837500,54.750000,0.979492,0.000000,0.000000,1
16170,121.837500,54.750000,0.979492,0.000000,0.000000,1
16180,121.950003,54.874998,0.987305,16.817118,48.011483,1
16190,122.175000,55.500000,0.940430,66.426714,70.201458,1
16200,122.175000,55.500000,0.940430,0.000000,0.000000,1
16210,122.287503,55.999998,0.000000,51.249889,77.319195,0
16220,122.287503,55.999998,0.000000,0.000000,0.000000,0
16230,122.287503,56.499996,0.000000,49.999809,90.000000,0
16240,122.400007,56.749998,0.000000,27.414955,65.771764,0
16250,122.400007,56.749998,0.000000,0.000000,0.000000,0
16260,123.412507,57.750000,0.000000,142.308119,44.644185,0
16270,123.412507,57.750000,0.000000,0.000000,0.000000,0
16280,124.875000,58.125000,0.000000,150.980501,14.381459,0
16290,125.662503,58.125000,0.000000,78.750343,0.000000,0
16300,125.662503,58.125000,0.000000,0.000000,0.000000,0
16310,126.000003,58.500000,0.000000,50.451090,48.012788,0
16320,126.000003,58.500000,0.000000,0.000000,0.000000,0
16330,127.125007,59.374998,0.000000,142.522082,37.874838,0
16340,128.250000,60.249996,0.000000,142.521269,37.875093,0
16350,128.250000,60.249996,0.000000,0.000000,0.000000,0
16360,128.250000,60.249996,0.000000,0.000000,0.000000,0
16370,128.250000,60.249996,0.000000,0.000000,0.000000,0
16380,128.250000,60.249996,0.000000,0.000000,0.000000,0
16390,128.250000,60.249996,0.000000,0.000000,0.000000,0
16400,128.250000,60.249996,0.000000,0.000000,0.000000,0
16410,128.250000,60.249996,0.000000,0.000000,0.000000,0
16420,128.250000,60.249996,0.000000,0.000000,0.000000,0
16430,128.250000,60.249996,0.000000,0.000000,0.000000,0
16440,128.250000,60.249996,0.000000,0.000000,0.000000,0
16450,128.250000,60.249996,0.000000,0.000000,0.000000,0
16460,128.250000,60.249996,0.000000,0.000000,0.000000,0
16470,128.250000,60.249996,0.000000,0.000000,0.000000,0
16480,128.250000,60.249996,0.000000,0.000000,0.000000,0
16490,128.250000,60.249996,0.000000,0.000000,0.000000,0
16500,128.250000,60.249996,0.000000,0.000000,0.000000,0
16510,128.250000,60.249996,0.000000,0.000000,0.000000,0
16520,128.250000,60.249996,0.000000,0.000000,0.000000,0
16530,128.250000,60.249996,0.000000,0.000000,0.000000,0
16540,128.250000,60.249996,0.000000,0.000000,0.000000,0
16550,128.250000,60.249996,0.000000,0.000000,0.000000,0
16560,128.250000,60.249996,0.000000,0.000000,0.000000,0
16570,128.250000,60.249996,0.000000,0.000000,0.000000,0
16580,128.250000,60.249996,0.000000,0.000000,0.000000,0
16590,128.250000,60.249996,0.000000,0.000000,0.000000,0
16600,128.250000,60.249996,0.000000,0.000000,0.000000,0
16610,128.250000,60.249996,0.000000,0.000000,0.000000,0
16620,128.250000,60.249996,0.000000,0.000000,0.000000,0
16630,128.250000,60.249996,0.000000,0.000000,0.000000,0
16640,128.250000,60.249996,0.000000,0.000000,0.000000,0
16650,128.250000,60.249996,0.000000,0.000000,0.000000,0
16660,128.250000,60.249996,0.000000,0.000000,0.000000,0
16670,128.250000,60.249996,0.000000,0.000000,0.000000,0
16680,128.250000,60.249996,0.000000,0.000000,0.000000,0
16690,128.250000,60.249996,0.000000,0.000000,0.000000,0
16700,128.250000,60.249996,0.000000,0.000000,0.000000,0
16710,133.537507,78.375000,0.000000,1888.050561,73.736744,0
16720,133.537507,78.375000,0.000000,0.000000,0.000000,0
16730,133.987500,78.249996,0.000000,46.703295,-15.524787,0
16740,134.550007,78.000000,0.000000,61.555834,-23.961905,0
16750,134.550007,78.000000,0.000000,0.000000,0.000000,0
16760,135.225007,77.874996,0.000000,68.647721,-10.491790,0
16770,135.225007,77.874996,0.000000,0.000000,0.000000,0
16780,135.337500,77.749998,0.000000,16.816429,-48.014092,0
16790,135.450003,77.625000,0.000000,16.817118,-48.011483,0
16800,135.450003,77.625000,0.000000,0.000000,0.000000,0
16810,135.562507,77.625000,0.000000,11.250343,0.000000,0
16820,135.562507,77.625000,0.000000,0.000000,0.000000,0
16830,135.675000,77.874996,0.000000,27.414011,65.773236,0
16840,136.012500,78.124998,0.000000,42.000858,36.529064,0
16850,136.012500,78.124998,0.000000,0.000000,0.000000,0
16860,136.462503,78.624996,0.000000,67.268208,48.012461,0
16870,136.462503,78.624996,0.000000,0.000000,0.000000,0
16880,136.687500,78.999996,0.000000,43.731963,59.036629,0
16890,137.025000,79.374996,0.000000,50.451090,48.012788,0
16900,137.025000,79.374996,0.000000,0.000000,0.000000,0
16910,137.137503,79.624998,0.000000,27.414955,65.771764,0
16920,137.137503,79.624998,0.000000,0.000000,0.000000,0
16930,137.250007,79.999998,0.000000,39.151248,73.300275,0
16940,137.250007,80.124996,0.000000,12.499809,90.000000,0
16950,137.250007,80.124996,0.000000,0.000000,0.000000,0
16960,137.137503,80.250000,0.000000,16.817543,131.987212,0
16970,137.137503,80.250000,0.000000,0.000000,0.000000,0
16980,136.912507,80.250000,0.000000,22.499657,180.000000,0
16990,136.800003,80.250000,0.000000,11.250343,180.000000,0
17000,136.800003,80.250000,0.000000,0.000000,0.000000,0
17010,136.575007,80.374998,0.000000,25.738683,150.945396,0
17020,136.575007,80.374998,0.000000,0.000000,0.000000,0
17030,136.575007,80.499996,0.000000,12.499809,90.000000,0
17040,136.575007,80.499996,0.000000,0.000000,0.000000,0
17050,136.575007,80.749998,0.000000,25.000191,90.000000,0
17060,136.575007,80.749998,0.000000,0.000000,0.000000,0
17070,136.687500,80.874996,0.000000,16.816429,48.014092,0
17080,136.800003,81.124998,0.000000,27.414955,65.771764,0
17090,136.912507,81.124998,0.000000,11.250343,0.000000,0
17100,136.912507,81.124998,0.000000,0.000000,0.000000,0
17110,137.025000,81.249996,0.333008,16.816429,48.014092,1
17120,137.025000,81.249996,0.333008,0.000000,0.000000,1
17130,137.025000,81.249996,0.333008,0.000000,0.000000,1
17140,137.025000,81.249996,0.333008,0.000000,0.000000,1
17150,137.025000,81.249996,0.333008,0.000000,0.000000,1
17160,137.025000,81.124998,0.519531,12.499809,-90.000000,1
17170,137.025000,80.874996,0.560547,25.000191,-90.000000,1
17180,137.025000,80.874996,0.560547,0.000000,0.000000,1
17190,136.912507,80.374998,0.625000,51.249663,-102.679681,1
17200,136.912507,80.374998,0.625000,0.000000,0.000000,1
17210,136.687500,79.875000,0.669922,54.829388,-114.228481,1
17220,136.462503,79.249998,0.697266,66.426714,-109.798542,1
17230,136.462503,79.249998,0.697266,0.000000,0.000000,1
17240,136.125003,78.624996,0.721680,71.030531,-118.368973,1
17250,136.125003,78.624996,0.721680,0.000000,0.000000,1
17260,135.562507,77.749998,0.745117,104.020385,-122.735124,1
17270,135.562507,77.749998,0.745117,0.000000,0.000000,1
17280,135.225007,77.124996,0.752930,71.030531,-118.368973,1
17290,134.662500,76.500000,0.762695,84.085326,-131.987734,1
17300,134.662500,76.500000,0.762695,0.000000,0.000000,1
17310,133.987500,75.624996,0.778320,110.510483,-127.647500,1
17320,133.650000,75.124998,0.787109,60.324484,-124.019451,1
17330,133.650000,75.124998,0.787109,0.000000,0.000000,1
17340,133.312500,74.749998,0.794922,50.451090,-131.987212,1
17350,133.312500,74.749998,0.794922,0.000000,0.000000,1
17360,133.087503,74.499996,0.799805,33.633972,-131.986560,1
17370,133.087503,74.499996,0.799805,0.000000,0.000000,1
17380,132.862507,74.124996,0.807617,43.731963,-120.963371,1
17390,132.412503,73.624998,0.807617,67.268208,-131.987539,1
17400,132.412503,73.624998,0.807617,0.000000,0.000000,1
17410,132.187507,73.249998,0.809570,43.731963,-120.963371,1
17420,132.187507,73.249998,0.809570,0.000000,0.000000,1
17430,131.962500,72.999996,0.809570,33.634661,-131.987865,1
17440,131.737503,72.750000,0.810547,33.633547,-131.987212,1
17450,131.737503,72.750000,0.810547,0.000000,0.000000,1
17460,131.400003,72.499998,0.810547,42.000858,-143.470936,1
17470,131.400003,72.499998,0.810547,0.000000,0.000000,1
17480,131.175007,72.499998,0.792969,22.499657,180.000000,1
17490,130.950000,72.499998,0.760742,22.500687,180.000000,1
17500,130.950000,72.499998,0.760742,0.000000,0.000000,1
17510,130.837507,72.624996,0.716797,16.816429,131.985908,1
17520,130.725003,72.874998,0.652344,27.414955,114.228236,1
17530,130.725003,72.874998,0.652344,0.000000,0.000000,1
17540,130.612500,73.125000,0.614258,27.414955,114.228236,1
17550,130.612500,73.125000,0.614258,0.000000,0.000000,1
17560,130.612500,73.749996,0.513672,62.499619,90.000000,1
17570,130.725003,74.124996,0.470703,39.151248,73.300275,1
17580,130.725003,74.124996,0.470703,0.000000,0.000000,1
17590,130.837507,74.625000,0.458984,51.250448,77.319336,1
17600,130.837507,74.625000,0.458984,0.000000,0.000000,1
17610,131.062503,74.874996,0.466797,33.633547,48.012788,1
17620,131.512507,75.249996,0.552734,58.577136,39.805356,1
17630,131.512507,75.249996,0.552734,0.000000,0.000000,1
17640,131.850007,75.624996,0.613281,50.451090,48.012788,1
17650,131.850007,75.624996,0.613281,0.000000,0.000000,1
17660,132.300000,75.874998,0.659180,51.477643,29.055161,1
17670,132.862507,76.249998,0.684570,67.604658,33.689745,1
17680,132.862507,76.249998,0.684570,0.000000,0.000000,1
17690,133.425003,76.500000,0.705078,61.555125,23.962781,1
17700,133.425003,76.500000,0.705078,0.000000,0.000000,1
17710,134.550007,76.999998,0.747070,123.110959,23.962343,1
17720,135.337500,77.250000,0.758789,82.622418,17.612848,1
17730,135.337500,77.250000,0.758789,0.000000,0.000000,1
17740,136.125003,77.499996,0.762695,82.623226,17.612254,1
17750,136.125003,77.499996,0.762695,0.000000,0.000000,1
17760,136.912507,77.874996,0.764648,87.223085,25.463248,1
17770,138.150003,78.249996,0.774414,129.306719,16.858443,1
17780,138.150003,78.249996,0.774414,0.000000,0.000000,1
17790,138.937507,78.499998,0.787109,82.623399,17.612632,1
17800,138.937507,78.499998,0.787109,0.000000,0.000000,1
17810,139.725000,78.624996,0.798828,79.735184,9.019264,1
17820,140.400000,78.624996,0.813477,67.500000,0.000000,1
17830,140.400000,78.624996,0.813477,0.000000,0.000000,1
17840,141.187503,78.750000,0.820313,79.736291,9.019554,1
17850,141.187503,78.750000,0.820313,0.000000,0.000000,1
17860,142.312507,78.874998,0.829102,113.192634,6.340077,1
17870,143.100000,78.874998,0.832031,78.749313,0.000000,1
17880,143.100000,78.874998,0.832031,0.000000,0.000000,1
17890,143.775000,78.874998,0.834961,67.500000,0.000000,1
17900,143.775000,78.874998,0.834961,0.000000,0.000000,1
17910,144.337507,78.874998,0.837891,56.250687,0.000000,1
17920,145.125000,78.874998,0.842773,78.749313,0.000000,1
17930,145.125000,78.874998,0.842773,0.000000,0.000000,1
17940,145.575003,78.874998,0.846680,45.000343,0.000000,1
17950,145.575003,78.874998,0.846680,0.000000,0.000000,1
17960,146.025007,78.874998,0.847656,45.000343,0.000000,1
17970,146.475000,78.874998,0.850586,44.999313,0.000000,1
17980,146.475000,78.874998,0.850586,0.000000,0.000000,1
17990,146.812500,78.874998,0.850586,33.750000,0.000000,1
18000,146.812500,78.874998,0.850586,0.000000,0.000000,1
18010,147.150000,78.874998,0.851563,33.750000,0.000000,1
18020,147.600003,78.750000,0.849609,46.704134,-15.523773,1
18030,147.600003,78.750000,0.849609,0.000000,0.000000,1
18040,147.712507,78.750000,0.850586,11.250343,0.000000,1
18050,147.712507,78.750000,0.850586,0.000000,0.000000,1
18060,147.937503,78.624996,0.849609,25.738960,-29.055718,1
18070,148.050007,78.624996,0.848633,11.250343,0.000000,1
18080,148.050007,78.624996,0.848633,0.000000,0.000000,1
18090,148.162500,78.499998,0.845703,16.816429,-48.014092,1
18100,148.162500,78.499998,0.845703,0.000000,0.000000,1
18110,148.162500,78.499998,0.845703,0.000000,0.000000,1
18120,148.162500,78.499998,0.845703,0.000000,0.000000,1
18130,148.162500,78.499998,0.845703,0.000000,0.000000,1
18140,148.162500,78.375000,0.829102,12.499809,-90.000000,1
18150,148.162500,78.375000,0.829102,0.000000,0.000000,1
18160,148.050007,78.249996,0.824219,16.816854,-131.984604,1
18170,147.262503,77.749998,0.811523,93.282354,-147.587905,1
18180,147.262503,77.749998,0.811523,0.000000,0.000000,1
18190,145.800000,77.374998,0.226563,150.981499,-165.618638,1
18200,145.800000,77.374998,0.000000,0.000000,0.000000,0
18210,145.125000,77.374998,0.000000,67.500000,180.000000,0
18220,144.900003,77.749998,0.000000,43.731963,120.963371,0
18230,144.900003,77.749998,0.000000,0.000000,0.000000,0
18240,144.900003,78.124998,0.000000,37.500000,90.000000,0
18250,144.900003,78.124998,0.000000,0.000000,0.000000,0
18260,145.350007,79.125000,0.000000,109.658876,65.772132,0
18270,147.037507,79.374996,0.000000,170.591745,8.426842,0
18280,147.037507,79.374996,0.000000,0.000000,0.000000,0
18290,148.050007,79.249998,0.000000,102.018664,-7.037834,0
18300,148.050007,79.249998,0.000000,0.000000,0.000000,0
18310,147.712507,79.125000,0.000000,35.990384,-159.677148,0
18320,147.712507,79.125000,0.000000,0.000000,0.000000,0
18330,147.712507,79.125000,0.000000,0.000000,0.000000,0
18340,147.937503,79.249998,0.000000,25.738683,29.054604,0
18350,147.937503,79.249998,0.000000,0.000000,0.000000,0
18360,148.500000,78.874998,0.000000,67.603801,-33.690229,0
18370,148.162500,77.874996,0.000000,105.541938,-108.649506,0
18380,148.162500,77.874996,0.000000,0.000000,0.000000,0
18390,145.125000,75.249996,0.000000,401.460225,-139.166505,0
18400,145.125000,75.249996,0.000000,0.000000,0.000000,0
18410,141.750000,73.500000,0.000000,380.172483,-152.592476,0
18420,138.600007,72.249996,0.000000,338.894767,-158.355462,0
18430,138.600007,72.249996,0.000000,0.000000,0.000000,0
18440,137.587507,72.375000,0.000000,102.018734,172.961847,0
18450,137.587507,72.375000,0.000000,0.000000,0.000000,0
18460,137.812503,72.375000,0.000000,22.499657,0.000000,0
18470,136.687500,71.374998,0.000000,150.520316,-138.366493,0
18480,136.687500,71.374998,0.000000,0.000000,0.000000,0
18490,136.687500,71.250000,0.000000,12.499809,-90.000000,0
18500,136.687500,71.250000,0.000000,0.000000,0.000000,0
18510,136.912507,71.124996,0.000000,25.739861,-29.054604,0
18520,137.025000,71.250000,0.000000,16.816854,48.015396,0
18530,137.025000,71.250000,0.000000,0.000000,0.000000,0
18540,137.700000,71.874996,0.000000,91.991588,42.797228,0
18550,137.700000,71.874996,0.000000,0.000000,0.000000,0
18560,138.150003,72.249996,0.000000,58.577136,39.805356,0
18570,138.375000,72.249996,0.000000,22.499657,0.000000,0
18580,138.375000,72.249996,0.000000,0.000000,0.000000,0
18590,138.262507,72.249996,0.000000,11.249313,180.000000,0
18600,138.262507,72.249996,0.000000,0.000000,0.000000,0
18610,138.037500,72.249996,0.000000,22.500687,180.000000,0
18620,137.812503,72.249996,0.000000,22.499657,180.000000,0
18630,137.812503,72.249996,0.000000,0.000000,0.000000,0
18640,137.475003,72.249996,0.000000,33.750000,180.000000,0
18650,137.475003,72.249996,0.000000,0.000000,0.000000,0
18660,137.250007,72.499998,0.000000,33.633972,131.986560,0
18670,137.250007,72.499998,0.000000,0.000000,0.000000,0
18680,137.137503,72.624996,0.000000,16.817118,131.988517,0
18690,136.912507,72.750000,0.000000,25.738960,150.944282,0
18700,136.912507,72.750000,0.000000,0.000000,0.000000,0
18710,136.575007,72.750000,0.000000,33.750000,180.000000,0
18720,136.237507,72.750000,0.000000,33.750000,180.000000,0
18730,136.237507,72.750000,0.000000,0.000000,0.000000,0
18740,135.787503,72.750000,0.269531,45.000343,180.000000,1
18750,135.787503,72.750000,0.269531,0.000000,0.000000,1
18760,135.787503,72.750000,0.269531,0.000000,0.000000,1
18770,135.787503,72.750000,0.269531,0.000000,0.000000,1
18780,135.787503,72.750000,0.269531,0.000000,0.000000,1
18790,135.787503,72.750000,0.269531,0.000000,0.000000,1
18800,135.787503,72.750000,0.269531,0.000000,0.000000,1
18810,136.012500,72.750000,0.490234,22.499657,0.000000,1
18820,136.462503,72.750000,0.557617,45.000343,0.000000,1
18830,136.462503,72.750000,0.557617,0.000000,0.000000,1
18840,137.700000,72.999996,0.661133,126.249588,11.421047,1
18850,137.700000,72.999996,0.661133,0.000000,0.000000,1
18860,139.050000,73.249998,0.709961,137.295337,10.491555,1
18870,140.737500,73.500000,0.727539,170.591829,8.427032,1
18880,140.737500,73.500000,0.727539,0.000000,0.000000,1
18890,142.312507,73.624998,0.737305,157.995922,4.537684,1
18900,142.312507,73.624998,0.737305,0.000000,0.000000,1
18910,143.550003,73.749996,0.741211,124.379350,5.767817,1
18920,144.225003,73.749996,0.744141,67.500000,0.000000,1
18930,144.225003,73.749996,0.744141,0.000000,0.000000,1
18940,144.900003,73.749996,0.751953,67.500000,0.000000,1
18950,144.900003,73.749996,0.751953,0.000000,0.000000,1
18960,145.237503,73.749996,0.758789,33.750000,0.000000,1
18970,145.237503,73.749996,0.758789,0.000000,0.000000,1
18980,145.237503,73.749996,0.758789,0.000000,0.000000,1
18990,145.350007,73.749996,0.754883,11.250343,0.000000,1
19000,145.350007,73.749996,0.754883,0.000000,0.000000,1
19010,145.350007,73.624998,0.000000,12.499809,-90.000000,0
19020,145.350007,73.500000,0.000000,12.499809,-90.000000,0
19030,145.350007,73.500000,0.000000,0.000000,0.000000,0
19040,145.237503,73.500000,0.000000,11.250343,180.000000,0
19050,145.237503,73.500000,0.000000,0.000000,0.000000,0
19060,144.900003,73.374996,0.000000,35.990583,-159.676294,0
19070,144.225003,72.874998,0.000000,84.001375,-143.471249,0
19080,144.225003,72.874998,0.000000,0.000000,0.000000,0
19090,142.987507,71.749998,0.000000,167.243019,-137.726232,0
19100,142.987507,71.749998,0.000000,0.000000,0.000000,0
19110,141.300007,69.874998,0.000000,252.255451,-131.987212,0
19120,139.612507,68.499996,0.000000,217.676055,-140.826303,0
19130,139.612507,68.499996,0.000000,0.000000,0.000000,0
19140,138.825003,68.124996,0.000000,87.223085,-154.536752,0
19150,138.825003,68.124996,0.000000,0.000000,0.000000,0
19160,138.712500,67.749996,0.000000,39.151248,-106.699725,0
19170,138.262507,67.249998,0.000000,67.267519,-131.986886,0
19180,138.262507,67.249998,0.000000,0.000000,0.000000,0
19190,137.700000,67.125000,0.000000,57.622782,-167.471526,0
19200,137.700000,67.125000,0.000000,0.000000,0.000000,0
19210,137.475003,66.750000,0.000000,43.731963,-120.963371,0
19220,137.137503,66.624996,0.000000,35.990583,-159.676294,0
19230,137.137503,66.624996,0.000000,0.000000,0.000000,0
19240,136.575007,66.375000,0.000000,61.554893,-156.037706,0
19250,136.575007,66.375000,0.000000,0.000000,0.000000,0
19260,136.237507,66.249996,0.000000,35.990583,-159.676294,0
19270,135.900007,66.124998,0.000000,35.990384,-159.677148,0
19280,135.900007,66.124998,0.000000,0.000000,0.000000,0
19290,135.450003,66.124998,0.000000,45.000343,180.000000,0
19300,135.450003,66.124998,0.000000,0.000000,0.000000,0
19310,135.112503,66.000000,0.000000,35.990384,-159.677148,0
19320,134.775003,65.874996,0.000000,35.990583,-159.676294,0
19330,134.775003,65.874996,0.000000,0.000000,0.000000,0
19340,134.662500,65.749998,0.000000,16.817118,-131.988517,0
19350,134.662500,65.625000,0.424805,12.499809,-90.000000,1
19360,134.662500,65.625000,0.424805,0.000000,0.000000,1
19370,134.662500,65.625000,0.424805,0.000000,0.000000,1
19380,134.662500,65.625000,0.424805,0.000000,0.000000,1
19390,135.450003,65.625000,0.626953,78.750343,0.000000,1
19400,135.450003,65.625000,0.626953,0.000000,0.000000,1
19410,136.012500,65.749998,0.704102,57.621776,12.528697,1
19420,136.800003,65.874996,0.756836,79.736201,9.019148,1
19430,136.800003,65.874996,0.756836,0.000000,0.000000,1
19440,137.700000,66.124998,0.790039,93.407429,15.524280,1
19450,137.700000,66.124998,0.790039,0.000000,0.000000,1
19460,139.162503,66.499998,0.817383,150.981499,14.381362,1
19470,140.175003,66.750000,0.822266,104.290805,13.869788,1
19480,140.175003,66.750000,0.822266,0.000000,0.000000,1
19490,141.075000,66.999996,0.822266,93.407276,15.523942,1
19500,141.075000,66.999996,0.822266,0.000000,0.000000,1
19510,141.975007,67.249998,0.822266,93.408421,15.524111,1
19520,143.100000,67.624998,0.822266,118.584761,18.435054,1
19530,143.100000,67.624998,0.822266,0.000000,0.000000,1
19540,143.775000,67.875000,0.824219,71.980966,20.323279,1
19550,143.775000,67.875000,0.824219,0.000000,0.000000,1
19560,144.450000,68.124996,0.828125,71.980768,20.322852,1
19570,145.237503,68.499996,0.829102,87.223085,25.463248,1
19580,145.237503,68.499996,0.829102,0.000000,0.000000,1
19590,145.912503,68.749998,0.830078,71.980966,20.323279,1
19600,145.912503,68.749998,0.830078,0.000000,0.000000,1
19610,146.587503,69.000000,0.828125,71.980966,20.323279,1
19620,146.812500,69.124998,0.824219,25.738683,29.054604,1
19630,146.812500,69.124998,0.824219,0.000000,0.000000,1
19640,146.812500,69.124998,0.824219,0.000000,0.000000,1
19650,146.812500,69.124998,0.824219,0.000000,0.000000,1
19660,146.700007,69.249996,0.000000,16.816429,131.985908,0
19670,146.475000,69.375000,0.000000,25.739861,150.945396,0
19680,146.475000,69.375000,0.000000,0.000000,0.000000,0
19690,146.137500,69.375000,0.000000,33.750000,180.000000,0
19700,146.137500,69.375000,0.000000,0.000000,0.000000,0
19710,145.350007,69.499998,0.000000,79.735184,170.980736,0
19720,144.675007,69.499998,0.000000,67.500000,180.000000,0
19730,144.675007,69.499998,0.000000,0.000000,0.000000,0
19740,143.887503,69.499998,0.000000,78.750343,180.000000,0
19750,143.887503,69.499998,0.000000,0.000000,0.000000,0
19760,143.100000,69.499998,0.000000,78.750343,180.000000,0
19770,142.875003,69.499998,0.000000,22.499657,180.000000,0
19780,142.875003,69.499998,0.000000,0.000000,0.000000,0
19790,142.762500,69.624996,0.000000,16.817118,131.988517,0
19800,142.762500,69.624996,0.000000,0.000000,0.000000,0
19810,142.762500,69.624996,0.000000,0.000000,0.000000,0
19820,142.762500,69.624996,0.000000,0.000000,0.000000,0
19830,142.762500,69.624996,0.000000,0.000000,0.000000,0
19840,142.987507,69.874998,0.000000,33.634661,48.012135,0
19850,142.987507,69.874998,0.000000,0.000000,0.000000,0
19860,143.100000,69.999996,0.000000,16.816429,48.014092,0
19870,143.100000,69.999996,0.000000,0.000000,0.000000,0
19880,143.212503,70.249998,0.000000,27.414955,65.771764,0
19890,143.212503,70.249998,0.000000,0.000000,0.000000,0
19900,143.212503,70.249998,0.101563,0.000000,0.000000,1
19910,143.212503,70.249998,0.101563,0.000000,0.000000,1
19920,143.212503,70.249998,0.101563,0.000000,0.000000,1
19930,143.212503,70.249998,0.101563,0.000000,0.000000,1
19940,143.212503,70.249998,0.101563,0.000000,0.000000,1
19950,143.212503,70.249998,0.101563,0.000000,0.000000,1
19960,142.987507,70.249998,0.585938,22.499657,180.000000,1
19970,142.875003,70.249998,0.595703,11.250343,180.000000,1
19980,142.875003,70.249998,0.595703,0.000000,0.000000,1
19990,142.537503,70.125000,0.637695,35.990384,-159.677148,1
20000,142.537503,70.125000,0.637695,0.000000,0.000000,1
20010,142.200003,69.874998,0.665039,42.000858,-143.470936,1
20020,141.975007,69.499998,0.685547,43.731963,-120.963371,1
20030,141.975007,69.499998,0.685547,0.000000,0.000000,1
20040,141.750000,69.124998,0.699219,43.732492,-120.964528,1
20050,141.750000,69.124998,0.699219,0.000000,0.000000,1
20060,141.412500,68.625000,0.714844,60.324484,-124.019451,1
20070,141.187503,67.999998,0.732422,66.426714,-109.798542,1
20080,141.187503,67.999998,0.732422,0.000000,0.000000,1
20090,140.962507,67.500000,0.745117,54.828966,-114.227500,1
20100,140.962507,67.500000,0.745117,0.000000,0.000000,1
20110,140.850003,67.125000,0.756836,39.151248,-106.699725,1
20120,140.625007,66.750000,0.771484,43.731963,-120.963371,1
20130,140.625007,66.750000,0.771484,0.000000,0.000000,1
20140,140.400000,66.124998,0.791992,66.427063,-109.799378,1
20150,140.400000,66.124998,0.791992,0.000000,0.000000,1
20160,140.287507,65.749998,0.798828,39.150952,-106.698282,1
20170,140.062500,65.250000,0.803711,54.829388,-114.228481,1
20180,140.062500,65.250000,0.803711,0.000000,0.000000,1
20190,139.950007,64.875000,0.806641,39.150952,-106.698282,1
20200,139.950007,64.875000,0.806641,0.000000,0.000000,1
20210,139.837503,64.374996,0.814453,51.250448,-102.680664,1
20220,139.612507,63.750000,0.824219,66.426176,-109.798709,1
20230,139.612507,63.750000,0.824219,0.000000,0.000000,1
20240,139.387500,63.249996,0.829102,54.829910,-114.228236,1
20250,139.387500,63.249996,0.829102,0.000000,0.000000,1
20260,139.275007,62.749998,0.833984,51.249663,-102.679681,1
20270,139.162503,62.250000,0.834961,51.249889,-102.680805,1
20280,139.162503,62.250000,0.834961,0.000000,0.000000,1
20290,139.162503,61.749996,0.838867,50.000381,-90.000000,1
20300,139.162503,61.749996,0.838867,0.000000,0.000000,1
20310,139.050000,61.125000,0.843750,63.504114,-100.204340,1
20320,138.937507,60.624996,0.844727,51.250221,-102.679541,1
20330,138.937507,60.624996,0.844727,0.000000,0.000000,1
20340,138.937507,60.249996,0.847656,37.500000,-90.000000,1
20350,138.937507,60.249996,0.847656,0.000000,0.000000,1
20360,138.937507,59.874996,0.849609,37.500000,-90.000000,1
20370,139.050000,59.374998,0.853516,51.249663,-77.320319,1
20380,139.050000,59.374998,0.853516,0.000000,0.000000,1
20390,139.162503,59.124996,0.855469,27.414955,-65.771764,1
20400,139.162503,59.124996,0.855469,0.000000,0.000000,1
20410,139.275007,58.999998,0.855469,16.817118,-48.011483,1
20420,139.387500,58.999998,0.855469,11.249313,0.000000,1
20430,139.387500,58.999998,0.855469,0.000000,0.000000,1
20440,139.500003,58.999998,0.852539,11.250343,0.000000,1
20450,139.500003,58.999998,0.852539,0.000000,0.000000,1
20460,139.950007,59.250000,0.855469,51.478543,29.054604,1
20470,140.400000,59.625000,0.855469,58.576345,39.806001,1
20480,140.400000,59.625000,0.855469,0.000000,0.000000,1
20490,140.737500,60.000000,0.856445,50.451090,48.012788,1
20500,140.737500,60.000000,0.856445,0.000000,0.000000,1
20510,141.300007,60.750000,0.856445,93.750412,53.129767,1
20520,142.537503,63.124998,0.854492,267.806156,62.478161,1
20530,142.537503,63.124998,0.854492,0.000000,0.000000,1
20540,143.325007,64.624998,0.828125,169.415515,62.300424,1
20550,143.887503,65.625000,0.743164,114.734746,60.642443,1
20560,143.887503,65.625000,0.743164,0.000000,0.000000,1
20570,144.225003,66.249996,0.000000,71.030028,61.630807,0
20580,144.225003,66.249996,0.000000,0.000000,0.000000,0
20590,144.450000,66.750000,0.000000,54.829487,65.772745,0
20600,144.450000,66.750000,0.000000,0.000000,0.000000,0
20610,145.012507,67.500000,0.000000,93.750412,53.129767,0
20620,146.137500,68.499996,0.000000,150.519166,41.633604,0
20630,146.137500,68.499996,0.000000,0.000000,0.000000,0
20640,147.937503,69.750000,0.000000,219.146570,34.777862,0
20650,149.850000,70.624998,0.000000,210.315591,24.584861,0
20660,149.850000,70.624998,0.000000,0.000000,0.000000,0
20670,151.875000,71.374998,0.000000,215.942701,20.323137,0
20680,151.875000,71.374998,0.000000,0.000000,0.000000,0
20690,152.887500,71.749998,0.000000,107.971350,20.323137,0
20700,152.887500,71.749998,0.000000,0.000000,0.000000,0
20710,153.787507,71.874996,0.000000,90.864563,7.906984,0
20720,154.237500,71.874996,0.000000,44.999313,0.000000,0
20730,154.237500,71.874996,0.000000,0.000000,0.000000,0
20740,154.462507,72.000000,0.000000,25.739861,29.054604,0
20750,154.687503,72.249996,0.000000,33.633547,48.012788,0
20760,154.687503,72.249996,0.000000,0.000000,0.000000,0
20770,155.362503,72.624996,0.000000,77.217226,29.054604,0
20780,155.362503,72.624996,0.000000,0.000000,0.000000,0
20790,155.362503,73.374996,0.000000,75.000000,90.000000,0
20800,155.362503,73.374996,0.000000,0.000000,0.000000,0
20810,155.475007,74.374998,0.000000,100.631051,83.581031,0
20820,155.587500,75.874998,0.000000,150.421232,85.711107,0
20830,155.587500,75.874998,0.000000,0.000000,0.000000,0
20840,155.587500,76.999998,0.000000,112.500000,90.000000,0
20850,155.362503,77.499996,0.000000,54.828966,114.227500,0
20860,155.362503,77.499996,0.000000,0.000000,0.000000,0
20870,155.137507,77.374998,0.000000,25.738683,-150.945396,0
20880,155.137507,77.374998,0.000000,0.000000,0.000000,0
20890,154.237500,78.499998,0.000000,144.070724,128.660021,0
20900,153.225000,79.374996,0.000000,133.819950,139.166567,0
20910,153.225000,79.374996,0.000000,0.000000,0.000000,0
20920,152.662503,79.374996,0.000000,56.249657,180.000000,0
20930,152.662503,79.374996,0.000000,0.000000,0.000000,0
20940,152.100007,79.749996,0.000000,67.603801,146.309771,0
20950,152.100007,79.749996,0.000000,0.000000,0.000000,0
20960,151.537500,80.124996,0.000000,67.604658,146.310255,0
20970,151.312503,79.875000,0.000000,33.633547,-131.987212,0
20980,151.312503,79.875000,0.000000,0.000000,0.000000,0
20990,151.312503,79.374996,0.000000,50.000381,-90.000000,0
21000,151.312503,79.125000,0.000000,24.999619,-90.000000,0
21010,151.312503,79.125000,0.000000,0.000000,0.000000,0
21020,151.312503,78.874998,0.000000,25.000191,-90.000000,0
21030,151.312503,78.874998,0.000000,0.000000,0.000000,0
21040,151.312503,78.750000,0.000000,12.499809,-90.000000,0
21050,151.312503,78.750000,0.000000,0.000000,0.000000,0
21060,151.312503,78.375000,0.000000,37.500000,-90.000000,0
21070,151.537500,78.000000,0.000000,43.731963,-59.036629,0
21080,151.537500,78.000000,0.000000,0.000000,0.000000,0
21090,151.537500,77.749998,0.000000,25.000191,-90.000000,0
21100,151.537500,77.749998,0.000000,0.000000,0.000000,0
21110,151.537500,77.625000,0.000000,12.499809,-90.000000,0
21120,151.537500,77.124996,0.000000,50.000381,-90.000000,0
21130,151.537500,77.124996,0.000000,0.000000,0.000000,0
21140,151.537500,76.875000,0.000000,24.999619,-90.000000,0
21150,151.537500,76.875000,0.000000,0.000000,0.000000,0
21160,151.425007,76.500000,0.000000,39.150952,-106.698282,0
21170,151.312503,76.249998,0.000000,27.414955,-114.228236,0
21180,151.312503,76.249998,0.000000,0.000000,0.000000,0
21190,151.312503,75.874998,0.000000,37.500000,-90.000000,0
21200,151.200000,75.750000,0.000000,16.817118,-131.988517,0
21210,151.200000,75.750000,0.000000,0.000000,0.000000,0
21220,151.087507,75.375000,0.000000,39.150952,-106.698282,0
21230,151.087507,75.375000,0.000000,0.000000,0.000000,0
21240,150.975003,75.124998,0.000000,27.414955,-114.228236,0
21250,150.975003,75.124998,0.000000,0.000000,0.000000,0
21260,150.975003,75.124998,0.000000,0.000000,0.000000,0
21270,150.975003,75.124998,0.000000,0.000000,0.000000,0
21280,150.975003,75.124998,0.000000,0.000000,0.000000,0
21290,150.975003,75.124998,0.000000,0.000000,0.000000,0
21300,150.975003,75.124998,0.000000,0.000000,0.000000,0
21310,150.975003,75.124998,0.000000,0.000000,0.000000,0
21320,150.975003,75.124998,0.000000,0.000000,0.000000,0
21330,150.862500,75.249996,0.000000,16.817118,131.988517,0
21340,150.862500,75.249996,0.000000,0.000000,0.000000,0
21350,150.862500,75.499998,0.000000,25.000191,90.000000,0
21360,150.862500,75.624996,0.000000,12.499809,90.000000,0
21370,150.862500,75.624996,0.000000,0.000000,0.000000,0
21380,150.862500,75.874998,0.000000,25.000191,90.000000,0
21390,150.862500,75.874998,0.000000,0.000000,0.000000,0
21400,150.862500,75.999996,0.000000,12.499809,90.000000,0
21410,150.862500,75.999996,0.000000,0.000000,0.000000,0
21420,150.862500,75.999996,0.000000,0.000000,0.000000,0
21430,150.862500,75.999996,0.000000,0.000000,0.000000,0
21440,150.862500,75.999996,0.000000,0.000000,0.000000,0
21450,150.862500,76.125000,0.253906,12.500381,90.000000,1
21460,150.862500,76.125000,0.253906,0.000000,0.000000,1
21470,150.862500,76.125000,0.253906,0.000000,0.000000,1
21480,150.862500,76.125000,0.253906,0.000000,0.000000,1
21490,150.862500,76.125000,0.253906,0.000000,0.000000,1
21500,150.862500,76.125000,0.253906,0.000000,0.000000,1
21510,150.862500,76.125000,0.253906,0.000000,0.000000,1
21520,150.750007,75.750000,0.542969,39.150952,-106.698282,1
21530,150.750007,75.750000,0.542969,0.000000,0.000000,1
21540,150.525000,75.375000,0.599609,43.732492,-120.964528,1
21550,150.525000,75.375000,0.599609,0.000000,0.000000,1
21560,150.412507,75.000000,0.630859,39.150952,-106.698282,1
21570,150.187500,74.625000,0.656250,43.732492,-120.964528,1
21580,150.187500,74.625000,0.656250,0.000000,0.000000,1
21590,150.075007,74.124996,0.676758,51.250221,-102.679541,1
21600,150.075007,74.124996,0.676758,0.000000,0.000000,1
21610,149.850000,73.500000,0.701172,66.426525,-109.799545,1
21620,149.737507,73.125000,0.716797,39.150952,-106.698282,1
21630,149.737507,73.125000,0.716797,0.000000,0.000000,1
21640,149.625003,72.750000,0.732422,39.151248,-106.699725,1
21650,149.512500,72.375000,0.750000,39.151248,-106.699725,1
21660,149.512500,72.375000,0.750000,0.000000,0.000000,1
21670,149.287503,72.000000,0.761719,43.731963,-120.963371,1
21680,149.287503,72.000000,0.761719,0.000000,0.000000,1
21690,149.062507,71.374998,0.776367,66.426714,-109.798542,1
21700,148.950003,70.999998,0.785156,39.151248,-106.699725,1
21710,148.950003,70.999998,0.785156,0.000000,0.000000,1
21720,148.837500,70.624998,0.794922,39.151248,-106.699725,1
21730,148.837500,70.624998,0.794922,0.000000,0.000000,1
21740,148.612503,70.125000,0.807617,54.828966,-114.227500,1
21750,148.612503,70.125000,0.807617,0.000000,0.000000,1
21760,148.500000,69.750000,0.818359,39.151248,-106.699725,1
21770,148.387507,69.375000,0.819336,39.150952,-106.698282,1
21780,148.387507,69.375000,0.819336,0.000000,0.000000,1
21790,148.275003,69.000000,0.824219,39.151248,-106.699725,1
21800,148.162500,68.499996,0.830078,51.250448,-102.680664,1
21810,148.162500,68.499996,0.830078,0.000000,0.000000,1
21820,148.050007,68.124996,0.837891,39.150952,-106.698282,1
21830,148.050007,68.124996,0.837891,0.000000,0.000000,1
21840,147.937503,67.500000,0.847656,63.504114,-100.204340,1
21850,147.825000,67.125000,0.850586,39.151248,-106.699725,1
21860,147.825000,67.125000,0.850586,0.000000,0.000000,1
21870,147.712507,66.624996,0.852539,51.250221,-102.679541,1
21880,147.712507,66.624996,0.852539,0.000000,0.000000,1
21890,147.600003,66.124998,0.854492,51.249889,-102.680805,1
21900,147.487500,65.749998,0.861328,39.151248,-106.699725,1
21910,147.487500,65.749998,0.861328,0.000000,0.000000,1
21920,147.375007,65.124996,0.864258,63.504495,-100.203334,1
21930,147.375007,65.124996,0.864258,0.000000,0.000000,1
21940,147.262503,64.749996,0.866211,39.151248,-106.699725,1
21950,147.262503,64.249998,0.867188,49.999809,-90.000000,1
21960,147.262503,64.249998,0.867188,0.000000,0.000000,1
21970,147.150000,63.874998,0.868164,39.151248,-106.699725,1
21980,147.150000,63.874998,0.868164,0.000000,0.000000,1
21990,147.037507,63.249996,0.869141,63.504495,-100.203334,1
22000,147.037507,62.874996,0.869141,37.500000,-90.000000,1
22010,147.037507,62.874996,0.869141,0.000000,0.000000,1
22020,147.037507,62.499996,0.866211,37.500000,-90.000000,1
22030,147.037507,62.499996,0.866211,0.000000,0.000000,1
22040,147.037507,62.124996,0.866211,37.500000,-90.000000,1
22050,147.037507,61.749996,0.866211,37.500000,-90.000000,1
22060,147.037507,61.749996,0.866211,0.000000,0.000000,1
22070,147.037507,61.249998,0.863281,49.999809,-90.000000,1
22080,147.037507,61.249998,0.863281,0.000000,0.000000,1
22090,147.037507,60.999996,0.863281,25.000191,-90.000000,1
22100,147.037507,60.874998,0.863281,12.499809,-90.000000,1
22110,147.037507,60.874998,0.863281,0.000000,0.000000,1
22120,147.037507,60.874998,0.863281,0.000000,0.000000,1
22130,147.037507,60.874998,0.863281,0.000000,0.000000,1
22140,147.262503,60.750000,0.846680,25.738683,-29.054604,1
22150,147.262503,60.750000,0.846680,0.000000,0.000000,1
22160,147.375007,60.624996,0.839844,16.817543,-48.012788,1
22170,147.487500,60.624996,0.829102,11.249313,0.000000,1
22180,147.487500,60.624996,0.829102,0.000000,0.000000,1
22190,147.600003,60.624996,0.819336,11.250343,0.000000,1
22200,147.825000,60.624996,0.814453,22.499657,0.000000,1
22210,147.825000,60.624996,0.814453,0.000000,0.000000,1
22220,147.937503,60.624996,0.809570,11.250343,0.000000,1
22230,147.937503,60.624996,0.809570,0.000000,0.000000,1
22240,148.050007,60.624996,0.796875,11.250343,0.000000,1
22250,148.162500,60.750000,0.788086,16.816854,48.015396,1
22260,148.162500,60.750000,0.788086,0.000000,0.000000,1
22270,148.275003,60.874998,0.785156,16.817118,48.011483,1
22280,148.275003,60.874998,0.785156,0.000000,0.000000,1
22290,148.500000,61.249998,0.787109,43.731963,59.036629,1
22300,148.725007,61.624998,0.784180,43.732492,59.035472,1
22310,148.725007,61.624998,0.784180,0.000000,0.000000,1
22320,148.950003,61.999998,0.781250,43.731963,59.036629,1
22330,148.950003,61.999998,0.781250,0.000000,0.000000,1
22340,149.062507,62.499996,0.783203,51.249889,77.319195,1
22350,149.287503,63.499998,0.786133,102.500111,77.319827,1
22360,149.287503,63.499998,0.786133,0.000000,0.000000,1
22370,149.400007,64.125000,0.787109,63.504678,79.795752,1
22380,149.400007,64.125000,0.787109,0.000000,0.000000,1
22390,149.625003,64.875000,0.787109,78.302200,73.300996,1
22400,149.737507,65.749998,0.787109,88.220105,82.673356,1
22410,149.737507,65.749998,0.787109,0.000000,0.000000,1
22420,149.962503,66.750000,0.787109,102.500111,77.319827,1
22430,149.962503,66.750000,0.787109,0.000000,0.000000,1
22440,150.187500,67.624998,0.785156,90.346285,75.579408,1
22450,150.412507,69.000000,0.783203,139.329047,80.706425,1
22460,150.412507,69.000000,0.783203,0.000000,0.000000,1
22470,150.637503,69.874998,0.786133,90.346285,75.579408,1
22480,150.637503,69.874998,0.786133,0.000000,0.000000,1
22490,150.750007,70.749996,0.786133,88.220105,82.673356,1
22500,150.975003,71.749998,0.787109,102.500111,77.319827,1
22510,150.975003,71.749998,0.787109,0.000000,0.000000,1
22520,151.312503,73.249998,0.785156,153.750000,77.319617,1
22530,151.312503,73.249998,0.785156,0.000000,0.000000,1
22540,151.425007,74.250000,0.785156,100.631051,83.581031,1
22550,151.650003,75.124998,0.785156,90.346285,75.579408,1
22560,151.650003,75.124998,0.785156,0.000000,0.000000,1
22570,151.762507,75.999996,0.784180,88.220105,82.673356,1
22580,151.762507,75.999996,0.784180,0.000000,0.000000,1
22590,151.875000,76.749996,0.786133,75.838955,81.469747,1
22600,151.987503,77.625000,0.788086,88.220672,82.673404,1
22610,151.987503,77.625000,0.788086,0.000000,0.000000,1
22620,151.987503,78.249996,0.790039,62.499619,90.000000,1
22630,151.987503,78.249996,0.790039,0.000000,0.000000,1
22640,151.987503,78.750000,0.790039,50.000381,90.000000,1
22650,151.987503,79.500000,0.790039,75.000000,90.000000,1
22660,151.987503,79.500000,0.790039,0.000000,0.000000,1
22670,151.987503,79.875000,0.790039,37.500000,90.000000,1
22680,151.987503,79.875000,0.790039,0.000000,0.000000,1
22690,151.875000,80.124996,0.788086,27.414433,114.228727,1
22700,151.762507,80.374998,0.792969,27.414532,114.226273,1
22710,151.762507,80.374998,0.792969,0.000000,0.000000,1
22720,151.762507,80.749998,0.792969,37.500000,90.000000,1
22730,151.762507,80.749998,0.792969,0.000000,0.000000,1
22740,151.650003,81.000000,0.791016,27.414955,114.228236,1
22750,151.537500,81.124998,0.789063,16.817118,131.988517,1
22760,151.537500,81.124998,0.789063,0.000000,0.000000,1
22770,151.537500,81.249996,0.788086,12.499809,90.000000,1
22780,151.537500,81.249996,0.788086,0.000000,0.000000,1
22790,151.425007,81.249996,0.788086,11.249313,180.000000,1
22800,151.425007,81.249996,0.788086,0.000000,0.000000,1
22810,151.425007,81.249996,0.788086,0.000000,0.000000,1
22820,151.425007,81.249996,0.788086,0.000000,0.000000,1
22830,151.425007,81.249996,0.788086,0.000000,0.000000,1
22840,151.425007,81.375000,0.788086,12.500381,90.000000,1
22850,151.537500,81.499998,0.786133,16.816429,48.014092,1
22860,151.537500,81.499998,0.786133,0.000000,0.000000,1
22870,151.762507,81.624996,0.789063,25.739583,29.053491,1
22880,151.762507,81.624996,0.789063,0.000000,0.000000,1
22890,151.987503,81.874998,0.793945,33.633972,48.013440,1
22900,152.437507,82.125000,0.804688,51.478543,29.054604,1
22910,152.437507,82.125000,0.804688,0.000000,0.000000,1
22920,153.000003,82.374996,0.806641,61.554893,23.962294,1
22930,153.000003,82.374996,0.806641,0.000000,0.000000,1
22940,153.562500,82.749996,0.810547,67.603801,33.690229,1
22950,154.462507,82.999998,0.814453,93.408421,15.524111,1
22960,154.462507,82.999998,0.814453,0.000000,0.000000,1
22970,155.812507,83.499996,0.816406,143.961734,20.323066,1
22980,155.812507,83.499996,0.816406,0.000000,0.000000,1
22990,156.825007,83.874996,0.816406,107.971350,20.323137,1
23000,157.725003,84.124998,0.814453,93.407429,15.524280,1
23010,157.725003,84.124998,0.814453,0.000000,0.000000,1
23020,158.625000,84.375000,0.814453,93.407429,15.524280,1
23030,158.625000,84.375000,0.814453,0.000000,0.000000,1
23040,159.300000,84.499998,0.814453,68.647616,10.491320,1
23050,160.312500,84.750000,0.815430,104.290805,13.869788,1
23060,160.312500,84.750000,0.815430,0.000000,0.000000,1
23070,160.875007,84.874998,0.818359,57.622782,12.528474,1
23080,160.875007,84.874998,0.818359,0.000000,0.000000,1
23090,161.437503,84.874998,0.819336,56.249657,0.000000,1
23100,162.112503,84.999996,0.823242,68.647616,10.491320,1
23110,162.112503,84.999996,0.823242,0.000000,0.000000,1
23120,163.012500,84.999996,0.830078,89.999657,0.000000,1
23130,163.012500,84.999996,0.830078,0.000000,0.000000,1
23140,163.462503,84.999996,0.833008,45.000343,0.000000,1
23150,163.912507,84.999996,0.833008,45.000343,0.000000,1
23160,163.912507,84.999996,0.833008,0.000000,0.000000,1
23170,164.250007,84.999996,0.833008,33.750000,0.000000,1
23180,164.250007,84.999996,0.833008,0.000000,0.000000,1
23190,164.587507,84.874998,0.833984,35.990384,-20.322852,1
23200,165.037500,84.750000,0.833984,46.703142,-15.524111,1
23210,165.037500,84.750000,0.833984,0.000000,0.000000,1
23220,165.150003,84.624996,0.834961,16.817543,-48.012788,1
23230,165.150003,84.624996,0.834961,0.000000,0.000000,1
23240,165.375000,84.499998,0.834961,25.738683,-29.054604,1
23250,165.487503,84.249996,0.833984,27.414955,-65.771764,1
23260,165.487503,84.249996,0.833984,0.000000,0.000000,1
23270,165.712500,84.000000,0.835938,33.633547,-48.012788,1
23280,165.712500,84.000000,0.835938,0.000000,0.000000,1
23290,165.825003,83.749998,0.836914,27.414955,-65.771764,1
23300,165.825003,83.499996,0.837891,25.000191,-90.000000,1
23310,165.825003,83.499996,0.837891,0.000000,0.000000,1
23320,165.937507,83.250000,0.837891,27.414433,-65.771273,1
23330,165.937507,83.250000,0.837891,0.000000,0.000000,1
23340,165.937507,82.875000,0.838867,37.500000,-90.000000,1
23350,165.937507,82.500000,0.838867,37.500000,-90.000000,1
23360,165.937507,82.500000,0.838867,0.000000,0.000000,1
23370,165.937507,81.999996,0.841797,50.000381,-90.000000,1
23380,165.937507,81.999996,0.841797,0.000000,0.000000,1
23390,165.937507,81.624996,0.842773,37.500000,-90.000000,1
23400,165.937507,81.249996,0.842773,37.500000,-90.000000,1
23410,165.937507,81.249996,0.842773,0.000000,0.000000,1
23420,165.937507,80.499996,0.847656,75.000000,-90.000000,1
23430,165.937507,80.499996,0.847656,0.000000,0.000000,1
23440,165.937507,80.124996,0.859375,37.500000,-90.000000,1
23450,165.937507,79.624998,0.864258,49.999809,-90.000000,1
23460,165.937507,79.624998,0.864258,0.000000,0.000000,1
23470,165.937507,79.249998,0.868164,37.500000,-90.000000,1
23480,165.937507,79.249998,0.868164,0.000000,0.000000,1
23490,165.937507,78.750000,0.873047,49.999809,-90.000000,1
23500,165.937507,78.375000,0.875977,37.500000,-90.000000,1
23510,165.937507,78.375000,0.875977,0.000000,0.000000,1
23520,165.825003,77.749998,0.878906,63.504678,-100.204248,1
23530,165.825003,77.749998,0.878906,0.000000,0.000000,1
23540,165.825003,77.374998,0.882813,37.500000,-90.000000,1
23550,165.712500,76.875000,0.885742,51.249889,-102.680805,1
23560,165.712500,76.875000,0.885742,0.000000,0.000000,1
23570,165.600007,76.125000,0.890625,75.838955,-98.530253,1
23580,165.600007,76.125000,0.890625,0.000000,0.000000,1
23590,165.487503,75.624996,0.892578,51.250448,-102.680664,1
23600,165.487503,75.124998,0.895508,49.999809,-90.000000,1
23610,165.487503,75.124998,0.895508,0.000000,0.000000,1
23620,165.375000,74.625000,0.899414,51.249889,-102.680805,1
23630,165.375000,74.625000,0.899414,0.000000,0.000000,1
23640,165.262507,74.124996,0.900391,51.250221,-102.679541,1
23650,165.150003,73.624998,0.906250,51.249889,-102.680805,1
23660,165.150003,73.624998,0.906250,0.000000,0.000000,1
23670,165.037500,72.750000,0.917969,88.220105,-97.326644,1
23680,165.037500,72.750000,0.917969,0.000000,0.000000,1
23690,164.925007,72.249996,0.921875,51.250221,-102.679541,1
23700,164.925007,71.625000,0.924805,62.499619,-90.000000,1
23710,164.925007,71.625000,0.924805,0.000000,0.000000,1
23720,164.812503,71.124996,0.925781,51.250448,-102.680664,1
23730,164.812503,71.124996,0.925781,0.000000,0.000000,1
23740,164.700000,70.374996,0.930664,75.839107,-98.531022,1
23750,164.587507,69.874998,0.934570,51.249663,-102.679681,1
23760,164.587507,69.874998,0.934570,0.000000,0.000000,1
23770,164.475003,69.249996,0.940430,63.504678,-100.204248,1
23780,164.475003,69.249996,0.940430,0.000000,0.000000,1
23790,164.362500,68.749998,0.943359,51.249889,-102.680805,1
23800,164.250007,68.250000,0.945313,51.249663,-102.679681,1
23810,164.250007,68.250000,0.945313,0.000000,0.000000,1
23820,164.137503,67.500000,0.946289,75.839107,-98.531022,1
23830,164.137503,67.500000,0.946289,0.000000,0.000000,1
23840,164.137503,67.125000,0.948242,37.500000,-90.000000,1
23850,164.025000,66.499998,0.950195,63.504678,-100.204248,1
23860,164.025000,66.499998,0.950195,0.000000,0.000000,1
23870,163.912507,66.000000,0.952148,51.249663,-102.679681,1
23880,163.912507,66.000000,0.952148,0.000000,0.000000,1
23890,163.800003,65.250000,0.954102,75.839107,-98.531022,1
23900,163.687500,64.749996,0.954102,51.250448,-102.680664,1
23910,163.687500,64.749996,0.954102,0.000000,0.000000,1
23920,163.687500,64.249998,0.956055,49.999809,-90.000000,1
23930,163.687500,64.249998,0.956055,0.000000,0.000000,1
23940,163.575007,63.750000,0.959961,51.249663,-102.679681,1
23950,163.462503,63.249996,0.962891,51.250448,-102.680664,1
23960,163.462503,63.249996,0.962891,0.000000,0.000000,1
23970,163.237507,62.499996,0.963867,78.302200,-106.699004,1
23980,163.237507,62.499996,0.963867,0.000000,0.000000,1
23990,163.125003,61.999998,0.959961,51.249889,-102.680805,1
24000,163.012500,61.374996,0.960938,63.504678,-100.204248,1
24010,163.012500,61.374996,0.960938,0.000000,0.000000,1
24020,162.900007,60.874998,0.963867,51.249663,-102.679681,1
24030,162.900007,60.874998,0.963867,0.000000,0.000000,1
24040,162.787503,60.124998,0.966797,75.839107,-98.531022,1
24050,162.675000,59.625000,0.966797,51.249889,-102.680805,1
24060,162.675000,59.625000,0.966797,0.000000,0.000000,1
24070,162.562507,59.250000,0.968750,39.150952,-106.698282,1
24080,162.562507,59.250000,0.968750,0.000000,0.000000,1
24090,162.450003,58.749996,0.968750,51.250448,-102.680664,1
24100,162.337500,58.374996,0.968750,39.151248,-106.699725,1
24110,162.337500,58.374996,0.968750,0.000000,0.000000,1
24120,162.112503,57.624996,0.971680,78.302200,-106.699004,1
24130,162.112503,57.624996,0.971680,0.000000,0.000000,1
24140,161.887507,57.124998,0.967773,54.828966,-114.227500,1
24150,161.775003,56.625000,0.968750,51.249889,-102.680805,1
24160,161.775003,56.625000,0.968750,0.000000,0.000000,1
24170,161.550007,56.250000,0.969727,43.731963,-120.963371,1
24180,161.550007,56.250000,0.969727,0.000000,0.000000,1
24190,161.437503,55.624998,0.962891,63.504678,-100.204248,1
24200,161.325000,55.249998,0.958008,39.151248,-106.699725,1
24210,161.325000,55.249998,0.958008,0.000000,0.000000,1
24220,161.212507,54.999996,0.958008,27.414532,-114.226273,1
24230,161.212507,54.999996,0.958008,0.000000,0.000000,1
24240,161.100003,54.624996,0.956055,39.151248,-106.699725,1
24250,160.987500,54.375000,0.948242,27.414433,-114.228727,1
24260,160.987500,54.375000,0.948242,0.000000,0.000000,1
24270,160.875007,54.124998,0.948242,27.414532,-114.226273,1
24280,160.875007,54.124998,0.948242,0.000000,0.000000,1
24290,160.650000,53.625000,0.946289,54.829388,-114.228481,1
24300,160.537507,53.250000,0.944336,39.150952,-106.698282,1
24310,160.537507,53.250000,0.944336,0.000000,0.000000,1
24320,160.312500,52.999998,0.929688,33.634661,-131.987865,1
24330,160.200007,52.624998,0.935547,39.150952,-106.698282,1
24340,160.200007,52.624998,0.935547,0.000000,0.000000,1
24350,160.087503,52.500000,0.935547,16.817118,-131.988517,1
24360,160.087503,52.500000,0.935547,0.000000,0.000000,1
24370,159.975000,52.374996,0.934570,16.817543,-131.987212,1
24380,159.975000,52.374996,0.934570,0.000000,0.000000,1
24390,159.975000,52.249998,0.933594,12.499809,-90.000000,1
24400,159.975000,52.249998,0.933594,0.000000,0.000000,1
24410,159.975000,52.249998,0.933594,0.000000,0.000000,1
24420,159.862507,52.374996,0.928711,16.816429,131.985908,1
24430,159.862507,52.374996,0.928711,0.000000,0.000000,1
24440,159.750003,52.500000,0.900391,16.817543,131.987212,1
24450,159.525007,52.749996,0.866211,33.633547,131.987212,1
24460,159.525007,52.749996,0.866211,0.000000,0.000000,1
24470,159.412503,53.250000,0.859375,51.250448,102.680664,1
24480,159.412503,53.250000,0.859375,0.000000,0.000000,1
24490,159.187507,55.125000,0.842773,188.845134,96.842670,1
24500,159.075003,56.749998,0.830078,162.888791,93.960437,1
24510,159.075003,56.749998,0.830078,0.000000,0.000000,1
24520,159.075003,57.999996,0.801758,124.999809,90.000000,1
24530,159.075003,57.999996,0.801758,0.000000,0.000000,1
24540,159.075003,58.999998,0.766602,100.000191,90.000000,1
24550,158.962500,59.625000,0.666992,63.504678,100.204248,1
24560,158.962500,59.625000,0.666992,0.000000,0.000000,1
24570,158.737503,60.999996,0.000000,139.328316,99.293195,0
24580,158.512507,61.749996,0.000000,78.302200,106.699004,0
24590,158.512507,61.749996,0.000000,0.000000,0.000000,0
24600,158.512507,62.374998,0.000000,62.500191,90.000000,0
24610,158.512507,62.374998,0.000000,0.000000,0.000000,0
24620,158.512507,63.624996,0.000000,124.999809,90.000000,0
24630,158.512507,63.624996,0.000000,0.000000,0.000000,0
24640,158.512507,65.499996,0.000000,187.500000,90.000000,0
24650,159.075003,67.500000,0.000000,207.759901,74.291482,0
24660,159.075003,67.500000,0.000000,0.000000,0.000000,0
24670,159.075003,67.999998,0.000000,49.999809,90.000000,0
24680,159.075003,67.999998,0.000000,0.000000,0.000000,0
24690,159.187507,68.374998,0.000000,39.151248,73.300275,0
24700,159.300000,68.374998,0.000000,11.249313,0.000000,0
24710,159.300000,68.874996,0.000000,49.999809,90.000000,0
24720,159.300000,68.874996,0.000000,0.000000,0.000000,0
24730,159.300000,68.874996,0.000000,0.000000,0.000000,0
24740,159.300000,68.874996,0.000000,0.000000,0.000000,0
24750,159.300000,68.874996,0.000000,0.000000,0.000000,0
24760,159.300000,68.874996,0.000000,0.000000,0.000000,0
24770,159.300000,68.874996,0.000000,0.000000,0.000000,0
24780,159.300000,68.874996,0.000000,0.000000,0.000000,0
24790,157.387503,73.249998,0.000000,477.475495,113.612153,0
24800,157.162507,73.374996,0.000000,25.738683,150.945396,0
24810,157.162507,73.374996,0.000000,0.000000,0.000000,0
24820,156.937500,73.624998,0.000000,33.634661,131.987865,0
24830,156.937500,73.624998,0.000000,0.000000,0.000000,0
24840,156.712503,73.749996,0.000000,25.738683,150.945396,0
24850,156.487507,73.875000,0.000000,25.738960,150.944282,0
24860,156.487507,73.875000,0.000000,0.000000,0.000000,0
24870,156.150007,74.124996,0.000000,42.000517,143.471563,0
24880,156.150007,74.124996,0.000000,0.000000,0.000000,0
24890,155.700003,74.499996,0.000000,58.577136,140.194644,0
24900,155.362503,74.625000,0.000000,35.990583,159.676294,0
24910,155.362503,74.625000,0.000000,0.000000,0.000000,0
24920,155.137507,74.625000,0.000000,22.499657,180.000000,0
24930,155.137507,74.625000,0.000000,0.000000,0.000000,0
24940,155.137507,74.749998,0.000000,12.499809,90.000000,0
24950,155.137507,74.874996,0.000000,12.499809,90.000000,0
24960,155.137507,74.874996,0.000000,0.000000,0.000000,0
24970,155.137507,75.124998,0.000000,25.000191,90.000000,0
24980,155.137507,75.124998,0.000000,0.000000,0.000000,0
24990,155.025003,75.124998,0.000000,11.250343,180.000000,0
25000,154.800007,75.249996,0.000000,25.738683,150.945396,0
25010,154.800007,75.249996,0.000000,0.000000,0.000000,0
25020,154.462507,75.249996,0.000000,33.750000,180.000000,0
25030,154.125007,75.249996,0.000000,33.750000,180.000000,0
25040,154.125007,75.249996,0.000000,0.000000,0.000000,0
25050,153.900000,75.124998,0.000000,25.739583,-150.946509,0
25060,153.900000,75.124998,0.000000,0.000000,0.000000,0
25070,153.562500,75.124998,0.000000,33.750000,180.000000,0
25080,153.337503,75.000000,0.000000,25.738683,-150.945396,0
25090,153.337503,75.000000,0.000000,0.000000,0.000000,0
25100,153.000003,74.749998,0.000000,42.000858,-143.470936,0
25110,152.662503,74.499996,0.379883,42.000858,-143.470936,1
25120,152.662503,74.499996,0.379883,0.000000,0.000000,1
25130,152.662503,74.499996,0.379883,0.000000,0.000000,1
25140,152.662503,74.499996,0.379883,0.000000,0.000000,1
25150,152.662503,74.499996,0.379883,0.000000,0.000000,1
25160,152.662503,74.499996,0.379883,0.000000,0.000000,1
25170,153.112507,74.749998,0.604492,51.478543,29.054604,1
25180,153.112507,74.749998,0.604492,0.000000,0.000000,1
25190,153.675003,75.000000,0.663086,61.555125,23.962781,1
25200,154.800007,75.375000,0.716797,118.585738,18.434896,1
25210,154.800007,75.375000,0.716797,0.000000,0.000000,1
25220,155.812507,75.750000,0.741211,107.971350,20.323137,1
25230,155.812507,75.750000,0.741211,0.000000,0.000000,1
25240,157.387503,76.249998,0.759766,165.245644,17.612551,1
25250,159.300000,76.749996,0.771484,197.677546,14.651330,1
25260,159.300000,76.749996,0.771484,0.000000,0.000000,1
25270,159.975000,76.875000,0.781250,68.647721,10.491790,1
25280,159.975000,76.875000,0.781250,0.000000,0.000000,1
25290,160.425003,76.875000,0.789063,45.000343,0.000000,1
25300,160.987500,76.999998,0.795898,57.621776,12.528697,1
25310,160.987500,76.999998,0.795898,0.000000,0.000000,1
25320,161.325000,77.124996,0.798828,35.990384,20.322852,1
25330,161.662500,77.124996,0.805664,33.750000,0.000000,1
25340,161.662500,77.124996,0.805664,0.000000,0.000000,1
25350,162.112503,77.124996,0.815430,45.000343,0.000000,1
25360,162.112503,77.124996,0.815430,0.000000,0.000000,1
25370,162.450003,76.999998,0.832031,35.990384,-20.322852,1
25380,162.675000,76.875000,0.847656,25.738683,-29.054604,1
25390,162.675000,76.875000,0.847656,0.000000,0.000000,1
25400,163.012500,76.875000,0.850586,33.750000,0.000000,1
25410,163.012500,76.875000,0.850586,0.000000,0.000000,1
25420,163.125003,76.749996,0.839844,16.817543,-48.012788,1
25430,163.125003,76.749996,0.839844,0.000000,0.000000,1
25440,163.012500,76.749996,0.000000,11.250343,180.000000,0
25450,162.675000,76.749996,0.000000,33.750000,180.000000,0
25460,162.675000,76.749996,0.000000,0.000000,0.000000,0
25470,162.337500,76.624998,0.000000,35.990384,-159.677148,0
25480,162.337500,76.624998,0.000000,0.000000,0.000000,0
25490,161.775003,76.624998,0.000000,56.249657,180.000000,0
25500,160.425003,75.750000,0.000000,160.876402,-147.050842,0
25510,160.425003,75.750000,0.000000,0.000000,0.000000,0
25520,159.075003,73.875000,0.000000,231.043827,-125.753887,0
25530,159.075003,73.875000,0.000000,0.000000,0.000000,0
25540,157.612500,72.249996,0.000000,218.621904,-131.987212,0
25550,156.600000,71.374998,0.000000,133.819950,-139.166567,0
25560,156.600000,71.374998,0.000000,0.000000,0.000000,0
25570,156.150007,70.875000,0.000000,67.267519,-131.986886,0
25580,155.587500,70.374996,0.000000,75.260733,-138.366591,0
25590,155.587500,70.374996,0.000000,0.000000,0.000000,0
25600,154.912500,69.874998,0.000000,84.001375,-143.471249,0
25610,154.912500,69.874998,0.000000,0.000000,0.000000,0
25620,154.575000,69.624996,0.000000,42.000858,-143.470936,0
25630,154.350003,69.375000,0.000000,33.633547,-131.987212,0
25640,154.350003,69.375000,0.000000,0.000000,0.000000,0
25650,154.012503,69.249996,0.000000,35.990583,-159.676294,0
25660,154.012503,69.249996,0.000000,0.000000,0.000000,0
25670,153.787507,69.124998,0.000000,25.738683,-150.945396,0
25680,153.675003,69.124998,0.000000,11.250343,180.000000,0
25690,153.675003,69.124998,0.000000,0.000000,0.000000,0
25700,153.450007,69.000000,0.000000,25.738683,-150.945396,0
25710,153.450007,69.000000,0.000000,0.000000,0.000000,0
25720,153.337503,68.874996,0.000000,16.817543,-131.987212,0
25730,153.337503,68.874996,0.000000,0.000000,0.000000,0
25740,153.337503,68.749998,0.000000,12.499809,-90.000000,0
25750,153.450007,68.749998,0.000000,11.250343,0.000000,0
25760,153.450007,68.749998,0.000000,0.000000,0.000000,0
25770,153.562500,68.874996,0.000000,16.816429,48.014092,0
25780,153.562500,68.874996,0.000000,0.000000,0.000000,0
25790,153.675003,69.124998,0.000000,27.414955,65.771764,0
25800,153.675003,69.124998,0.209961,0.000000,0.000000,1
25810,153.675003,69.124998,0.209961,0.000000,0.000000,1
25820,153.675003,69.124998,0.209961,0.000000,0.000000,1
25830,153.675003,69.124998,0.209961,0.000000,0.000000,1
25840,153.675003,69.124998,0.209961,0.000000,0.000000,1
25850,152.887500,69.000000,0.484375,79.736201,-170.980852,1
25860,152.887500,69.000000,0.484375,0.000000,0.000000,1
25870,152.437507,68.749998,0.502930,51.477643,-150.944839,1
25880,151.987503,68.625000,0.509766,46.704134,-164.476227,1
25890,151.987503,68.625000,0.509766,0.000000,0.000000,1
25900,151.537500,68.499996,0.510742,46.704287,-164.475551,1
25910,151.537500,68.499996,0.510742,0.000000,0.000000,1
25920,151.087507,68.250000,0.510742,51.477365,-150.945396,1
25930,151.087507,68.250000,0.510742,0.000000,0.000000,1
25940,150.637503,67.999998,0.512695,51.478543,-150.945396,1
25950,150.187500,67.624998,0.518555,58.577136,-140.194644,1
25960,150.187500,67.624998,0.518555,0.000000,0.000000,1
25970,150.075007,67.500000,0.541016,16.816429,-131.985908,1
25980,150.075007,67.500000,0.541016,0.000000,0.000000,1
25990,150.075007,67.500000,0.541016,0.000000,0.000000,1
26000,150.075007,67.500000,0.541016,0.000000,0.000000,1
26010,150.075007,67.500000,0.541016,0.000000,0.000000,1
26020,150.300003,67.500000,0.635742,22.499657,0.000000,1
26030,150.750007,67.500000,0.710938,45.000343,0.000000,1
26040,150.750007,67.500000,0.710938,0.000000,0.000000,1
26050,151.425007,67.749996,0.747070,71.980768,20.322852,1
26060,151.425007,67.749996,0.747070,0.000000,0.000000,1
26070,152.212500,67.999998,0.786133,82.622418,17.612848,1
26080,152.212500,67.999998,0.786133,0.000000,0.000000,1
26090,153.112507,68.124996,0.799805,90.864563,7.906984,1
26100,154.012503,68.374998,0.810547,93.407429,15.524280,1
26110,154.012503,68.374998,0.810547,0.000000,0.000000,1
26120,155.362503,68.625000,0.822266,137.295337,10.491555,1
26130,155.362503,68.625000,0.822266,0.000000,0.000000,1
26140,156.150007,68.749998,0.830078,79.736201,9.019148,1
26150,156.937500,68.874996,0.843750,79.735184,9.019264,1
26160,156.937500,68.874996,0.843750,0.000000,0.000000,1
26170,158.062503,69.124998,0.859375,115.244682,12.528863,1
26180,158.737503,69.124998,0.870117,67.500000,0.000000,1
26190,158.737503,69.124998,0.870117,0.000000,0.000000,1
26200,159.525007,69.249996,0.879883,79.736201,9.019148,1
26210,159.525007,69.249996,0.879883,0.000000,0.000000,1
26220,160.200007,69.249996,0.882813,67.500000,0.000000,1
26230,160.875007,69.375000,0.882813,68.647721,10.491790,1
26240,160.875007,69.375000,0.882813,0.000000,0.000000,1
26250,161.550007,69.499998,0.884766,68.647616,10.491320,1
26260,161.550007,69.499998,0.884766,0.000000,0.000000,1
26270,162.450003,69.624996,0.885742,90.863543,7.907073,1
26280,163.012500,69.750000,0.885742,57.621900,12.529252,1
26290,163.012500,69.750000,0.885742,0.000000,0.000000,1
26300,163.462503,69.750000,0.885742,45.000343,0.000000,1
26310,163.462503,69.750000,0.885742,0.000000,0.000000,1
26320,164.250007,69.874998,0.883789,79.736201,9.019148,1
26330,164.700000,69.874998,0.884766,44.999313,0.000000,1
26340,164.700000,69.874998,0.884766,0.000000,0.000000,1
26350,165.150003,69.874998,0.885742,45.000343,0.000000,1
26360,165.150003,69.874998,0.885742,0.000000,0.000000,1
26370,165.487503,69.874998,0.887695,33.750000,0.000000,1
26380,165.600007,69.999996,0.887695,16.817118,48.011483,1
26390,165.600007,69.999996,0.887695,0.000000,0.000000,1
26400,165.712500,69.999996,0.886719,11.249313,0.000000,1
26410,165.712500,69.999996,0.886719,0.000000,0.000000,1
26420,165.712500,69.999996,0.886719,0.000000,0.000000,1
