时间（ms）,X坐标（mm）,Y坐标（mm）,压力（0-1）,速度（mm/s）,角度（度）,落笔情况（1落笔/0抬笔）
0,35.662501,121.125000,0.309570,0.000000,0.000000,1
10,35.662501,121.125000,0.309570,0.000000,0.000000,1
20,35.662501,121.125000,0.309570,0.000000,0.000000,1
30,35.662501,121.125000,0.309570,0.000000,0.000000,1
40,35.662501,121.125000,0.309570,0.000000,0.000000,1
50,35.662501,121.250000,0.543945,12.500048,90.000000,1
60,35.662501,121.250000,0.543945,0.000000,0.000000,1
70,35.662501,121.250000,0.543945,0.000000,0.000000,1
80,35.775001,121.000000,0.565430,27.414636,-65.772152,1
90,36.000000,120.124999,0.570313,90.346615,-75.579321,1
100,36.112503,119.125000,0.593750,100.630757,-83.581062,1
110,36.225001,117.875000,0.605469,125.505214,-84.857313,1
120,36.562500,114.749999,0.644531,314.317326,-83.835965,1
130,36.787501,113.000000,0.646484,176.440464,-82.673564,1
140,36.899999,111.250000,0.684570,175.361176,-86.321816,1
150,37.012502,109.250000,0.692383,200.316218,-86.780432,1
160,37.350001,105.249999,0.733398,401.421391,-85.177105,1
170,37.575002,103.250000,0.745117,201.261466,-83.581183,1
180,37.800003,99.624999,0.767578,363.197800,-86.448255,1
190,37.912501,97.874999,0.777344,175.361176,-86.321816,1
200,38.137502,96.375000,0.789063,151.677984,-81.469194,1
210,38.475001,93.624997,0.791016,277.063603,-83.003260,1
220,38.587499,92.500000,0.798828,113.060799,-84.289479,1
230,38.700002,91.500001,0.803711,100.630757,-83.581062,1
240,38.812500,90.875001,0.811523,63.504399,-79.796179,1
250,38.925003,90.000000,0.811523,88.220377,-82.673435,1
260,38.925003,89.874997,0.809570,12.500286,-90.000000,1
270,38.925003,89.499998,0.808594,37.499905,-90.000000,1
280,39.037501,89.499998,0.806641,11.249828,0.000000,1
290,39.037501,89.499998,0.806641,0.000000,0.000000,1
300,38.925003,89.874997,0.790039,39.151009,106.699044,1
310,38.700002,90.625000,0.747070,78.302598,106.699244,1
320,38.475001,91.875000,0.688477,127.008873,100.204012,1
330,38.362503,93.624997,0.568359,175.360938,93.678189,1
340,38.137502,96.375000,0.000000,275.919259,94.677430,0
350,38.137502,100.000000,0.000000,362.499952,90.000000,0
360,38.137502,101.375000,0.000000,137.500048,90.000000,0
370,38.250000,102.375000,0.000000,100.630709,83.581304,0
380,38.475001,103.374999,0.000000,102.499926,77.319558,0
390,38.925003,105.000000,0.000000,168.615871,74.521319,0
400,39.262502,105.750000,0.000000,82.243929,65.772323,0
410,39.487503,106.624999,0.000000,90.346438,75.579152,0
420,40.162501,108.250000,0.000000,175.961710,67.442823,0
430,40.500000,109.124999,0.000000,93.783163,68.907678,0
440,41.287501,110.625000,0.000000,169.415479,62.300516,0
450,41.625000,111.125000,0.000000,60.324555,55.980692,0
460,41.737503,111.499999,0.000000,39.151132,73.300355,0
470,41.737503,111.750000,0.000000,25.000095,90.000000,0
480,41.850001,111.875000,0.000000,16.816951,48.013331,0
490,42.075002,112.000000,0.000000,25.739174,29.054604,0
500,42.187500,112.124999,0.000000,16.816773,48.012788,0
510,42.187500,112.124999,0.000000,0.000000,0.000000,0
520,42.187500,112.249999,0.000000,12.500048,90.000000,0
530,41.962499,112.249999,0.000000,22.500086,180.000000,0
540,41.850001,112.249999,0.000000,11.249828,180.000000,0
550,41.625000,112.249999,0.000000,22.500086,180.000000,0
560,41.399999,112.249999,0.000000,22.500086,180.000000,0
570,41.399999,112.249999,0.000000,0.000000,0.000000,0
580,41.287501,112.249999,0.000000,11.249828,180.000000,0
590,41.175003,112.249999,0.000000,11.249828,180.000000,0
600,41.175003,112.249999,0.000000,0.000000,0.000000,0
610,40.950002,112.375000,0.000000,25.739174,150.945396,0
620,40.725001,112.375000,0.000000,22.500086,180.000000,0
630,40.725001,112.375000,0.000000,0.000000,0.000000,0
640,40.612503,112.500000,0.000000,16.816951,131.986669,0
650,40.500000,112.500000,0.200195,11.250257,180.000000,1
660,40.500000,112.500000,0.200195,0.000000,0.000000,1
670,40.500000,112.500000,0.200195,0.000000,0.000000,1
680,40.500000,112.500000,0.200195,0.000000,0.000000,1
690,40.500000,112.500000,0.200195,0.000000,0.000000,1
700,40.500000,112.500000,0.200195,0.000000,0.000000,1
710,40.387502,112.625000,0.500000,16.816951,131.986669,1
720,40.387502,112.625000,0.500000,0.000000,0.000000,1
730,40.387502,112.625000,0.500000,0.000000,0.000000,1
740,40.387502,112.625000,0.500000,0.000000,0.000000,1
750,40.387502,112.625000,0.500000,0.000000,0.000000,1
760,40.387502,112.625000,0.500000,0.000000,0.000000,1
770,40.387502,112.625000,0.500000,0.000000,0.000000,1
780,40.387502,112.625000,0.500000,0.000000,0.000000,1
790,40.387502,112.625000,0.500000,0.000000,0.000000,1
800,40.387502,112.625000,0.500000,0.000000,0.000000,1
810,40.387502,112.625000,0.500000,0.000000,0.000000,1
820,40.387502,112.625000,0.500000,0.000000,0.000000,1
830,40.500000,112.625000,0.659180,11.249828,0.000000,1
840,40.837499,112.874999,0.660156,42.000590,36.528768,1
850,40.837499,112.874999,0.660156,0.000000,0.000000,1
860,41.399999,113.125000,0.660156,61.555400,23.962570,1
870,41.850001,113.499999,0.662109,58.576943,39.805392,1
880,43.312500,114.500000,0.662109,177.169597,34.362839,1
890,44.212499,115.124999,0.668945,109.572897,34.777806,1
900,46.125000,116.374999,0.668945,228.476684,33.168409,1
910,47.137502,116.750000,0.668945,107.971520,20.323117,1
920,48.149999,117.125000,0.668945,107.971117,20.323196,1
930,50.062500,117.624999,0.668945,197.677997,14.651339,1
940,50.062500,117.624999,0.668945,0.000000,0.000000,1
950,51.975001,118.000000,0.670898,194.891886,11.093725,1
960,52.875000,118.249999,0.669922,93.407619,15.524111,1
970,53.662501,118.375000,0.669922,79.735984,9.019347,1
980,55.350001,118.625000,0.676758,170.591797,8.426961,1
990,56.137502,118.750000,0.676758,79.735984,9.019347,1
1000,57.375000,118.750000,0.672852,123.749828,0.000000,1
1010,57.825002,118.874999,0.680664,46.704000,15.523970,1
1020,58.387502,118.874999,0.685547,56.250000,0.000000,1
1030,58.725001,118.750000,0.685547,35.990345,-20.323078,1
1040,59.399999,118.500000,0.688477,71.980731,-20.323166,1
1050,59.399999,118.500000,0.688477,0.000000,0.000000,1
1060,59.962499,118.249999,0.693359,61.555400,-23.962570,1
1070,60.187500,118.000000,0.698242,33.634100,-48.012652,1
1080,60.412501,117.875000,0.722656,25.739116,-29.054372,1
1090,60.750000,117.375000,0.722656,60.324654,-55.980756,1
1100,60.862503,117.250000,0.729492,16.817149,-48.011972,1
1110,61.087499,116.750000,0.732422,54.829205,-65.772613,1
1120,61.087499,116.500000,0.732422,24.999976,-90.000000,1
1130,61.087499,116.250000,0.734375,24.999976,-90.000000,1
1140,61.087499,115.749999,0.748047,50.000072,-90.000000,1
1150,60.975001,115.250000,0.748047,51.249916,-102.680208,1
1160,60.524999,113.750000,0.745117,156.604624,-106.699307,1
1170,60.300003,113.000000,0.746094,78.302246,-106.698994,1
1180,59.737503,111.499999,0.746094,160.200160,-110.556033,1
1190,59.399999,110.625000,0.747070,93.783317,-111.092567,1
1200,58.612503,108.875000,0.753906,191.902297,-114.227658,1
1210,58.162501,107.749999,0.750977,121.166449,-111.801451,1
1220,58.162501,107.749999,0.750977,0.000000,0.000000,1
1230,56.925003,105.500000,0.750977,256.785858,-118.810770,1
1240,56.250000,104.375000,0.750977,131.196509,-120.963864,1
1250,54.787501,102.124999,0.750977,268.354433,-123.023836,1
1260,54.112503,101.125000,0.754883,120.649110,-124.019308,1
1270,53.100001,99.375000,0.753906,202.179575,-120.052497,1
1280,52.762502,98.750000,0.751953,71.030322,-118.368985,1
1290,52.200002,98.000000,0.741211,93.750038,-126.869880,1
1300,51.975001,97.625000,0.694336,43.732102,-120.963917,1
1310,51.975001,97.625000,0.694336,0.000000,0.000000,1
1320,50.962499,96.499999,0.000000,151.353527,-131.987212,0
1330,50.737503,96.375000,0.000000,25.738683,-150.945396,0
1340,50.512502,96.125000,0.000000,33.634188,-131.987212,0
1350,49.950002,95.625000,0.000000,75.259934,-138.366488,0
1360,49.500000,95.249999,0.000000,58.577096,-140.194429,0
1370,49.050003,94.874997,0.000000,58.576766,-140.194160,0
1380,48.262502,94.375000,0.000000,93.282085,-147.587870,0
1390,47.925003,94.124999,0.000000,42.000732,-143.470970,0
1400,47.587499,94.124999,0.000000,33.750343,180.000000,0
1410,47.137502,94.124999,0.000000,44.999743,180.000000,0
1420,46.912501,94.000001,0.000000,25.739058,-150.945860,0
1430,46.687500,94.000001,0.000000,22.500086,180.000000,0
1440,46.237503,93.624997,0.000000,58.576919,-140.193981,0
1450,45.899999,93.499999,0.000000,35.990706,-159.677338,0
1460,45.562500,93.375001,0.000000,35.990303,-159.677100,0
1470,44.887502,93.125000,0.000000,71.980772,-159.676745,0
1480,44.550003,92.999997,0.000000,35.990469,-159.676389,0
1490,44.212499,92.750001,0.000000,42.000793,-143.471842,0
1500,43.649999,92.624998,0.000000,57.622215,-167.470915,0
1510,43.312500,92.500000,0.000000,35.990303,-159.677100,0
1520,43.087499,92.374997,0.000000,25.739289,-150.944932,0
1530,42.862503,92.374997,0.000000,22.499657,180.000000,0
1540,42.524999,92.374997,0.000000,33.750343,180.000000,0
1550,42.412501,92.249999,0.000000,16.816773,-131.987212,0
1560,42.075002,92.249999,0.000000,33.749914,180.000000,0
1570,41.962499,92.249999,0.000000,11.250257,180.000000,0
1580,41.850001,92.125001,0.000000,16.816773,-131.987212,0
1590,41.737503,92.125001,0.000000,11.249828,180.000000,0
1600,41.737503,92.125001,0.000000,0.000000,0.000000,0
1610,41.512502,92.125001,0.000000,22.500086,180.000000,0
1620,41.512502,92.125001,0.000000,0.000000,0.000000,0
1630,41.512502,92.125001,0.000000,0.000000,0.000000,0
1640,41.625000,92.249999,0.000000,16.816773,48.012788,0
1650,41.625000,92.374997,0.000000,12.499809,90.000000,0
1660,41.625000,92.374997,0.000000,0.000000,0.000000,0
1670,41.625000,92.374997,0.000000,0.000000,0.000000,0
1680,41.625000,92.374997,0.000000,0.000000,0.000000,0
1690,41.737503,92.249999,0.000000,16.817061,-48.011701,0
1700,41.625000,92.125001,0.000000,16.817061,-131.988299,0
1710,41.625000,92.125001,0.000000,0.000000,0.000000,0
1720,41.625000,91.999998,0.235352,12.500286,-90.000000,1
1730,41.625000,91.999998,0.235352,0.000000,0.000000,1
1740,41.625000,91.999998,0.235352,0.000000,0.000000,1
1750,41.625000,91.999998,0.235352,0.000000,0.000000,1
1760,41.625000,91.999998,0.235352,0.000000,0.000000,1
1770,41.625000,91.999998,0.235352,0.000000,0.000000,1
1780,41.625000,91.999998,0.235352,0.000000,0.000000,1
1790,41.625000,91.999998,0.235352,0.000000,0.000000,1
1800,41.625000,91.999998,0.235352,0.000000,0.000000,1
1810,41.625000,91.999998,0.235352,0.000000,0.000000,1
1820,41.625000,91.999998,0.235352,0.000000,0.000000,1
1830,41.737503,91.999998,0.605469,11.250257,0.000000,1
1840,41.962499,91.999998,0.626953,22.499657,0.000000,1
1850,42.075002,91.999998,0.626953,11.250257,0.000000,1
1860,42.187500,91.999998,0.663086,11.249828,0.000000,1
1870,42.750000,91.999998,0.688477,56.250000,0.000000,1
1880,43.087499,92.125001,0.706055,35.990469,20.323611,1
1890,43.537501,92.374997,0.707031,51.478116,29.054140,1
1900,44.212499,92.624998,0.732422,71.980772,20.323255,1
1910,46.350001,93.499999,0.732422,230.966237,22.262075,1
1920,47.700002,94.124999,0.750000,148.765833,24.842375,1
1930,50.399999,95.249999,0.754883,292.499744,22.619876,1
1940,51.862503,95.750000,0.754883,154.561256,18.874575,1
1950,53.212499,96.125000,0.758789,140.111206,15.524111,1
1960,56.250000,96.750000,0.762695,310.113471,11.626978,1
1970,56.250000,96.750000,0.762695,0.000000,0.000000,1
1980,58.950002,97.124999,0.757813,272.591885,7.907138,1
1990,60.187500,97.249999,0.763672,124.379545,5.767919,1
2000,62.437500,97.500000,0.763672,226.384639,6.340216,1
2010,63.450002,97.625000,0.770508,102.018863,7.037956,1
2020,64.912501,97.874999,0.778320,148.371258,9.700343,1
2030,65.362503,97.874999,0.778320,45.000172,0.000000,1
2040,65.700002,97.874999,0.781250,33.749914,0.000000,1
2050,66.037501,97.874999,0.783203,33.749914,0.000000,1
2060,66.149999,97.874999,0.783203,11.249828,0.000000,1
2070,66.375000,97.874999,0.786133,22.500086,0.000000,1
2080,66.375000,97.874999,0.786133,0.000000,0.000000,1
2090,66.487503,97.874999,0.791992,11.250257,0.000000,1
2100,66.487503,97.874999,0.791992,0.000000,0.000000,1
2110,66.487503,97.874999,0.791992,0.000000,0.000000,1
2120,66.487503,97.874999,0.791992,0.000000,0.000000,1
2130,66.375000,97.874999,0.895508,11.250257,180.000000,1
2140,66.375000,97.874999,0.895508,0.000000,0.000000,1
2150,65.362503,97.874999,0.857422,101.249743,180.000000,1
2160,63.675003,97.749999,0.000000,169.212333,-175.763589,0
2170,61.200002,97.249999,0.000000,252.500075,-168.578828,0
2180,59.625000,96.750000,0.000000,165.246178,-162.387456,0
2190,56.925003,95.750000,0.000000,287.923326,-159.676863,0
2200,55.912501,95.374999,0.000000,107.971561,-159.676824,0
2210,55.125000,95.000000,0.000000,87.222812,-154.536736,0
2220,55.575002,95.125000,0.000000,46.704032,15.524111,0
2230,55.575002,95.125000,0.000000,0.000000,0.000000,0
2240,56.362503,95.374999,0.000000,82.623053,17.612465,0
2250,56.362503,95.374999,0.000000,0.000000,0.000000,0
2260,56.137502,95.249999,0.000000,25.739174,-150.945396,0
2270,55.912501,94.625001,0.000000,66.426456,-109.799016,0
2280,55.125000,94.124999,0.000000,93.282341,-147.587623,0
2290,54.675003,93.249998,0.000000,98.393310,-117.215953,0
2300,54.675003,92.500000,0.000000,74.999809,-90.000000,0
2310,54.899999,91.500001,0.000000,102.499832,-77.319792,0
2320,55.125000,89.124999,0.000000,238.563607,-84.588115,0
2330,55.350001,87.874999,0.000000,127.008873,-79.795988,0
2340,55.575002,86.749997,0.000000,114.728143,-78.690044,0
2350,55.575002,85.999999,0.000000,74.999809,-90.000000,0
2360,55.237503,85.999999,0.000000,33.749914,180.000000,0
2370,55.012502,85.999999,0.000000,22.500086,180.000000,0
2380,53.887502,85.625000,0.000000,118.585382,-161.565095,0
2390,53.100001,85.625000,0.000000,78.750086,180.000000,0
2400,52.200002,85.374999,0.000000,93.407651,-164.475819,0
2410,50.175003,85.000000,0.000000,205.942852,-169.508545,0
2420,49.274999,84.874997,0.000000,90.864289,-172.092688,0
2430,48.487503,84.874997,0.000000,78.749657,180.000000,0
2440,47.925003,84.874997,0.000000,56.250000,180.000000,0
2450,47.475001,84.749999,0.000000,46.703969,-164.476171,0
2460,46.912501,84.625001,0.000000,57.622111,-167.471377,0
2470,46.462499,84.375000,0.000000,51.478347,-150.945396,0
2480,46.125000,84.375000,0.000000,33.749914,180.000000,0
2490,45.675003,84.249997,0.000000,46.703683,-164.475466,0
2500,44.887502,83.874998,0.000000,87.222812,-154.536736,0
2510,44.437500,83.624997,0.000000,51.478347,-150.945396,0
2520,43.875000,83.375001,0.000000,61.555206,-156.037835,0
2530,43.762502,83.125000,0.000000,27.414657,-114.227336,0
2540,43.649999,82.999997,0.000000,16.817415,-131.987212,0
2550,43.537501,82.874999,0.000000,16.816773,-131.987212,0
2560,43.649999,82.874999,0.000000,11.249828,0.000000,0
2570,43.762502,82.874999,0.000000,11.250257,0.000000,0
2580,43.875000,82.874999,0.000000,11.249828,0.000000,0
2590,44.212499,82.874999,0.000000,33.749914,0.000000,0
2600,44.325002,82.874999,0.000000,11.250257,0.000000,0
2610,44.437500,82.999997,0.000000,16.816773,48.012788,0
2620,44.437500,82.999997,0.000000,0.000000,0.000000,0
2630,44.437500,82.999997,0.000000,0.000000,0.000000,0
2640,44.437500,82.999997,0.000000,0.000000,0.000000,0
2650,44.437500,82.999997,0.000000,0.000000,0.000000,0
2660,44.325002,83.125000,0.000000,16.817128,131.986126,0
2670,44.100001,82.999997,0.000000,25.739289,-150.944932,0
2680,43.987503,82.999997,0.000000,11.249828,180.000000,0
2690,43.987503,82.999997,0.000000,0.000000,0.000000,0
2700,43.762502,82.874999,0.000000,25.739058,-150.945860,0
2710,43.537501,82.750001,0.000000,25.739058,-150.945860,0
2720,43.425003,82.750001,0.000000,11.249828,180.000000,0
2730,43.425003,82.750001,0.000000,0.000000,0.000000,0
2740,43.312500,82.624998,0.000000,16.817415,-131.987212,0
2750,43.087499,82.624998,0.000000,22.500086,180.000000,0
2760,42.975001,82.500000,0.000000,16.816773,-131.987212,0
2770,42.862503,82.500000,0.000000,11.249828,180.000000,0
2780,42.862503,82.500000,0.000000,0.000000,0.000000,0
2790,42.750000,82.249999,0.000000,27.414833,-114.228154,0
2800,42.750000,82.249999,0.000000,0.000000,0.000000,0
2810,42.750000,82.249999,0.000000,0.000000,0.000000,0
2820,43.087499,82.249999,0.000000,33.749914,0.000000,0
2830,43.200002,82.249999,0.000000,11.250257,0.000000,0
2840,43.312500,82.374997,0.000000,16.816773,48.012788,0
2850,43.762502,82.500000,0.000000,46.704096,15.524393,0
2860,43.875000,82.500000,0.000000,11.249828,0.000000,0
2870,44.100001,82.624998,0.000000,25.739058,29.054140,0
2880,44.325002,82.750001,0.000000,25.739289,29.055068,0
2890,45.000000,83.125000,0.000000,77.217030,29.054604,0
2900,45.450002,83.375001,0.000000,51.478347,29.054604,0
2910,46.237503,83.874998,0.000000,93.282085,32.412130,0
2920,46.575002,84.000001,0.000000,35.990469,20.323611,0
2930,46.912501,84.249997,0.000000,42.000448,36.528507,0
2940,47.362503,84.499998,0.000000,51.478347,29.054604,0
2950,47.475001,84.499998,0.000000,11.249828,0.000000,0
2960,47.475001,84.625001,0.000000,12.500286,90.000000,0
2970,47.475001,84.625001,0.000000,0.000000,0.000000,0
2980,47.475001,84.625001,0.000000,0.000000,0.000000,0
2990,47.475001,84.625001,0.000000,0.000000,0.000000,0
3000,47.362503,84.625001,0.000000,11.249828,180.000000,0
3010,47.362503,84.625001,0.000000,0.000000,0.000000,0
3020,47.137502,84.625001,0.000000,22.500086,180.000000,0
3030,47.137502,84.625001,0.000000,0.000000,0.000000,0
3040,47.024999,84.625001,0.000000,11.250257,180.000000,0
3050,46.912501,84.625001,0.000000,11.249828,180.000000,0
3060,46.912501,84.625001,0.000000,0.000000,0.000000,0
3070,46.800003,84.625001,0.000000,11.249828,180.000000,0
3080,46.800003,84.625001,0.000000,0.000000,0.000000,0
3090,46.800003,84.625001,0.000000,0.000000,0.000000,0
3100,46.800003,84.625001,0.000000,0.000000,0.000000,0
3110,46.800003,84.625001,0.000000,0.000000,0.000000,0
3120,46.800003,84.625001,0.000000,0.000000,0.000000,0
3130,46.800003,84.625001,0.000000,0.000000,0.000000,0
3140,46.800003,84.625001,0.000000,0.000000,0.000000,0
3150,46.800003,84.625001,0.000000,0.000000,0.000000,0
3160,46.800003,84.625001,0.000000,0.000000,0.000000,0
3170,46.800003,84.625001,0.000000,0.000000,0.000000,0
3180,46.800003,84.625001,0.000000,0.000000,0.000000,0
3190,46.800003,84.625001,0.000000,0.000000,0.000000,0
3200,46.575002,84.625001,0.000000,22.500086,180.000000,0
3210,46.575002,84.625001,0.000000,0.000000,0.000000,0
3220,46.575002,84.625001,0.000000,0.000000,0.000000,0
3230,46.575002,84.625001,0.000000,0.000000,0.000000,0
3240,46.575002,84.625001,0.000000,0.000000,0.000000,0
3250,46.462499,84.625001,0.000000,11.250257,180.000000,0
3260,46.462499,84.625001,0.000000,0.000000,0.000000,0
3270,46.462499,84.625001,0.000000,0.000000,0.000000,0
3280,46.462499,84.625001,0.000000,0.000000,0.000000,0
3290,46.462499,84.625001,0.000000,0.000000,0.000000,0
3300,46.462499,84.625001,0.000000,0.000000,0.000000,0
3310,46.575002,84.625001,0.000000,11.250257,0.000000,0
3320,46.575002,84.625001,0.000000,0.000000,0.000000,0
3330,46.575002,84.749999,0.000000,12.499809,90.000000,0
3340,46.575002,84.749999,0.000000,0.000000,0.000000,0
3350,46.687500,84.749999,0.000000,11.249828,0.000000,0
3360,46.687500,84.874997,0.000000,12.499809,90.000000,0
3370,46.687500,84.874997,0.000000,0.000000,0.000000,0
3380,46.687500,84.874997,0.000000,0.000000,0.000000,0
3390,46.687500,84.874997,0.000000,0.000000,0.000000,0
3400,46.687500,84.874997,0.000000,0.000000,0.000000,0
3410,46.687500,84.874997,0.000000,0.000000,0.000000,0
3420,46.687500,84.874997,0.000000,0.000000,0.000000,0
3430,46.687500,84.874997,0.000000,0.000000,0.000000,0
3440,46.687500,84.874997,0.000000,0.000000,0.000000,0
3450,46.687500,84.874997,0.000000,0.000000,0.000000,0
3460,46.687500,84.874997,0.000000,0.000000,0.000000,0
3470,46.687500,84.874997,0.000000,0.000000,0.000000,0
3480,46.687500,84.874997,0.000000,0.000000,0.000000,0
3490,46.575002,84.749999,0.000000,16.816773,-131.987212,0
3500,46.575002,84.749999,0.000000,0.000000,0.000000,0
3510,46.462499,84.625001,0.000000,16.817061,-131.988299,0
3520,46.350001,84.625001,0.000000,11.249828,180.000000,0
3530,46.350001,84.625001,0.000000,0.000000,0.000000,0
3540,46.237503,84.499998,0.000000,16.817128,-131.986126,0
3550,46.237503,84.499998,0.000000,0.000000,0.000000,0
3560,46.237503,84.499998,0.000000,0.000000,0.000000,0
3570,46.237503,84.499998,0.000000,0.000000,0.000000,0
3580,46.237503,84.499998,0.000000,0.000000,0.000000,0
3590,46.350001,84.499998,0.000000,11.249828,0.000000,0
3600,46.462499,84.499998,0.000000,11.249828,0.000000,0
3610,46.462499,84.375000,0.272461,12.499809,-90.000000,1
3620,46.462499,84.375000,0.272461,0.000000,0.000000,1
3630,46.462499,84.375000,0.272461,0.000000,0.000000,1
3640,46.462499,84.375000,0.272461,0.000000,0.000000,1
3650,46.462499,84.375000,0.272461,0.000000,0.000000,1
3660,46.462499,84.375000,0.272461,0.000000,0.000000,1
3670,46.462499,84.375000,0.272461,0.000000,0.000000,1
3680,46.462499,84.375000,0.272461,0.000000,0.000000,1
3690,46.462499,84.375000,0.272461,0.000000,0.000000,1
3700,46.462499,84.375000,0.272461,0.000000,0.000000,1
3710,46.462499,84.375000,0.272461,0.000000,0.000000,1
3720,46.462499,84.375000,0.272461,0.000000,0.000000,1
3730,46.462499,84.375000,0.272461,0.000000,0.000000,1
3740,46.462499,84.375000,0.272461,0.000000,0.000000,1
3750,46.462499,84.375000,0.272461,0.000000,0.000000,1
3760,46.462499,84.375000,0.272461,0.000000,0.000000,1
3770,46.687500,84.375000,0.750977,22.500086,0.000000,1
3780,46.912501,84.499998,0.747070,25.739058,29.054140,1
3790,47.250000,84.625001,0.750977,35.990469,20.323611,1
3800,48.712499,85.374999,0.762695,164.359389,27.149636,1
3810,49.950002,85.999999,0.762695,138.637571,26.796033,1
3820,51.412501,86.749997,0.762695,164.359389,27.149636,1
3830,52.875000,87.624998,0.766602,170.426829,30.891729,1
3840,55.687500,89.124999,0.766602,318.750045,28.072502,1
3850,57.149999,89.625001,0.770508,154.560850,18.874627,1
3860,59.287501,90.499997,0.765625,230.966056,22.261965,1
3870,60.187500,90.749998,0.765625,93.407651,15.524181,1
3880,61.087499,90.999999,0.768555,93.407651,15.524181,1
3890,61.312500,91.124997,0.769531,25.739058,29.054140,1
3900,61.425003,91.124997,0.769531,11.250257,0.000000,1
3910,61.537501,91.124997,0.770508,11.249828,0.000000,1
3920,61.537501,91.124997,0.770508,0.000000,0.000000,1
3930,61.537501,91.124997,0.770508,0.000000,0.000000,1
3940,61.537501,91.124997,0.770508,0.000000,0.000000,1
3950,61.312500,90.999999,0.772461,25.739058,-150.945860,1
3960,60.975001,90.875001,0.733398,35.990303,-159.677100,1
3970,60.412501,90.625000,0.000000,61.555400,-156.037430,0
3980,59.399999,90.250001,0.000000,107.971478,-159.676942,0
3990,58.837499,90.000000,0.000000,61.555400,-156.037430,0
4000,58.050003,89.625001,0.000000,87.222424,-154.536615,0
4010,57.149999,89.249997,0.000000,97.500464,-157.380006,0
4020,55.350001,87.999997,0.000000,219.145929,-145.222143,0
4030,54.337499,87.374997,0.000000,118.986752,-148.313676,0
4040,52.649999,85.999999,0.000000,217.675814,-140.826381,0
4050,51.862503,85.250001,0.000000,108.749620,-136.397129,0
4060,51.187500,84.499998,0.000000,100.902565,-131.987212,0
4070,49.725001,82.874999,0.000000,218.621262,-131.987212,0
4080,48.825002,82.125001,0.000000,117.153557,-140.194474,0
4090,48.037501,81.250000,0.000000,117.719339,-131.987212,0
4100,46.125000,79.625001,0.000000,250.963771,-139.646365,0
4110,45.337499,78.750000,0.000000,117.719339,-131.987212,0
4120,44.662501,77.874999,0.000000,110.510151,-127.647520,0
4130,43.312500,76.374998,0.000000,201.804489,-131.987212,0
4140,42.637502,75.749998,0.000000,91.991722,-137.202526,0
4150,41.962499,75.124998,0.000000,91.992036,-137.202707,0
4160,40.725001,74.000001,0.000000,167.242954,-137.726344,0
4170,40.274999,73.624997,0.000000,58.577249,-140.194250,0
4180,39.825002,73.249998,0.000000,58.576614,-140.194339,0
4190,39.487503,72.999997,0.000000,42.000732,-143.470970,0
4200,39.149999,72.624998,0.000000,50.451249,-131.987575,0
4210,38.925003,72.500000,0.000000,25.738683,-150.945396,0
4220,38.475001,72.125001,0.000000,58.576943,-140.194608,0
4230,38.137502,71.875000,0.000000,42.000732,-143.470970,0
4240,37.912501,71.624999,0.000000,33.634188,-131.987212,0
4250,37.462499,71.374998,0.000000,51.478347,-150.945396,0
4260,37.237503,71.250000,0.000000,25.738683,-150.945396,0
4270,37.237503,71.250000,0.000000,0.000000,0.000000,0
4280,37.012502,70.999999,0.000000,33.634188,-131.987212,0
4290,36.899999,70.875001,0.000000,16.817061,-131.988299,0
4300,36.787501,70.875001,0.000000,11.249828,180.000000,0
4310,36.562500,70.749998,0.000000,25.739289,-150.944932,0
4320,36.337499,70.499997,0.000000,33.634188,-131.987212,0
4330,36.112503,70.374999,0.000000,25.738683,-150.945396,0
4340,35.775001,69.874997,0.000000,60.324873,-124.019350,0
4350,35.550000,69.625001,0.000000,33.633834,-131.987756,0
4360,35.325000,69.375000,0.000000,33.634188,-131.987212,0
4370,34.875000,69.000001,0.000000,58.576779,-140.194474,0
4380,34.650001,68.750000,0.000000,33.634045,-131.986941,0
4390,34.425000,68.499999,0.000000,33.634188,-131.987212,0
4400,33.975001,68.125000,0.000000,58.576779,-140.194474,0
4410,33.637500,67.999997,0.000000,35.990670,-159.676507,0
4420,33.187500,67.750001,0.000000,51.477928,-150.945744,0
4430,32.850001,67.624998,0.000000,35.990469,-159.676389,0
4440,32.062500,67.249999,0.000000,87.222812,-154.536736,0
4450,31.725001,67.125001,0.000000,35.990303,-159.677100,0
4460,31.050000,66.749997,0.000000,77.217449,-150.945164,0
4470,30.825000,66.624999,0.000000,25.739058,-150.945860,0
4480,30.487500,66.624999,0.000000,33.749914,180.000000,0
4490,30.150001,66.500001,0.000000,35.990303,-159.677100,0
4500,29.925000,66.374998,0.000000,25.739289,-150.944932,0
4510,29.700000,66.374998,0.000000,22.500086,180.000000,0
4520,29.362500,66.250000,0.000000,35.990303,-159.677100,0
4530,29.137500,66.124997,0.000000,25.739289,-150.944932,0
4540,28.912501,65.999999,0.000000,25.738870,-150.945628,0
4550,28.687500,65.875001,0.000000,25.739058,-150.945860,0
4560,28.350001,65.749998,0.000000,35.990469,-159.676389,0
4570,28.125000,65.625000,0.000000,25.739058,-150.945860,0
4580,28.012500,65.499997,0.000000,16.817271,-131.986669,0
4590,27.675000,65.250001,0.000000,42.000448,-143.471493,0
4600,27.562500,65.124998,0.000000,16.817271,-131.986669,0
4610,27.225001,64.874997,0.000000,42.000732,-143.470970,0
4620,27.112500,64.749999,0.000000,16.816917,-131.987756,0
4630,27.000000,64.625001,0.000000,16.816917,-131.987756,0
4640,26.887500,64.499998,0.000000,16.817271,-131.986669,0
4650,26.775001,64.375000,0.000000,16.816773,-131.987212,0
4660,26.775001,64.375000,0.000000,0.000000,0.000000,0
4670,26.662501,64.249997,0.000000,16.817271,-131.986669,0
4680,26.550000,64.124999,0.000000,16.816917,-131.987756,0
4690,26.212501,64.000001,0.000000,35.990303,-159.677100,0
4700,26.100001,63.874998,0.000000,16.817271,-131.986669,0
4710,25.875000,63.750000,0.000000,25.739058,-150.945860,0
4720,25.762500,63.750000,0.000000,11.250043,180.000000,0
4730,25.650001,63.499999,0.000000,27.414657,-114.227336,0
4740,25.650001,63.375001,0.000000,12.499809,-90.000000,0
4750,25.650001,63.125000,0.000000,25.000095,-90.000000,0
4760,25.650001,63.125000,0.000000,0.000000,0.000000,0
4770,25.537501,62.999997,0.222656,16.817271,-131.986669,1
4780,25.537501,62.999997,0.222656,0.000000,0.000000,1
4790,25.537501,62.999997,0.222656,0.000000,0.000000,1
4800,25.537501,62.999997,0.222656,0.000000,0.000000,1
4810,25.537501,62.999997,0.222656,0.000000,0.000000,1
4820,25.537501,62.999997,0.222656,0.000000,0.000000,1
4830,25.537501,62.999997,0.222656,0.000000,0.000000,1
4840,25.537501,62.999997,0.222656,0.000000,0.000000,1
4850,25.537501,62.999997,0.222656,0.000000,0.000000,1
4860,25.537501,62.999997,0.222656,0.000000,0.000000,1
4870,25.537501,62.999997,0.222656,0.000000,0.000000,1
4880,25.537501,62.999997,0.222656,0.000000,0.000000,1
4890,25.537501,62.999997,0.222656,0.000000,0.000000,1
4900,25.537501,62.999997,0.222656,0.000000,0.000000,1
4910,25.537501,62.999997,0.222656,0.000000,0.000000,1
4920,25.537501,62.999997,0.222656,0.000000,0.000000,1
4930,25.537501,62.999997,0.222656,0.000000,0.000000,1
4940,25.537501,62.999997,0.222656,0.000000,0.000000,1
4950,25.650001,62.874999,0.665039,16.816917,-48.012244,1
4960,25.762500,62.874999,0.665039,11.249828,0.000000,1
4970,25.875000,62.750001,0.675781,16.816917,-48.012244,1
4980,25.987500,62.750001,0.675781,11.250043,0.000000,1
4990,26.100001,62.750001,0.675781,11.250043,0.000000,1
5000,26.437500,62.750001,0.683594,33.749914,0.000000,1
5010,26.437500,62.750001,0.683594,0.000000,0.000000,1
5020,27.225001,62.750001,0.711914,78.750086,0.000000,1
5030,27.225001,62.750001,0.711914,0.000000,0.000000,1
5040,28.237500,63.249998,0.744141,112.922651,26.281291,1
5050,29.025001,63.624997,0.744141,87.222812,25.463264,1
5060,30.937500,64.375000,0.752930,205.430173,21.413057,1
5070,32.062500,64.749999,0.755859,118.585382,18.434905,1
5080,33.187500,65.124998,0.755859,118.585382,18.434905,1
5090,35.775001,66.124997,0.770508,277.401532,21.130165,1
5100,35.775001,66.124997,0.770508,0.000000,0.000000,1
5110,38.812500,67.374997,0.770508,328.464586,22.368284,1
5120,42.412501,68.874998,0.788086,390.000116,22.619873,1
5130,44.212499,69.749999,0.788086,200.140463,25.924948,1
5140,46.237503,70.499997,0.788086,215.942956,20.323058,1
5150,48.262502,71.374998,0.791992,220.595743,23.369145,1
5160,52.425003,73.125000,0.799805,451.540918,22.802897,1
5170,54.562500,73.874998,0.796875,226.525769,19.334785,1
5180,58.612503,75.499997,0.796875,436.384495,21.862338,1
5190,58.612503,75.499997,0.796875,0.000000,0.000000,1
5200,62.325002,76.875000,0.794922,395.894970,20.323180,1
5210,64.012502,77.500000,0.794922,179.952251,20.323137,1
5220,65.362503,77.874999,0.801758,140.111620,15.524064,1
5230,67.500000,78.499999,0.797852,222.699803,16.298815,1
5240,68.287501,78.624997,0.797852,79.735947,9.019177,1
5250,69.300003,78.750000,0.801758,102.018892,7.038088,1
5260,69.412501,78.874998,0.801758,16.816773,48.012788,1
5270,69.637502,78.874998,0.800781,22.500086,0.000000,1
5280,69.637502,78.874998,0.800781,0.000000,0.000000,1
5290,69.750000,78.874998,0.800781,11.249828,0.000000,1
5300,69.750000,78.874998,0.800781,0.000000,0.000000,1
5310,69.750000,78.874998,0.800781,0.000000,0.000000,1
5320,69.750000,78.874998,0.800781,0.000000,0.000000,1
5330,69.637502,78.874998,0.797852,11.249828,180.000000,1
5340,69.075002,78.874998,0.750000,56.250000,180.000000,1
5350,68.287501,78.750000,0.000000,79.735947,-170.980823,0
5360,66.825002,78.624997,0.000000,146.783155,-175.114683,0
5370,65.587499,78.375001,0.000000,126.250177,-168.579007,0
5380,62.887502,77.874999,0.000000,274.590386,-169.508474,0
5390,61.537501,77.624998,0.000000,137.295404,-169.508490,0
5400,60.300003,77.624998,0.000000,123.749828,180.000000,0
5410,59.175003,77.624998,0.000000,112.500000,180.000000,0
5420,57.487503,77.624998,0.000000,168.750000,180.000000,0
5430,56.700002,77.624998,0.000000,78.750086,180.000000,0
5440,56.024999,77.624998,0.000000,67.500257,180.000000,0
5450,54.675003,77.999997,0.000000,140.111206,164.475889,0
5460,54.000000,77.999997,0.000000,67.500257,180.000000,0
5470,54.000000,77.999997,0.000000,0.000000,0.000000,0
5480,52.200002,78.375001,0.000000,183.864670,168.231584,0
5490,51.750000,78.499999,0.000000,46.703969,164.476171,0
5500,51.412501,78.750000,0.000000,42.000732,143.470970,0
5510,50.962499,78.874998,0.000000,46.703969,164.476171,0
5520,50.850001,78.874998,0.000000,11.249828,180.000000,0
5530,50.512502,78.874998,0.000000,33.749914,180.000000,0
5540,50.287501,78.874998,0.000000,22.500086,180.000000,0
5550,50.175003,79.000001,0.000000,16.817128,131.986126,0
5560,50.175003,79.000001,0.000000,0.000000,0.000000,0
5570,49.837499,79.375000,0.000000,50.451249,131.987575,0
5580,49.837499,79.499998,0.000000,12.499809,90.000000,0
5590,49.725001,79.625001,0.000000,16.817128,131.986126,0
5600,49.725001,79.625001,0.000000,0.000000,0.000000,0
5610,49.612503,79.874997,0.000000,27.414222,114.227745,0
5620,49.612503,79.874997,0.000000,0.000000,0.000000,0
5630,49.612503,79.874997,0.000000,0.000000,0.000000,0
5640,49.612503,79.874997,0.000000,0.000000,0.000000,0
5650,49.612503,79.874997,0.000000,0.000000,0.000000,0
5660,49.612503,79.874997,0.000000,0.000000,0.000000,0
5670,49.612503,79.874997,0.000000,0.000000,0.000000,0
5680,49.387502,80.124998,0.000000,33.634188,131.987212,0
5690,49.162501,80.124998,0.000000,22.500086,180.000000,0
5700,49.162501,80.124998,0.000000,0.000000,0.000000,0
5710,49.050003,80.124998,0.000000,11.249828,180.000000,0
5720,49.050003,80.124998,0.000000,0.000000,0.000000,0
5730,49.050003,80.124998,0.000000,0.000000,0.000000,0
5740,49.050003,80.124998,0.000000,0.000000,0.000000,0
5750,49.050003,80.124998,0.000000,0.000000,0.000000,0
5760,48.937500,80.250001,0.000000,16.817415,131.987212,0
5770,48.937500,80.250001,0.000000,0.000000,0.000000,0
5780,48.937500,80.374999,0.000000,12.499809,90.000000,0
5790,48.937500,80.374999,0.000000,0.000000,0.000000,0
5800,48.937500,80.499997,0.000000,12.499809,90.000000,0
5810,48.825002,80.499997,0.000000,11.249828,180.000000,0
5820,48.825002,80.499997,0.000000,0.000000,0.000000,0
5830,48.825002,80.499997,0.000000,0.000000,0.000000,0
5840,48.825002,80.749998,0.000000,25.000095,90.000000,0
5850,48.825002,80.749998,0.000000,0.000000,0.000000,0
5860,48.825002,80.749998,0.000000,0.000000,0.000000,0
5870,48.825002,80.875001,0.000000,12.500286,90.000000,0
5880,48.825002,80.875001,0.000000,0.000000,0.000000,0
5890,48.825002,80.875001,0.000000,0.000000,0.000000,0
5900,48.937500,80.999999,0.000000,16.816773,48.012788,0
5910,48.937500,80.999999,0.000000,0.000000,0.000000,0
5920,48.937500,81.124997,0.000000,12.499809,90.000000,0
5930,48.937500,81.124997,0.000000,0.000000,0.000000,0
5940,48.937500,81.124997,0.000000,0.000000,0.000000,0
5950,48.937500,81.124997,0.000000,0.000000,0.000000,0
5960,48.937500,81.124997,0.000000,0.000000,0.000000,0
5970,48.937500,81.124997,0.000000,0.000000,0.000000,0
5980,48.937500,81.124997,0.000000,0.000000,0.000000,0
5990,48.937500,81.124997,0.000000,0.000000,0.000000,0
6000,48.937500,81.124997,0.000000,0.000000,0.000000,0
6010,48.937500,81.124997,0.000000,0.000000,0.000000,0
6020,48.937500,81.124997,0.000000,0.000000,0.000000,0
6030,48.937500,81.124997,0.000000,0.000000,0.000000,0
6040,48.937500,81.124997,0.000000,0.000000,0.000000,0
6050,48.937500,81.124997,0.000000,0.000000,0.000000,0
6060,48.937500,81.124997,0.000000,0.000000,0.000000,0
6070,48.937500,81.124997,0.000000,0.000000,0.000000,0
6080,48.937500,81.124997,0.000000,0.000000,0.000000,0
6090,48.937500,81.124997,0.000000,0.000000,0.000000,0
6100,48.937500,81.124997,0.000000,0.000000,0.000000,0
6110,48.937500,81.124997,0.000000,0.000000,0.000000,0
6120,48.937500,81.124997,0.000000,0.000000,0.000000,0
6130,48.937500,81.124997,0.000000,0.000000,0.000000,0
6140,48.937500,81.124997,0.000000,0.000000,0.000000,0
6150,48.937500,81.124997,0.000000,0.000000,0.000000,0
6160,48.937500,81.124997,0.000000,0.000000,0.000000,0
6170,48.937500,81.124997,0.000000,0.000000,0.000000,0
6180,48.937500,80.999999,0.000000,12.499809,-90.000000,0
6190,48.937500,80.999999,0.000000,0.000000,0.000000,0
6200,48.937500,80.999999,0.000000,0.000000,0.000000,0
6210,48.937500,80.999999,0.000000,0.000000,0.000000,0
6220,48.937500,80.999999,0.000000,0.000000,0.000000,0
6230,48.937500,80.999999,0.000000,0.000000,0.000000,0
6240,49.162501,80.999999,0.000000,22.500086,0.000000,0
6250,49.162501,80.999999,0.000000,0.000000,0.000000,0
6260,49.162501,80.999999,0.000000,0.000000,0.000000,0
6270,49.162501,80.875001,0.000000,12.499809,-90.000000,0
6280,49.274999,80.875001,0.000000,11.249828,0.000000,0
6290,49.274999,80.875001,0.000000,0.000000,0.000000,0
6300,49.387502,80.875001,0.000000,11.250257,0.000000,0
6310,49.387502,80.875001,0.000000,0.000000,0.000000,0
6320,49.387502,80.875001,0.000000,0.000000,0.000000,0
6330,49.500000,80.875001,0.000000,11.249828,0.000000,0
6340,49.500000,80.875001,0.000000,0.000000,0.000000,0
6350,49.500000,80.875001,0.000000,0.000000,0.000000,0
6360,49.725001,80.999999,0.000000,25.739058,29.054140,0
6370,49.837499,81.124997,0.000000,16.816773,48.012788,0
6380,49.837499,81.124997,0.000000,0.000000,0.000000,0
6390,50.062500,81.250000,0.000000,25.739289,29.055068,0
6400,50.062500,81.250000,0.000000,0.000000,0.000000,0
6410,50.062500,81.250000,0.000000,0.000000,0.000000,0
6420,50.287501,81.374998,0.000000,25.739058,29.054140,0
6430,50.399999,81.374998,0.000000,11.249828,0.000000,0
6440,50.399999,81.374998,0.000000,0.000000,0.000000,0
6450,50.399999,81.374998,0.223633,0.000000,0.000000,1
6460,50.399999,81.374998,0.223633,0.000000,0.000000,1
6470,50.399999,81.374998,0.223633,0.000000,0.000000,1
6480,50.399999,81.374998,0.223633,0.000000,0.000000,1
6490,50.399999,81.374998,0.223633,0.000000,0.000000,1
6500,50.399999,81.374998,0.223633,0.000000,0.000000,1
6510,50.175003,81.500001,0.537109,25.738914,150.944468,1
6520,50.175003,81.500001,0.537109,0.000000,0.000000,1
6530,50.062500,81.500001,0.563477,11.250257,180.000000,1
6540,49.950002,81.500001,0.587891,11.249828,180.000000,1
6550,49.837499,81.500001,0.589844,11.250257,180.000000,1
6560,49.612503,81.250000,0.598633,33.633901,-131.986669,1
6570,49.612503,81.250000,0.598633,0.000000,0.000000,1
6580,49.274999,80.875001,0.606445,50.451249,-131.987575,1
6590,49.162501,80.625000,0.606445,27.414657,-114.227336,1
6600,48.937500,80.374999,0.610352,33.634188,-131.987212,1
6610,48.487503,79.625001,0.622070,87.463982,-120.963676,1
6620,48.149999,79.000001,0.625000,71.030526,-118.369290,1
6630,47.925003,78.375001,0.631836,66.426535,-109.798598,1
6640,47.250000,76.749997,0.661133,175.962095,-112.557276,1
6650,47.024999,76.124997,0.664063,66.426680,-109.798946,1
6660,46.575002,74.625001,0.695313,156.604158,-106.699194,1
6670,46.350001,74.000001,0.704102,66.426680,-109.798946,1
6680,46.125000,73.125000,0.704102,90.346669,-104.420811,1
6690,45.899999,72.374997,0.712891,78.302598,-106.699244,1
6700,45.337499,70.499997,0.725586,195.755747,-106.699244,1
6710,45.112503,69.625001,0.725586,90.346100,-104.420623,1
6720,44.774999,68.750000,0.735352,93.783540,-111.092514,1
6730,44.212499,66.875000,0.746094,195.755747,-106.699244,1
6740,43.875000,65.999999,0.746094,93.783385,-111.092270,1
6750,43.200002,64.124999,0.754883,199.279896,-109.798830,1
6760,42.862503,63.249998,0.754883,93.783385,-111.092270,1
6770,42.075002,61.500001,0.756836,191.902256,-114.227804,1
6780,42.075002,61.500001,0.756836,0.000000,0.000000,1
6790,41.175003,59.749999,0.761719,196.786817,-117.216064,1
6800,40.725001,59.000001,0.761719,87.464203,-120.963917,1
6810,39.825002,57.374997,0.763672,185.758872,-118.979628,1
6820,39.375000,56.624999,0.767578,87.464203,-120.963917,1
6830,39.037501,55.999999,0.767578,71.030322,-118.368985,1
6840,38.475001,54.875002,0.773438,125.778568,-116.565109,1
6850,38.250000,54.499998,0.781250,43.732510,-120.963596,1
6860,38.137502,54.250002,0.781250,27.414222,-114.227745,1
6870,37.800003,53.874998,0.791992,50.451316,-131.986850,1
6880,37.687500,53.750000,0.791992,16.817061,-131.988299,1
6890,37.575002,53.625002,0.791992,16.816773,-131.987212,1
6900,37.575002,53.625002,0.791992,0.000000,0.000000,1
6910,37.575002,53.625002,0.791992,0.000000,0.000000,1
6920,37.575002,54.124994,0.666016,49.999237,90.000000,1
6930,37.687500,54.624996,0.589844,51.250148,77.319851,1
6940,37.800003,55.250001,0.000000,63.504944,79.795874,0
6950,37.800003,55.999999,0.000000,74.999809,90.000000,0
6960,37.912501,56.624999,0.000000,63.504399,79.796179,0
6970,37.912501,56.875000,0.000000,25.000095,90.000000,0
6980,37.912501,57.624998,0.000000,74.999809,90.000000,0
6990,37.912501,57.999997,0.000000,37.499905,90.000000,0
7000,38.024999,58.499999,0.000000,51.250148,77.319851,0
7010,38.700002,59.874997,0.000000,153.174679,63.853041,0
7020,39.375000,60.625000,0.000000,100.902278,48.012969,0
7030,39.375000,60.625000,0.000000,0.000000,0.000000,0
7040,41.287501,62.125001,0.000000,243.056833,38.107582,0
7050,42.300003,63.125000,0.000000,142.308040,44.644054,0
7060,42.524999,63.249998,0.000000,25.738683,29.054604,0
7070,42.975001,63.750000,0.000000,67.268377,48.012788,0
7080,43.200002,64.000001,0.000000,33.634188,48.012788,0
7090,43.537501,64.249997,0.000000,42.000448,36.528507,0
7100,44.212499,65.000000,0.000000,100.902278,48.012969,0
7110,44.550003,65.250001,0.000000,42.001077,36.528681,0
7120,44.774999,65.625000,0.000000,43.731881,59.036565,0
7130,45.000000,65.875001,0.000000,33.634188,48.012788,0
7140,45.112503,66.124997,0.000000,27.414398,65.771437,0
7150,45.225001,66.500001,0.000000,39.151465,73.301157,0
7160,45.337499,66.749997,0.000000,27.414222,65.772255,0
7170,45.450002,66.999998,0.000000,27.414833,65.771846,0
7180,45.450002,67.249999,0.000000,25.000095,90.000000,0
7190,45.450002,67.374997,0.000000,12.499809,90.000000,0
7200,45.450002,67.624998,0.000000,25.000095,90.000000,0
7210,45.450002,67.874999,0.000000,25.000095,90.000000,0
7220,45.450002,67.999997,0.000000,12.499809,90.000000,0
7230,45.450002,68.375001,0.000000,37.500381,90.000000,0
7240,45.450002,68.499999,0.000000,12.499809,90.000000,0
7250,45.450002,68.874998,0.000000,37.499905,90.000000,0
7260,45.562500,69.000001,0.000000,16.817128,48.013874,0
7270,45.787501,69.124999,0.000000,25.739058,29.054140,0
7280,46.125000,69.124999,0.000000,33.749914,0.000000,0
7290,46.350001,69.249997,0.000000,25.739058,29.054140,0
7300,46.575002,69.375000,0.000000,25.739289,29.055068,0
7310,46.687500,69.499998,0.000000,16.816773,48.012788,0
7320,46.912501,69.499998,0.000000,22.500086,0.000000,0
7330,47.250000,69.625001,0.000000,35.990469,20.323611,0
7340,47.925003,69.874997,0.000000,71.981009,20.322781,0
7350,48.149999,70.000000,0.000000,25.738914,29.055532,0
7360,48.375000,70.000000,0.000000,22.500086,0.000000,0
7370,48.712499,70.000000,0.000000,33.749914,0.000000,0
7380,48.712499,70.000000,0.000000,0.000000,0.000000,0
7390,48.825002,70.000000,0.000000,11.250257,0.000000,0
7400,48.937500,70.000000,0.000000,11.249828,0.000000,0
7410,48.937500,70.000000,0.000000,0.000000,0.000000,0
7420,48.937500,69.749999,0.000000,25.000095,-90.000000,0
7430,48.825002,69.499998,0.000000,27.414657,-114.227336,0
7440,48.712499,69.499998,0.000000,11.250257,180.000000,0
7450,48.600001,69.499998,0.000000,11.249828,180.000000,0
7460,48.262502,69.375000,0.000000,35.990303,-159.677100,0
7470,48.037501,69.249997,0.000000,25.739289,-150.944932,0
7480,47.925003,69.249997,0.000000,11.249828,180.000000,0
7490,47.587499,69.124999,0.000000,35.990706,-159.677338,0
7500,47.362503,69.000001,0.000000,25.738683,-150.945396,0
7510,47.137502,69.000001,0.000000,22.500086,180.000000,0
7520,46.912501,69.000001,0.000000,22.500086,180.000000,0
7530,46.687500,68.874998,0.000000,25.739289,-150.944932,0
7540,46.575002,68.874998,0.000000,11.249828,180.000000,0
7550,46.350001,68.874998,0.000000,22.500086,180.000000,0
7560,46.237503,68.874998,0.000000,11.249828,180.000000,0
7570,46.237503,68.874998,0.000000,0.000000,0.000000,0
7580,46.012502,68.874998,0.000000,22.500086,180.000000,0
7590,45.787501,68.874998,0.000000,22.500086,180.000000,0
7600,45.787501,68.874998,0.000000,0.000000,0.000000,0
7610,45.675003,68.874998,0.000000,11.249828,180.000000,0
7620,45.337499,69.000001,0.000000,35.990871,159.676626,0
7630,45.225001,69.000001,0.000000,11.249828,180.000000,0
7640,44.887502,69.124999,0.000000,35.990303,159.677100,0
7650,44.774999,69.124999,0.000000,11.250257,180.000000,0
7660,44.662501,69.124999,0.000000,11.249828,180.000000,0
7670,44.550003,69.124999,0.000000,11.249828,180.000000,0
7680,44.325002,69.124999,0.000000,22.500086,180.000000,0
7690,44.212499,69.124999,0.000000,11.250257,180.000000,0
7700,44.100001,69.124999,0.000000,11.249828,180.000000,0
7710,44.100001,69.124999,0.000000,0.000000,0.000000,0
7720,43.875000,69.249997,0.000000,25.739058,150.945860,0
7730,43.762502,69.375000,0.000000,16.817128,131.986126,0
7740,43.762502,69.499998,0.000000,12.499809,90.000000,0
7750,43.762502,69.625001,0.000000,12.500286,90.000000,0
7760,43.762502,69.749999,0.000000,12.499809,90.000000,0
7770,43.762502,69.749999,0.000000,0.000000,0.000000,0
7780,43.762502,69.874997,0.000000,12.499809,90.000000,0
7790,43.762502,69.874997,0.000000,0.000000,0.000000,0
7800,43.875000,69.874997,0.000000,11.249828,0.000000,0
7810,43.875000,69.874997,0.000000,0.000000,0.000000,0
7820,43.875000,69.874997,0.000000,0.000000,0.000000,0
7830,43.875000,69.874997,0.000000,0.000000,0.000000,0
7840,44.100001,69.874997,0.000000,22.500086,0.000000,0
7850,44.100001,69.874997,0.000000,0.000000,0.000000,0
7860,44.325002,70.124998,0.000000,33.634188,48.012788,0
7870,44.437500,70.124998,0.000000,11.249828,0.000000,0
7880,44.550003,70.124998,0.175781,11.250257,0.000000,1
7890,44.550003,70.124998,0.175781,0.000000,0.000000,1
7900,44.550003,70.124998,0.175781,0.000000,0.000000,1
7910,44.550003,70.124998,0.175781,0.000000,0.000000,1
7920,44.550003,70.124998,0.175781,0.000000,0.000000,1
7930,44.550003,70.124998,0.175781,0.000000,0.000000,1
7940,44.550003,70.124998,0.175781,0.000000,0.000000,1
7950,44.550003,70.124998,0.175781,0.000000,0.000000,1
7960,44.550003,70.124998,0.175781,0.000000,0.000000,1
7970,44.550003,70.124998,0.175781,0.000000,0.000000,1
7980,44.662501,70.124998,0.589844,11.249828,0.000000,1
7990,44.774999,70.124998,0.651367,11.249828,0.000000,1
8000,44.887502,70.124998,0.659180,11.250257,0.000000,1
8010,45.112503,70.124998,0.666016,22.500086,0.000000,1
8020,45.337499,70.124998,0.693359,22.499657,0.000000,1
8030,45.562500,70.124998,0.702148,22.500086,0.000000,1
8040,46.012502,70.124998,0.712891,45.000172,0.000000,1
8050,46.237503,70.000000,0.731445,25.739058,-29.054140,1
8060,46.237503,70.000000,0.731445,0.000000,0.000000,1
8070,46.800003,69.874997,0.731445,57.622215,-12.529085,1
8080,47.024999,69.749999,0.738281,25.738683,-29.054604,1
8090,47.587499,69.499998,0.742188,61.555400,-23.962570,1
8100,47.925003,69.249997,0.742188,42.001077,-36.528681,1
8110,48.487503,68.874998,0.750000,67.604034,-33.690000,1
8120,48.712499,68.624997,0.751953,33.633901,-48.013331,1
8130,49.274999,68.125000,0.762695,75.259776,-41.633377,1
8140,49.612503,67.874999,0.763672,42.001077,-36.528681,1
8150,49.612503,67.874999,0.763672,0.000000,0.000000,1
8160,50.512502,66.875000,0.776367,134.536112,-48.012788,1
8170,50.512502,66.875000,0.776367,0.000000,0.000000,1
8180,51.075002,66.124997,0.788086,93.750229,-53.130207,1
8190,51.412501,65.749998,0.788086,50.450962,-48.012788,1
8200,52.200002,65.000000,0.803711,108.749931,-43.602715,1
8210,52.649999,64.625001,0.816406,58.576614,-39.805661,1
8220,53.550003,63.750000,0.820313,125.524215,-44.192993,1
8230,54.000000,63.375001,0.843750,58.576614,-39.805661,1
8240,54.562500,62.874999,0.844727,75.260093,-41.633648,1
8250,55.687500,61.875000,0.847656,150.519869,-41.633512,1
8260,55.687500,61.875000,0.847656,0.000000,0.000000,1
8270,56.812500,60.875001,0.858398,150.519869,-41.633512,1
8280,57.262502,60.499997,0.858398,58.577249,-39.805750,1
8290,58.274999,59.749999,0.868164,126.001912,-36.528855,1
8300,58.837499,59.124999,0.872070,84.085150,-48.012788,1
8310,59.625000,58.499999,0.872070,100.537685,-38.437271,1
8320,60.975001,57.374997,0.882813,175.730806,-39.805601,1
8330,61.425003,56.999998,0.891602,58.576943,-39.805392,1
8340,61.875000,56.624999,0.891602,58.576614,-39.805661,1
8350,62.437500,56.124997,0.891602,75.260093,-41.633648,1
8360,63.675003,55.124998,0.900391,159.104076,-38.940927,1
8370,64.350001,54.749994,0.898438,77.217261,-29.054913,1
8380,65.250000,53.999996,0.903320,117.153557,-39.805526,1
8390,65.587499,53.750000,0.909180,42.000448,-36.528507,1
8400,65.812500,53.499994,0.909180,33.634543,-48.013331,1
8410,66.600001,53.000002,0.916016,93.281830,-32.411883,1
8420,67.050003,52.749996,0.916016,51.478579,-29.055068,1
8430,67.387502,52.375002,0.918945,50.450607,-48.012425,1
8440,67.837499,52.124996,0.920898,51.478204,-29.055300,1
8450,68.399999,51.750002,0.927734,67.603769,-33.689664,1
8460,68.737503,51.624994,0.927734,35.991037,-20.324086,1
8470,69.075002,51.499996,0.923828,35.990303,-20.322900,1
8480,69.300003,51.374998,0.926758,25.739058,-29.054140,1
8490,69.300003,51.374998,0.926758,0.000000,0.000000,1
8500,69.412501,51.250000,0.922852,16.816773,-48.012788,1
8510,69.412501,51.250000,0.922852,0.000000,0.000000,1
8520,69.412501,51.250000,0.922852,0.000000,0.000000,1
8530,69.412501,51.250000,0.922852,0.000000,0.000000,1
8540,69.412501,51.250000,0.922852,0.000000,0.000000,1
8550,69.524999,51.250000,0.937500,11.249828,0.000000,1
8560,69.524999,51.250000,0.937500,0.000000,0.000000,1
8570,69.524999,51.250000,0.937500,0.000000,0.000000,1
8580,69.524999,51.250000,0.937500,0.000000,0.000000,1
8590,69.637502,51.250000,0.937500,11.250257,0.000000,1
8600,69.637502,51.125002,0.938477,12.499809,-90.000000,1
8610,69.750000,51.125002,0.937500,11.249828,0.000000,1
8620,69.862503,50.999994,0.936523,16.817769,-48.013874,1
8630,69.975001,50.999994,0.938477,11.249828,0.000000,1
8640,69.975001,50.999994,0.938477,0.000000,0.000000,1
8650,69.975001,50.999994,0.938477,0.000000,0.000000,1
8660,70.087499,50.874996,0.937500,16.816773,-48.012788,1
8670,70.200002,50.874996,0.937500,11.250257,0.000000,1
8680,70.312500,50.749998,0.937500,16.816773,-48.012788,1
8690,70.312500,50.749998,0.937500,0.000000,0.000000,1
8700,70.312500,50.749998,0.937500,0.000000,0.000000,1
8710,70.425003,50.625000,0.937500,16.817061,-48.011701,1
8720,70.537501,50.625000,0.937500,11.249828,0.000000,1
8730,70.537501,50.625000,0.937500,0.000000,0.000000,1
8740,70.537501,50.625000,0.937500,0.000000,0.000000,1
8750,70.649999,50.625000,0.937500,11.249828,0.000000,1
8760,70.649999,50.625000,0.937500,0.000000,0.000000,1
8770,70.649999,50.625000,0.937500,0.000000,0.000000,1
8780,70.649999,50.625000,0.937500,0.000000,0.000000,1
8790,70.649999,50.625000,0.937500,0.000000,0.000000,1
8800,70.649999,50.625000,0.937500,0.000000,0.000000,1
8810,70.762502,50.749998,0.932617,16.817061,48.011701,1
8820,70.875000,51.125002,0.932617,39.151465,73.301157,1
8830,71.325002,52.124996,0.922852,109.658110,65.772050,1
8840,73.237498,57.125001,0.526367,535.328785,69.068200,1
8850,73.237498,57.125001,0.000000,0.000000,0.000000,0
8860,73.912505,62.500000,0.000000,541.721783,82.842114,0
8870,73.799998,64.375000,0.000000,187.837238,93.433839,0
8880,73.799998,64.375000,0.000000,0.000000,0.000000,0
8890,73.799998,64.375000,0.000000,0.000000,0.000000,0
8900,73.799998,64.375000,0.000000,0.000000,0.000000,0
8910,73.799998,64.375000,0.000000,0.000000,0.000000,0
8920,73.799998,64.375000,0.000000,0.000000,0.000000,0
8930,73.799998,64.375000,0.000000,0.000000,0.000000,0
8940,73.799998,64.375000,0.000000,0.000000,0.000000,0
8950,73.799998,64.375000,0.000000,0.000000,0.000000,0
8960,73.799998,64.375000,0.000000,0.000000,0.000000,0
8970,73.799998,64.375000,0.000000,0.000000,0.000000,0
8980,73.799998,64.375000,0.000000,0.000000,0.000000,0
8990,73.799998,64.375000,0.000000,0.000000,0.000000,0
9000,73.799998,64.375000,0.000000,0.000000,0.000000,0
9010,73.799998,64.375000,0.000000,0.000000,0.000000,0
9020,73.799998,64.375000,0.000000,0.000000,0.000000,0
9030,73.799998,64.375000,0.000000,0.000000,0.000000,0
9040,73.799998,64.375000,0.000000,0.000000,0.000000,0
9050,73.799998,64.375000,0.000000,0.000000,0.000000,0
9060,73.799998,64.375000,0.000000,0.000000,0.000000,0
9070,73.799998,64.375000,0.000000,0.000000,0.000000,0
9080,73.799998,64.375000,0.000000,0.000000,0.000000,0
9090,73.799998,64.375000,0.000000,0.000000,0.000000,0
9100,73.799998,64.375000,0.000000,0.000000,0.000000,0
9110,73.799998,64.375000,0.000000,0.000000,0.000000,0
9120,73.799998,64.375000,0.000000,0.000000,0.000000,0
9130,73.799998,64.375000,0.000000,0.000000,0.000000,0
9140,73.799998,64.375000,0.000000,0.000000,0.000000,0
9150,73.799998,64.375000,0.000000,0.000000,0.000000,0
9160,73.799998,64.375000,0.000000,0.000000,0.000000,0
9170,73.799998,64.375000,0.000000,0.000000,0.000000,0
9180,73.799998,64.375000,0.000000,0.000000,0.000000,0
9190,73.799998,64.375000,0.000000,0.000000,0.000000,0
9200,73.799998,64.375000,0.000000,0.000000,0.000000,0
9210,73.799998,64.375000,0.000000,0.000000,0.000000,0
9220,73.799998,64.375000,0.000000,0.000000,0.000000,0
9230,73.799998,64.375000,0.000000,0.000000,0.000000,0
9240,73.799998,64.375000,0.000000,0.000000,0.000000,0
9250,73.799998,64.375000,0.000000,0.000000,0.000000,0
9260,73.799998,64.375000,0.000000,0.000000,0.000000,0
9270,73.799998,64.375000,0.000000,0.000000,0.000000,0
9280,73.799998,64.375000,0.000000,0.000000,0.000000,0
9290,73.799998,64.375000,0.000000,0.000000,0.000000,0
9300,73.799998,64.375000,0.000000,0.000000,0.000000,0
9310,73.799998,64.375000,0.000000,0.000000,0.000000,0
9320,73.799998,64.375000,0.000000,0.000000,0.000000,0
9330,94.387502,74.625001,0.000000,2299.799594,26.467560,0
9340,95.737498,75.000000,0.000000,140.111206,15.524111,0
9350,95.850005,75.000000,0.000000,11.250687,0.000000,0
9360,96.412505,75.124998,0.000000,57.622111,12.528623,0
9370,96.525003,75.374999,0.000000,27.414657,65.772664,0
9380,96.637502,75.374999,0.000000,11.249828,0.000000,0
9390,96.750000,75.499997,0.000000,16.816773,48.012788,0
9400,96.750000,75.499997,0.000000,0.000000,0.000000,0
9410,96.975005,75.749998,0.000000,33.634476,48.012244,0
9420,96.975005,75.999999,0.000000,25.000095,90.000000,0
9430,96.975005,76.250000,0.000000,25.000095,90.000000,0
9440,97.312500,77.125001,0.000000,93.783231,68.907975,0
9450,97.312500,77.500000,0.000000,37.499905,90.000000,0
9460,97.312500,77.999997,0.000000,49.999714,90.000000,0
9470,97.200002,78.750000,0.000000,75.839314,98.530605,0
9480,96.975005,79.000001,0.000000,33.633901,131.986669,0
9490,96.187500,79.000001,0.000000,78.750515,180.000000,0
9500,95.625000,79.000001,0.000000,56.250000,180.000000,0
9510,95.174998,78.874998,0.000000,46.704096,-164.475607,0
9520,95.174998,78.874998,0.000000,0.000000,0.000000,0
9530,93.937500,79.000001,0.000000,124.379569,174.231972,0
9540,93.375000,79.000001,0.000000,56.250000,180.000000,0
9550,92.700002,79.124999,0.000000,68.647448,169.508653,0
9560,92.025003,79.375000,0.000000,71.980772,159.676745,0
9570,91.687500,79.499998,0.000000,35.990706,159.677338,0
9580,91.687500,79.499998,0.000000,0.000000,0.000000,0
9590,91.687500,79.499998,0.000000,0.000000,0.000000,0
9600,91.687500,79.499998,0.000000,0.000000,0.000000,0
9610,91.687500,79.499998,0.000000,0.000000,0.000000,0
9620,91.687500,79.499998,0.000000,0.000000,0.000000,0
9630,91.462503,79.499998,0.000000,22.499657,180.000000,0
9640,91.012502,79.499998,0.000000,45.000172,180.000000,0
9650,90.900003,79.499998,0.000000,11.249828,180.000000,0
9660,90.787505,79.499998,0.000000,11.249828,180.000000,0
9670,90.787505,79.499998,0.000000,0.000000,0.000000,0
9680,90.674998,79.749999,0.000000,27.415009,114.228972,0
9690,90.674998,79.874997,0.000000,12.499809,90.000000,0
9700,90.674998,79.874997,0.000000,0.000000,0.000000,0
9710,90.562500,80.124998,0.000000,27.414657,114.227336,0
9720,90.562500,80.250001,0.000000,12.500286,90.000000,0
9730,90.562500,80.875001,0.000000,62.500000,90.000000,0
9740,90.562500,81.250000,0.000000,37.499905,90.000000,0
9750,90.562500,81.500001,0.000000,25.000095,90.000000,0
9760,90.562500,81.875000,0.000000,37.499905,90.000000,0
9770,90.562500,82.624998,0.000000,74.999809,90.000000,0
9780,90.562500,82.999997,0.000000,37.499905,90.000000,0
9790,90.562500,83.375001,0.000000,37.500381,90.000000,0
9800,90.562500,83.874998,0.000000,49.999714,90.000000,0
9810,90.562500,84.249997,0.000000,37.499905,90.000000,0
9820,90.562500,84.249997,0.000000,0.000000,0.000000,0
9830,90.787505,84.249997,0.000000,22.500515,0.000000,0
9840,90.787505,84.249997,0.000000,0.000000,0.000000,0
9850,90.787505,84.499998,0.000000,25.000095,90.000000,0
9860,90.900003,84.874997,0.000000,39.151009,73.300956,0
9870,90.900003,85.250001,0.000000,37.500381,90.000000,0
9880,90.900003,85.499997,0.000000,24.999619,90.000000,0
9890,90.900003,85.499997,0.000000,0.000000,0.000000,0
9900,90.900003,85.749998,0.000000,25.000095,90.000000,0
9910,90.900003,85.999999,0.000000,25.000095,90.000000,0
9920,90.900003,86.374998,0.000000,37.499905,90.000000,0
9930,90.900003,86.500001,0.000000,12.500286,90.000000,0
9940,90.900003,86.749997,0.000000,24.999619,90.000000,0
9950,90.900003,86.999998,0.000000,25.000095,90.000000,0
9960,90.900003,87.249999,0.000000,25.000095,90.000000,0
9970,90.900003,87.374997,0.000000,12.499809,90.000000,0
9980,91.012502,87.750001,0.000000,39.151465,73.301157,0
9990,91.012502,87.874999,0.000000,12.499809,90.000000,0
10000,91.012502,87.999997,0.000000,12.499809,90.000000,0
10010,91.012502,87.999997,0.000000,0.000000,0.000000,0
10020,91.125000,88.375001,0.000000,39.151465,73.301157,0
10030,91.125000,88.499999,0.000000,12.499809,90.000000,0
10040,91.125000,88.624997,0.000000,12.499809,90.000000,0
10050,91.125000,88.624997,0.000000,0.000000,0.000000,0
10060,91.125000,88.624997,0.000000,0.000000,0.000000,0
10070,91.237498,88.874998,0.000000,27.414657,65.772664,0
10080,91.237498,88.874998,0.000000,0.000000,0.000000,0
10090,91.237498,88.874998,0.000000,0.000000,0.000000,0
10100,91.237498,88.874998,0.000000,0.000000,0.000000,0
10110,91.237498,88.874998,0.000000,0.000000,0.000000,0
10120,91.237498,88.874998,0.000000,0.000000,0.000000,0
10130,91.012502,89.000001,0.000000,25.738914,150.944468,0
10140,91.012502,89.000001,0.000000,0.000000,0.000000,0
10150,90.900003,89.000001,0.000000,11.249828,180.000000,0
10160,90.900003,89.124999,0.000000,12.499809,90.000000,0
10170,90.900003,89.124999,0.000000,0.000000,0.000000,0
10180,90.900003,89.124999,0.000000,0.000000,0.000000,0
10190,90.900003,89.124999,0.000000,0.000000,0.000000,0
10200,90.900003,89.249997,0.000000,12.499809,90.000000,0
10210,90.900003,89.249997,0.000000,0.000000,0.000000,0
10220,90.900003,89.249997,0.000000,0.000000,0.000000,0
10230,90.900003,89.249997,0.000000,0.000000,0.000000,0
10240,90.900003,89.249997,0.000000,0.000000,0.000000,0
10250,90.900003,89.249997,0.000000,0.000000,0.000000,0
10260,90.900003,89.249997,0.000000,0.000000,0.000000,0
10270,90.900003,89.249997,0.000000,0.000000,0.000000,0
10280,90.900003,89.249997,0.000000,0.000000,0.000000,0
10290,90.900003,89.249997,0.000000,0.000000,0.000000,0
10300,90.900003,89.249997,0.000000,0.000000,0.000000,0
10310,90.900003,89.249997,0.000000,0.000000,0.000000,0
10320,90.900003,89.249997,0.000000,0.000000,0.000000,0
10330,90.900003,89.249997,0.000000,0.000000,0.000000,0
10340,90.900003,89.249997,0.000000,0.000000,0.000000,0
10350,90.900003,89.249997,0.000000,0.000000,0.000000,0
10360,90.900003,89.249997,0.000000,0.000000,0.000000,0
10370,90.900003,89.249997,0.000000,0.000000,0.000000,0
10380,90.900003,89.249997,0.000000,0.000000,0.000000,0
10390,90.900003,89.249997,0.000000,0.000000,0.000000,0
10400,90.900003,89.249997,0.000000,0.000000,0.000000,0
10410,90.900003,89.249997,0.000000,0.000000,0.000000,0
10420,90.900003,89.249997,0.000000,0.000000,0.000000,0
10430,90.900003,89.249997,0.000000,0.000000,0.000000,0
10440,90.900003,89.249997,0.000000,0.000000,0.000000,0
10450,90.900003,89.249997,0.000000,0.000000,0.000000,0
10460,90.787505,89.249997,0.000000,11.249828,180.000000,0
10470,90.787505,89.249997,0.000000,0.000000,0.000000,0
10480,90.787505,89.249997,0.000000,0.000000,0.000000,0
10490,90.787505,89.124999,0.000000,12.499809,-90.000000,0
10500,90.674998,89.124999,0.000000,11.250687,180.000000,0
10510,90.674998,89.000001,0.000000,12.499809,-90.000000,0
10520,90.674998,89.000001,0.000000,0.000000,0.000000,0
10530,90.674998,89.000001,0.000000,0.000000,0.000000,0
10540,90.674998,89.000001,0.000000,0.000000,0.000000,0
10550,90.674998,89.000001,0.000000,0.000000,0.000000,0
10560,90.674998,89.000001,0.000000,0.000000,0.000000,0
10570,90.674998,89.000001,0.000000,0.000000,0.000000,0
10580,90.562500,89.124999,0.000000,16.816773,131.987212,0
10590,90.562500,89.124999,0.000000,0.000000,0.000000,0
10600,90.562500,89.124999,0.000000,0.000000,0.000000,0
10610,90.562500,89.249997,0.000000,12.499809,90.000000,0
10620,90.450002,89.375000,0.000000,16.817128,131.986126,0
10630,90.450002,89.375000,0.000000,0.000000,0.000000,0
10640,90.450002,89.499998,0.000000,12.499809,90.000000,0
10650,90.450002,89.499998,0.000000,0.000000,0.000000,0
10660,90.450002,89.625001,0.000000,12.500286,90.000000,0
10670,90.450002,89.625001,0.000000,0.000000,0.000000,0
10680,90.450002,89.625001,0.000000,0.000000,0.000000,0
10690,90.450002,89.749999,0.000000,12.499809,90.000000,0
10700,90.450002,89.874997,0.000000,12.499809,90.000000,0
10710,90.450002,89.874997,0.000000,0.000000,0.000000,0
10720,90.450002,89.874997,0.000000,0.000000,0.000000,0
10730,90.450002,90.124998,0.000000,25.000095,90.000000,0
10740,90.450002,90.250001,0.000000,12.500286,90.000000,0
10750,90.450002,90.250001,0.000000,0.000000,0.000000,0
10760,90.450002,90.374999,0.000000,12.499809,90.000000,0
10770,90.450002,90.499997,0.000000,12.499809,90.000000,0
10780,90.450002,90.749998,0.000000,25.000095,90.000000,0
10790,90.450002,90.875001,0.000000,12.500286,90.000000,0
10800,90.450002,90.875001,0.000000,0.000000,0.000000,0
10810,90.450002,90.875001,0.000000,0.000000,0.000000,0
10820,90.450002,90.875001,0.000000,0.000000,0.000000,0
10830,90.450002,90.875001,0.000000,0.000000,0.000000,0
10840,90.450002,90.875001,0.000000,0.000000,0.000000,0
10850,90.450002,90.875001,0.000000,0.000000,0.000000,0
10860,90.450002,90.875001,0.000000,0.000000,0.000000,0
10870,90.450002,90.875001,0.000000,0.000000,0.000000,0
10880,90.450002,90.875001,0.000000,0.000000,0.000000,0
10890,90.450002,90.875001,0.000000,0.000000,0.000000,0
10900,90.450002,90.875001,0.000000,0.000000,0.000000,0
10910,90.450002,90.875001,0.000000,0.000000,0.000000,0
10920,90.450002,90.875001,0.000000,0.000000,0.000000,0
10930,90.450002,90.875001,0.000000,0.000000,0.000000,0
10940,90.450002,90.875001,0.000000,0.000000,0.000000,0
10950,90.450002,90.875001,0.000000,0.000000,0.000000,0
10960,90.450002,90.875001,0.000000,0.000000,0.000000,0
10970,90.450002,90.875001,0.000000,0.000000,0.000000,0
10980,90.450002,90.875001,0.000000,0.000000,0.000000,0
10990,90.450002,90.875001,0.000000,0.000000,0.000000,0
11000,90.450002,90.875001,0.000000,0.000000,0.000000,0
11010,90.450002,90.875001,0.000000,0.000000,0.000000,0
11020,90.450002,90.875001,0.000000,0.000000,0.000000,0
11030,90.450002,90.875001,0.000000,0.000000,0.000000,0
11040,90.450002,90.875001,0.000000,0.000000,0.000000,0
11050,90.450002,90.875001,0.000000,0.000000,0.000000,0
11060,90.450002,90.875001,0.000000,0.000000,0.000000,0
11070,90.450002,90.875001,0.000000,0.000000,0.000000,0
11080,90.450002,90.875001,0.000000,0.000000,0.000000,0
11090,90.450002,90.875001,0.000000,0.000000,0.000000,0
11100,90.450002,90.875001,0.000000,0.000000,0.000000,0
11110,90.450002,90.875001,0.000000,0.000000,0.000000,0
11120,90.450002,90.875001,0.000000,0.000000,0.000000,0
11130,90.450002,90.875001,0.000000,0.000000,0.000000,0
11140,90.450002,90.875001,0.000000,0.000000,0.000000,0
11150,90.450002,90.875001,0.000000,0.000000,0.000000,0
11160,90.450002,90.875001,0.000000,0.000000,0.000000,0
11170,90.450002,90.875001,0.000000,0.000000,0.000000,0
11180,90.450002,90.875001,0.000000,0.000000,0.000000,0
11190,90.450002,90.875001,0.000000,0.000000,0.000000,0
11200,90.450002,90.875001,0.000000,0.000000,0.000000,0
11210,90.450002,90.875001,0.000000,0.000000,0.000000,0
11220,90.450002,90.875001,0.000000,0.000000,0.000000,0
11230,90.450002,90.875001,0.000000,0.000000,0.000000,0
11240,90.450002,90.875001,0.000000,0.000000,0.000000,0
11250,90.450002,90.875001,0.000000,0.000000,0.000000,0
11260,90.450002,90.875001,0.000000,0.000000,0.000000,0
11270,90.450002,90.875001,0.000000,0.000000,0.000000,0
11280,90.450002,90.875001,0.000000,0.000000,0.000000,0
11290,90.450002,90.875001,0.000000,0.000000,0.000000,0
11300,90.450002,90.875001,0.000000,0.000000,0.000000,0
11310,90.450002,90.875001,0.000000,0.000000,0.000000,0
11320,90.450002,90.875001,0.000000,0.000000,0.000000,0
11330,90.450002,90.875001,0.000000,0.000000,0.000000,0
11340,90.450002,90.875001,0.000000,0.000000,0.000000,0
11350,90.450002,90.875001,0.000000,0.000000,0.000000,0
11360,90.450002,90.875001,0.000000,0.000000,0.000000,0
11370,90.450002,90.875001,0.000000,0.000000,0.000000,0
11380,90.450002,90.875001,0.000000,0.000000,0.000000,0
11390,90.450002,90.875001,0.000000,0.000000,0.000000,0
11400,90.450002,90.875001,0.000000,0.000000,0.000000,0
11410,90.450002,90.875001,0.000000,0.000000,0.000000,0
11420,90.450002,90.875001,0.000000,0.000000,0.000000,0
11430,90.450002,90.875001,0.000000,0.000000,0.000000,0
11440,90.450002,90.875001,0.000000,0.000000,0.000000,0
11450,90.450002,90.875001,0.000000,0.000000,0.000000,0
11460,90.450002,90.875001,0.000000,0.000000,0.000000,0
11470,90.450002,90.875001,0.000000,0.000000,0.000000,0
11480,90.450002,90.875001,0.000000,0.000000,0.000000,0
11490,90.450002,90.875001,0.000000,0.000000,0.000000,0
11500,90.450002,90.875001,0.000000,0.000000,0.000000,0
11510,90.450002,90.875001,0.000000,0.000000,0.000000,0
11520,90.450002,90.875001,0.000000,0.000000,0.000000,0
11530,90.450002,90.875001,0.000000,0.000000,0.000000,0
11540,90.450002,90.875001,0.000000,0.000000,0.000000,0
11550,90.450002,90.875001,0.000000,0.000000,0.000000,0
11560,90.450002,90.875001,0.000000,0.000000,0.000000,0
11570,90.450002,90.875001,0.000000,0.000000,0.000000,0
11580,90.450002,90.875001,0.000000,0.000000,0.000000,0
11590,90.450002,90.875001,0.000000,0.000000,0.000000,0
11600,90.450002,90.875001,0.000000,0.000000,0.000000,0
11610,90.450002,90.875001,0.000000,0.000000,0.000000,0
11620,90.450002,90.875001,0.000000,0.000000,0.000000,0
11630,90.450002,90.875001,0.000000,0.000000,0.000000,0
11640,90.450002,90.875001,0.000000,0.000000,0.000000,0
11650,90.450002,90.875001,0.000000,0.000000,0.000000,0
11660,90.450002,90.875001,0.000000,0.000000,0.000000,0
11670,90.450002,90.875001,0.000000,0.000000,0.000000,0
11680,90.450002,90.875001,0.000000,0.000000,0.000000,0
11690,90.450002,90.875001,0.000000,0.000000,0.000000,0
11700,90.450002,90.875001,0.000000,0.000000,0.000000,0
11710,90.450002,90.875001,0.000000,0.000000,0.000000,0
11720,90.450002,90.875001,0.000000,0.000000,0.000000,0
11730,90.450002,90.875001,0.000000,0.000000,0.000000,0
11740,90.450002,90.875001,0.000000,0.000000,0.000000,0
11750,90.450002,90.875001,0.000000,0.000000,0.000000,0
11760,90.450002,90.875001,0.000000,0.000000,0.000000,0
11770,90.450002,90.875001,0.000000,0.000000,0.000000,0
11780,90.450002,90.875001,0.000000,0.000000,0.000000,0
11790,90.450002,90.875001,0.000000,0.000000,0.000000,0
11800,90.450002,90.875001,0.000000,0.000000,0.000000,0
11810,90.450002,90.875001,0.000000,0.000000,0.000000,0
11820,90.450002,90.875001,0.000000,0.000000,0.000000,0
11830,90.450002,90.875001,0.000000,0.000000,0.000000,0
11840,90.450002,90.875001,0.000000,0.000000,0.000000,0
11850,90.450002,90.875001,0.000000,0.000000,0.000000,0
11860,90.450002,90.875001,0.000000,0.000000,0.000000,0
11870,90.450002,90.875001,0.000000,0.000000,0.000000,0
11880,90.450002,90.875001,0.000000,0.000000,0.000000,0
11890,90.450002,90.875001,0.000000,0.000000,0.000000,0
11900,90.450002,90.875001,0.000000,0.000000,0.000000,0
11910,90.450002,90.875001,0.000000,0.000000,0.000000,0
11920,90.450002,90.875001,0.000000,0.000000,0.000000,0
11930,90.450002,90.875001,0.000000,0.000000,0.000000,0
11940,90.450002,90.875001,0.000000,0.000000,0.000000,0
11950,90.450002,90.875001,0.000000,0.000000,0.000000,0
11960,90.450002,90.875001,0.000000,0.000000,0.000000,0
11970,90.450002,90.875001,0.000000,0.000000,0.000000,0
11980,90.450002,90.875001,0.000000,0.000000,0.000000,0
11990,90.450002,90.875001,0.000000,0.000000,0.000000,0
12000,90.450002,90.875001,0.000000,0.000000,0.000000,0
12010,90.450002,90.875001,0.000000,0.000000,0.000000,0
12020,90.450002,90.875001,0.000000,0.000000,0.000000,0
12030,90.450002,90.875001,0.000000,0.000000,0.000000,0
12040,90.450002,90.875001,0.000000,0.000000,0.000000,0
12050,90.450002,90.875001,0.000000,0.000000,0.000000,0
12060,90.450002,90.875001,0.000000,0.000000,0.000000,0
12070,90.450002,90.875001,0.000000,0.000000,0.000000,0
12080,90.450002,90.875001,0.000000,0.000000,0.000000,0
12090,90.450002,90.875001,0.000000,0.000000,0.000000,0
12100,90.450002,90.875001,0.000000,0.000000,0.000000,0
12110,90.450002,90.875001,0.000000,0.000000,0.000000,0
12120,90.450002,90.875001,0.000000,0.000000,0.000000,0
12130,90.450002,90.875001,0.000000,0.000000,0.000000,0
12140,90.450002,90.875001,0.000000,0.000000,0.000000,0
12150,94.950002,100.874999,0.000000,1096.585393,65.772250,0
12160,94.950002,100.999999,0.000000,12.500048,90.000000,0
12170,94.950002,101.125000,0.000000,12.500048,90.000000,0
12180,94.950002,101.125000,0.000000,0.000000,0.000000,0
12190,94.950002,101.125000,0.000000,0.000000,0.000000,0
12200,94.950002,101.375000,0.000000,25.000095,90.000000,0
12210,94.950002,101.624999,0.000000,24.999857,90.000000,0
12220,94.950002,101.624999,0.000000,0.000000,0.000000,0
12230,94.950002,101.750000,0.000000,12.500048,90.000000,0
12240,94.950002,101.750000,0.000000,0.000000,0.000000,0
12250,94.950002,101.750000,0.000000,0.000000,0.000000,0
12260,94.950002,102.000000,0.000000,25.000095,90.000000,0
12270,94.950002,102.124999,0.000000,12.499809,90.000000,0
12280,94.950002,102.124999,0.000000,0.000000,0.000000,0
12290,95.062500,102.375000,0.000000,27.414657,65.772664,0
12300,95.062500,102.375000,0.000000,0.000000,0.000000,0
12310,95.062500,102.375000,0.000000,0.000000,0.000000,0
12320,95.174998,102.625000,0.000000,27.414657,65.772664,0
12330,95.174998,102.625000,0.000000,0.000000,0.000000,0
12340,95.174998,102.625000,0.000000,0.000000,0.000000,0
12350,95.174998,102.625000,0.000000,0.000000,0.000000,0
12360,95.174998,102.625000,0.000000,0.000000,0.000000,0
12370,95.174998,102.625000,0.000000,0.000000,0.000000,0
12380,95.174998,102.625000,0.000000,0.000000,0.000000,0
12390,95.174998,102.625000,0.000000,0.000000,0.000000,0
12400,95.174998,102.625000,0.000000,0.000000,0.000000,0
12410,95.174998,102.625000,0.000000,0.000000,0.000000,0
12420,95.174998,102.625000,0.000000,0.000000,0.000000,0
12430,95.174998,102.625000,0.000000,0.000000,0.000000,0
12440,95.174998,102.625000,0.000000,0.000000,0.000000,0
12450,95.174998,102.625000,0.000000,0.000000,0.000000,0
12460,95.174998,102.625000,0.000000,0.000000,0.000000,0
12470,95.174998,102.625000,0.000000,0.000000,0.000000,0
12480,95.174998,102.625000,0.000000,0.000000,0.000000,0
12490,95.174998,102.625000,0.000000,0.000000,0.000000,0
12500,95.400003,100.874999,0.000000,176.440755,-82.673435,0
12510,95.400003,100.750000,0.000000,12.499809,-90.000000,0
12520,95.400003,100.750000,0.000000,0.000000,0.000000,0
12530,95.400003,100.625000,0.000000,12.500048,-90.000000,0
12540,95.400003,100.374999,0.000000,25.000095,-90.000000,0
12550,95.400003,100.249999,0.000000,12.500048,-90.000000,0
12560,95.400003,100.249999,0.000000,0.000000,0.000000,0
12570,95.287505,99.875000,0.000000,39.151009,-106.699044,0
12580,95.287505,99.624999,0.000000,25.000095,-90.000000,0
12590,95.287505,99.250000,0.000000,37.499905,-90.000000,0
12600,95.287505,98.499999,0.000000,75.000048,-90.000000,0
12610,95.287505,98.499999,0.000000,0.000000,0.000000,0
12620,95.174998,98.499999,0.000000,11.250687,180.000000,0
12630,95.174998,98.374999,0.000000,12.500048,-90.000000,0
12640,95.174998,98.250000,0.000000,12.499809,-90.000000,0
12650,95.174998,98.250000,0.000000,0.000000,0.000000,0
12660,95.062500,97.874999,0.000000,39.151237,-106.698943,0
12670,95.062500,97.749999,0.000000,12.500048,-90.000000,0
12680,95.062500,97.625000,0.000000,12.499809,-90.000000,0
12690,95.062500,97.500000,0.000000,12.500048,-90.000000,0
12700,95.062500,97.500000,0.000000,0.000000,0.000000,0
12710,95.062500,97.249999,0.000000,25.000095,-90.000000,0
12720,95.062500,97.000000,0.000000,24.999857,-90.000000,0
12730,95.062500,97.000000,0.000000,0.000000,0.000000,0
12740,95.062500,96.875000,0.000000,12.500048,-90.000000,0
12750,95.062500,96.875000,0.000000,0.000000,0.000000,0
12760,95.174998,96.624999,0.000000,27.414657,-65.772664,0
12770,95.174998,96.624999,0.000000,0.000000,0.000000,0
12780,95.287505,96.499999,0.000000,16.817525,-48.011157,0
12790,95.400003,96.499999,0.000000,11.249828,0.000000,0
12800,95.512502,96.499999,0.000000,11.249828,0.000000,0
12810,95.625000,96.499999,0.000000,11.249828,0.000000,0
12820,95.625000,96.499999,0.000000,0.000000,0.000000,0
12830,95.625000,96.499999,0.000000,0.000000,0.000000,0
12840,95.962503,96.499999,0.000000,33.750343,0.000000,0
12850,95.962503,96.624999,0.000000,12.500048,90.000000,0
12860,96.075002,96.624999,0.000000,11.249828,0.000000,0
12870,96.075002,96.624999,0.000000,0.000000,0.000000,0
12880,96.075002,96.750000,0.000000,12.500048,90.000000,0
12890,96.075002,96.750000,0.000000,0.000000,0.000000,0
12900,96.075002,96.750000,0.000000,0.000000,0.000000,0
12910,96.075002,96.750000,0.000000,0.000000,0.000000,0
12920,96.075002,96.750000,0.000000,0.000000,0.000000,0
12930,96.075002,96.750000,0.000000,0.000000,0.000000,0
12940,95.962503,96.750000,0.000000,11.249828,180.000000,0
12950,95.962503,96.750000,0.000000,0.000000,0.000000,0
12960,95.962503,96.624999,0.000000,12.500048,-90.000000,0
12970,95.737498,96.499999,0.000000,25.739549,-150.945860,0
12980,95.737498,96.499999,0.000000,0.000000,0.000000,0
12990,95.512502,96.250000,0.000000,33.633724,-131.986941,0
13000,95.287505,96.125000,0.000000,25.738798,-150.944932,0
13010,95.287505,96.125000,0.000000,0.000000,0.000000,0
13020,95.174998,95.999999,0.000000,16.817525,-131.988843,0
13030,94.837503,95.750000,0.000000,42.000245,-143.470883,0
13040,94.725005,95.625000,0.000000,16.816951,-131.986669,0
13050,94.500000,95.500000,0.000000,25.739549,-150.945860,0
13060,94.162505,95.374999,0.000000,35.989984,-159.676507,0
13070,94.049998,95.249999,0.000000,16.817525,-131.988843,0
13080,93.825002,95.249999,0.000000,22.499657,180.000000,0
13090,93.487498,95.125000,0.000000,35.990706,-159.677338,0
13100,93.487498,95.125000,0.000000,0.000000,0.000000,0
13110,93.150003,95.125000,0.000000,33.749485,180.000000,0
13120,92.700002,95.125000,0.000000,45.000172,180.000000,0
13130,92.587503,95.125000,0.000000,11.249828,180.000000,0
13140,92.362498,95.125000,0.000000,22.500515,180.000000,0
13150,92.137502,95.125000,0.000000,22.499657,180.000000,0
13160,91.912505,95.125000,0.000000,22.499657,180.000000,0
13170,91.799998,95.125000,0.000000,11.250687,180.000000,0
13180,91.575002,95.125000,0.000000,22.499657,180.000000,0
13190,91.575002,95.125000,0.000000,0.000000,0.000000,0
13200,91.575002,95.125000,0.000000,0.000000,0.000000,0
13210,91.575002,95.374999,0.000000,24.999857,90.000000,0
13220,91.575002,95.500000,0.000000,12.500048,90.000000,0
13230,91.687500,95.999999,0.000000,51.249916,77.319792,0
13240,91.799998,96.375000,0.000000,39.151237,73.301057,0
13250,91.912505,96.750000,0.000000,39.151255,73.299753,0
13260,92.250000,97.874999,0.000000,117.453255,73.300990,0
13270,92.362498,98.625000,0.000000,75.839078,81.469368,0
13280,92.362498,99.250000,0.000000,62.500000,90.000000,0
13290,92.475005,100.125000,0.000000,88.220432,82.673159,0
13300,92.587503,100.999999,0.000000,88.220086,82.673692,0
13310,92.587503,102.000000,0.000000,100.000143,90.000000,0
13320,92.250000,103.750000,0.000000,178.224771,100.915994,0
13330,91.799998,104.500000,0.000000,87.464408,120.963837,0
13340,90.674998,105.750000,0.000000,168.170301,131.987212,0
13350,90.112498,106.125000,0.000000,67.604034,146.310000,0
13360,89.100005,107.124999,0.000000,142.307429,135.355703,0
13370,88.312500,107.625000,0.000000,93.282703,147.587764,0
13380,87.412505,108.000000,0.000000,97.499488,157.380070,0
13390,85.612498,108.625000,0.000000,190.542639,160.851930,0
13400,84.825002,108.625000,0.000000,78.749657,180.000000,0
13410,83.587503,108.499999,0.000000,124.379545,-174.232081,0
13420,83.250000,108.499999,0.000000,33.750343,180.000000,0
13430,82.912505,108.750000,0.000000,42.000387,143.470622,0
13440,82.575002,108.875000,0.000000,35.990789,159.676982,0
13450,82.462503,108.875000,0.000000,11.249828,180.000000,0
13460,82.237498,108.750000,0.000000,25.739549,-150.945860,0
13470,82.125000,108.499999,0.000000,27.414657,-114.227336,0
13480,82.125000,107.749999,0.000000,75.000048,-90.000000,0
13490,82.125000,107.375000,0.000000,37.499905,-90.000000,0
13500,82.575002,106.624999,0.000000,87.464408,-59.036163,0
13510,82.912505,106.250000,0.000000,50.451249,-48.012425,0
13520,83.362498,105.874999,0.000000,58.576437,-39.806109,0
13530,83.700002,105.625000,0.000000,42.000935,-36.528420,0
13540,84.712503,105.000000,0.000000,118.986752,-31.686324,0
13550,85.275003,104.875000,0.000000,57.622163,-12.528854,0
13560,85.725005,104.624999,0.000000,51.478347,-29.054604,0
13570,86.174998,104.500000,0.000000,46.703142,-15.524111,0
13580,86.962503,104.250000,0.000000,82.623534,-17.612533,0
13590,87.412505,104.124999,0.000000,46.704032,-15.524111,0
13600,87.975005,103.999999,0.000000,57.622163,-12.528854,0
13610,88.200002,103.999999,0.000000,22.499657,0.000000,0
13620,88.312500,103.750000,0.000000,27.414439,-65.772459,0
13630,88.312500,103.750000,0.000000,0.000000,0.000000,0
13640,88.312500,103.750000,0.000000,0.000000,0.000000,0
13650,88.312500,103.750000,0.000000,0.000000,0.000000,0
13660,88.424998,103.499999,0.000000,27.414657,-65.772664,0
13670,88.424998,103.499999,0.000000,0.000000,0.000000,0
13680,88.424998,103.499999,0.000000,0.000000,0.000000,0
13690,88.312500,103.374999,0.000000,16.816951,-131.986669,0
13700,88.200002,103.250000,0.000000,16.816773,-131.987212,0
13710,88.200002,103.125000,0.000000,12.500048,-90.000000,0
13720,88.200002,103.125000,0.000000,0.000000,0.000000,0
13730,88.200002,103.125000,0.000000,0.000000,0.000000,0
13740,88.200002,103.125000,0.000000,0.000000,0.000000,0
13750,88.312500,103.000000,0.000000,16.816951,-48.013331,0
13760,88.312500,103.000000,0.000000,0.000000,0.000000,0
13770,88.537505,103.000000,0.000000,22.500515,0.000000,0
13780,88.537505,103.000000,0.000000,0.000000,0.000000,0
13790,88.650003,103.000000,0.000000,11.249828,0.000000,0
13800,88.762502,103.125000,0.000000,16.816951,48.013331,0
13810,88.875000,103.250000,0.000000,16.816951,48.013331,0
13820,88.875000,103.250000,0.000000,0.000000,0.000000,0
13830,88.875000,103.250000,0.000000,0.000000,0.000000,0
13840,89.100005,103.374999,0.000000,25.739433,29.053676,0
13850,89.212503,103.499999,0.000000,16.816951,48.013331,0
13860,89.437500,103.499999,0.000000,22.499657,0.000000,0
13870,89.437500,103.499999,0.000000,0.000000,0.000000,0
13880,89.662505,103.499999,0.000000,22.500515,0.000000,0
13890,89.887502,103.499999,0.000000,22.499657,0.000000,0
13900,90.225005,103.499999,0.000000,33.750343,0.000000,0
13910,90.337503,103.499999,0.000000,11.249828,0.000000,0
13920,90.562500,103.499999,0.000000,22.499657,0.000000,0
13930,90.900003,103.374999,0.000000,35.990789,-20.323018,0
13940,91.012502,103.374999,0.000000,11.249828,0.000000,0
13950,91.012502,103.374999,0.000000,0.000000,0.000000,0
13960,91.125000,103.499999,0.000000,16.816951,48.013331,0
13970,91.125000,103.499999,0.000000,0.000000,0.000000,0
13980,91.350005,103.625000,0.000000,25.739549,29.054140,0
13990,91.350005,103.625000,0.000000,0.000000,0.000000,0
14000,91.350005,103.625000,0.000000,0.000000,0.000000,0
14010,91.350005,103.625000,0.000000,0.000000,0.000000,0
14020,91.350005,103.875000,0.000000,25.000095,90.000000,0
14030,91.237498,103.999999,0.000000,16.817348,131.989386,0
14040,91.237498,104.124999,0.000000,12.500048,90.000000,0
14050,91.237498,104.124999,0.000000,0.000000,0.000000,0
14060,91.237498,104.250000,0.000000,12.500048,90.000000,0
14070,91.237498,104.250000,0.000000,0.000000,0.000000,0
14080,91.237498,104.500000,0.000000,25.000095,90.000000,0
14090,91.237498,104.500000,0.000000,0.000000,0.000000,0
14100,91.237498,104.500000,0.000000,0.000000,0.000000,0
14110,91.350005,104.624999,0.000000,16.817348,48.010614,0
14120,91.350005,104.624999,0.000000,0.000000,0.000000,0
14130,91.350005,104.749999,0.000000,12.500048,90.000000,0
14140,91.462503,104.749999,0.000000,11.249828,0.000000,0
14150,91.462503,104.875000,0.000000,12.500048,90.000000,0
14160,91.575002,104.875000,0.000000,11.249828,0.000000,0
14170,91.575002,104.875000,0.000000,0.000000,0.000000,0
14180,91.575002,105.125000,0.000000,25.000095,90.000000,0
14190,91.687500,105.249999,0.000000,16.816773,48.012788,0
14200,91.687500,105.500000,0.000000,25.000095,90.000000,0
14210,91.687500,105.500000,0.000000,0.000000,0.000000,0
14220,91.799998,105.999999,0.000000,51.249916,77.319792,0
14230,91.799998,106.125000,0.000000,12.500048,90.000000,0
14240,91.799998,106.375000,0.000000,25.000095,90.000000,0
14250,91.912505,106.750000,0.000000,39.151255,73.299753,0
14260,91.912505,107.000000,0.000000,25.000095,90.000000,0
14270,91.912505,107.124999,0.000000,12.499809,90.000000,0
14280,92.025003,107.500000,0.000000,39.151237,73.301057,0
14290,92.025003,107.500000,0.000000,0.000000,0.000000,0
14300,92.025003,107.625000,0.000000,12.500048,90.000000,0
14310,92.137502,107.749999,0.000000,16.816773,48.012788,0
14320,92.137502,107.749999,0.000000,0.000000,0.000000,0
14330,92.137502,107.749999,0.000000,0.000000,0.000000,0
14340,92.025003,108.000000,0.000000,27.414657,114.227336,0
14350,92.025003,108.000000,0.000000,0.000000,0.000000,0
14360,92.025003,108.000000,0.000000,0.000000,0.000000,0
14370,92.025003,108.000000,0.000000,0.000000,0.000000,0
14380,92.025003,108.000000,0.000000,0.000000,0.000000,0
14390,92.025003,108.000000,0.000000,0.000000,0.000000,0
14400,92.025003,108.000000,0.000000,0.000000,0.000000,0
14410,92.025003,108.000000,0.000000,0.000000,0.000000,0
14420,92.025003,108.000000,0.000000,0.000000,0.000000,0
14430,92.025003,108.000000,0.000000,0.000000,0.000000,0
14440,92.025003,108.000000,0.000000,0.000000,0.000000,0
14450,92.025003,108.000000,0.000000,0.000000,0.000000,0
14460,92.025003,108.000000,0.000000,0.000000,0.000000,0
14470,92.025003,108.000000,0.000000,0.000000,0.000000,0
14480,92.025003,108.000000,0.000000,0.000000,0.000000,0
14490,92.025003,108.000000,0.000000,0.000000,0.000000,0
14500,92.025003,108.000000,0.000000,0.000000,0.000000,0
14510,92.025003,108.000000,0.000000,0.000000,0.000000,0
14520,92.025003,108.000000,0.000000,0.000000,0.000000,0
14530,92.250000,108.250000,0.000000,33.633901,48.013331,0
14540,92.250000,108.374999,0.000000,12.499809,90.000000,0
14550,92.250000,108.374999,0.000000,0.000000,0.000000,0
14560,92.475005,108.499999,0.000000,25.739549,29.054140,0
14570,92.587503,108.750000,0.000000,27.414657,65.772664,0
14580,92.700002,108.750000,0.000000,11.249828,0.000000,0
14590,93.037505,108.875000,0.000000,35.990789,20.323018,0
14600,93.150003,108.999999,0.000000,16.816773,48.012788,0
14610,93.375000,108.999999,0.000000,22.499657,0.000000,0
14620,93.937500,109.250000,0.000000,61.555400,23.962570,0
14630,94.162505,109.375000,0.000000,25.739549,29.054140,0
14640,94.387502,109.375000,0.256836,22.499657,0.000000,1
14650,94.387502,109.375000,0.256836,0.000000,0.000000,1
14660,94.387502,109.375000,0.256836,0.000000,0.000000,1
14670,94.387502,109.375000,0.256836,0.000000,0.000000,1
14680,94.387502,109.375000,0.256836,0.000000,0.000000,1
14690,94.387502,109.375000,0.256836,0.000000,0.000000,1
14700,94.725005,109.624999,0.568359,42.000935,36.528420,1
14710,94.725005,109.624999,0.568359,0.000000,0.000000,1
14720,94.725005,109.624999,0.568359,0.000000,0.000000,1
14730,94.725005,109.624999,0.568359,0.000000,0.000000,1
14740,94.725005,109.624999,0.568359,0.000000,0.000000,1
14750,94.725005,109.624999,0.568359,0.000000,0.000000,1
14760,94.725005,109.500000,0.714844,12.499809,-90.000000,1
14770,94.725005,109.375000,0.740234,12.500048,-90.000000,1
14780,94.725005,109.375000,0.740234,0.000000,0.000000,1
14790,94.500000,108.750000,0.777344,66.426826,-109.799294,1
14800,94.275003,108.125000,0.780273,66.426535,-109.798598,1
14810,93.037505,106.250000,0.797852,224.655892,-123.424775,1
14820,92.137502,105.125000,0.798828,144.070473,-128.659927,1
14830,91.125000,103.999999,0.809570,151.353527,-131.987212,1
14840,88.762502,101.750000,0.809570,326.249810,-136.397172,1
14850,87.525003,100.750000,0.803711,159.103743,-141.058976,1
14860,85.049998,98.999999,0.802734,303.119732,-144.737015,1
14870,84.150003,98.374999,0.802734,109.572612,-145.222015,1
14880,83.250000,97.874999,0.804688,102.956578,-150.945512,1
14890,82.462503,97.375000,0.804688,93.281851,-147.587605,1
14900,81.450002,96.750000,0.750977,118.986752,-148.313676,1
14910,81.225005,96.624999,0.750000,25.738798,-150.944932,1
14920,81.112498,96.499999,0.708984,16.817525,-131.988843,1
14930,81.000000,96.375000,0.628906,16.816773,-131.987212,1
14940,81.225005,96.250000,0.141602,25.739549,-29.054140,1
14950,81.450002,96.250000,0.000000,22.499657,0.000000,0
14960,81.562500,96.250000,0.000000,11.249828,0.000000,0
14970,81.674998,96.375000,0.000000,16.816951,48.013331,0
14980,82.012502,96.375000,0.000000,33.750343,0.000000,0
14990,82.237498,96.499999,0.000000,25.738683,29.054604,0
15000,82.462503,96.499999,0.000000,22.500515,0.000000,0
15010,82.912505,96.624999,0.000000,46.704032,15.524111,0
15020,83.137502,96.624999,0.000000,22.499657,0.000000,0
15030,83.250000,96.624999,0.000000,11.249828,0.000000,0
15040,83.362498,96.624999,0.271484,11.249828,0.000000,1
15050,83.362498,96.624999,0.271484,0.000000,0.000000,1
15060,83.362498,96.624999,0.271484,0.000000,0.000000,1
15070,83.362498,96.624999,0.271484,0.000000,0.000000,1
15080,83.362498,96.624999,0.271484,0.000000,0.000000,1
15090,83.362498,96.624999,0.271484,0.000000,0.000000,1
15100,83.362498,96.624999,0.271484,0.000000,0.000000,1
15110,83.362498,96.624999,0.271484,0.000000,0.000000,1
15120,83.362498,96.624999,0.271484,0.000000,0.000000,1
15130,83.362498,96.624999,0.271484,0.000000,0.000000,1
15140,83.362498,96.624999,0.271484,0.000000,0.000000,1
15150,83.362498,96.624999,0.271484,0.000000,0.000000,1
15160,83.362498,96.624999,0.271484,0.000000,0.000000,1
15170,83.362498,96.624999,0.271484,0.000000,0.000000,1
15180,83.362498,96.624999,0.271484,0.000000,0.000000,1
15190,83.362498,96.624999,0.271484,0.000000,0.000000,1
15200,83.475005,96.624999,0.620117,11.250687,0.000000,1
15210,83.587503,96.624999,0.618164,11.249828,0.000000,1
15220,83.812500,96.624999,0.618164,22.499657,0.000000,1
15230,83.924998,96.624999,0.618164,11.249828,0.000000,1
15240,84.150003,96.624999,0.621094,22.500515,0.000000,1
15250,84.262502,96.624999,0.636719,11.249828,0.000000,1
15260,84.712503,96.624999,0.636719,45.000172,0.000000,1
15270,84.825002,96.499999,0.651367,16.816951,-48.013331,1
15280,85.049998,96.499999,0.659180,22.499657,0.000000,1
15290,85.500000,96.375000,0.670898,46.703969,-15.523829,1
15300,85.725005,96.250000,0.674805,25.739549,-29.054140,1
15310,86.174998,96.125000,0.693359,46.703205,-15.524393,1
15320,86.400003,95.999999,0.699219,25.739549,-29.054140,1
15330,86.625000,95.999999,0.718750,22.499657,0.000000,1
15340,86.737498,95.874999,0.718750,16.816951,-48.013331,1
15350,86.962503,95.750000,0.719727,25.739433,-29.053676,1
15360,87.299998,95.374999,0.729492,50.450852,-48.013331,1
15370,87.412505,95.249999,0.757813,16.817525,-48.011157,1
15380,87.750000,94.749999,0.762695,60.324315,-55.981030,1
15390,87.862498,94.375000,0.785156,39.151009,-73.300956,1
15400,87.975005,94.124999,0.791016,27.415009,-65.771028,1
15410,88.312500,93.375001,0.799805,82.243535,-65.772527,1
15420,88.424998,92.999997,0.805664,39.151465,-73.301157,1
15430,88.537505,92.500000,0.824219,51.249872,-77.318797,1
15440,88.762502,91.999998,0.824219,54.829314,-65.772664,1
15450,88.987498,90.374999,0.832031,164.050156,-82.116975,1
15460,89.100005,89.499998,0.833008,88.220432,-82.673159,1
15470,89.212503,87.750001,0.837891,175.360938,-86.321811,1
15480,89.212503,86.875000,0.843750,87.500095,-90.000000,1
15490,89.212503,85.749998,0.872070,112.500191,-90.000000,1
15500,89.100005,83.624997,0.872070,212.797672,-93.030429,1
15510,88.987498,82.374997,0.878906,125.505291,-95.143077,1
15520,88.762502,81.124997,0.878906,127.008797,-100.203821,1
15530,88.200002,78.375001,0.878906,280.693521,-101.560146,1
15540,87.862498,76.875000,0.885742,153.750168,-102.680501,1
15550,87.525003,75.374999,0.906250,153.749980,-102.680188,1
15560,86.625000,72.374997,0.906250,313.209477,-106.699294,1
15570,86.287505,70.999999,0.924805,141.581161,-103.790683,1
15580,85.950002,69.749999,0.928711,129.476197,-105.109722,1
15590,85.275003,67.874999,0.938477,199.279896,-109.798830,1
15600,85.162505,67.125001,0.945313,75.838842,-98.530659,1
15610,85.049998,66.749997,0.954102,39.151712,-106.700046,1
15620,84.825002,66.250000,0.954102,54.828879,-114.227541,1
15630,84.825002,66.124997,0.952148,12.500286,-90.000000,1
15640,84.712503,65.999999,0.952148,16.816773,-131.987212,1
15650,84.712503,65.875001,0.948242,12.499809,-90.000000,1
15660,84.600005,65.875001,0.884766,11.249828,180.000000,1
15670,84.600005,66.374998,0.846680,49.999714,90.000000,1
15680,84.487498,68.375001,0.567383,200.316481,93.219686,1
15690,84.375000,69.375000,0.000000,100.630709,96.418696,0
15700,84.825002,72.500000,0.000000,315.723400,81.805706,0
15710,85.049998,73.499999,0.000000,102.499832,77.319792,0
15720,85.500000,74.124999,0.000000,77.014709,54.246009,0
15730,86.400003,75.250001,0.000000,144.070659,51.340133,0
15740,86.962503,75.875001,0.000000,84.085150,48.012788,0
15750,87.525003,76.374998,0.000000,75.259776,41.633377,0
15760,88.650003,77.500000,0.000000,159.099161,45.000049,0
15770,89.212503,78.125000,0.000000,84.085150,48.012788,0
15780,89.662505,78.624997,0.000000,67.268022,48.012516,0
15790,90.000000,79.249997,0.000000,71.030119,61.631319,0
15800,90.450002,79.749999,0.000000,67.268377,48.012788,0
15810,90.674998,80.124998,0.000000,43.731881,59.036565,0
15820,91.012502,80.625000,0.000000,60.324993,55.980481,0
15830,91.125000,80.875001,0.000000,27.414657,65.772664,0
15840,91.350005,81.124997,0.000000,33.634121,48.011701,0
15850,91.462503,81.500001,0.000000,39.151465,73.301157,0
15860,91.462503,81.624999,0.000000,12.499809,90.000000,0
15870,91.350005,81.749997,0.000000,16.816773,131.987212,0
15880,91.237498,81.875000,0.000000,16.817702,131.988299,0
15890,90.787505,81.999998,0.000000,46.703142,164.475889,0
15900,90.562500,81.999998,0.000000,22.500515,180.000000,0
15910,90.000000,82.249999,0.000000,61.555400,156.037430,0
15920,89.775003,82.374997,0.000000,25.738683,150.945396,0
15930,89.662505,82.500000,0.000000,16.817128,131.986126,0
15940,89.437500,82.500000,0.000000,22.500515,180.000000,0
15950,89.100005,82.500000,0.000000,33.749485,180.000000,0
15960,88.875000,82.500000,0.000000,22.500515,180.000000,0
15970,88.762502,82.374997,0.000000,16.817128,-131.986126,0
15980,88.650003,82.374997,0.000000,11.249828,180.000000,0
15990,88.537505,82.374997,0.000000,11.249828,180.000000,0
16000,88.200002,82.249999,0.000000,35.990706,-159.677338,0
16010,87.862498,82.125001,0.255859,35.990706,-159.677338,1
16020,87.862498,82.125001,0.255859,0.000000,0.000000,1
16030,87.862498,82.125001,0.255859,0.000000,0.000000,1
16040,87.299998,81.999998,0.345703,57.622215,-167.470915,1
16050,87.075002,81.875000,0.416016,25.738683,-150.945396,1
16060,86.962503,81.749997,0.494141,16.817128,-131.986126,1
16070,86.737498,81.624999,0.592773,25.739433,-150.946324,1
16080,86.737498,81.624999,0.592773,0.000000,0.000000,1
16090,86.625000,81.500001,0.657227,16.816773,-131.987212,1
16100,86.625000,81.500001,0.657227,0.000000,0.000000,1
16110,86.625000,81.500001,0.657227,0.000000,0.000000,1
16120,86.625000,81.500001,0.657227,0.000000,0.000000,1
16130,86.625000,81.500001,0.657227,0.000000,0.000000,1
16140,86.625000,81.500001,0.657227,0.000000,0.000000,1
16150,86.625000,81.500001,0.657227,0.000000,0.000000,1
16160,86.737498,81.500001,0.711914,11.249828,0.000000,1
16170,86.737498,81.500001,0.711914,0.000000,0.000000,1
16180,87.299998,81.624999,0.710938,57.622111,12.528623,1
16190,87.862498,81.875000,0.711914,61.555400,23.962570,1
16200,90.000000,82.874999,0.711914,235.985417,25.071859,1
16210,91.575002,83.624997,0.737305,174.445623,25.463264,1
16220,95.062500,85.250001,0.743164,384.750330,24.983219,1
16230,96.975005,85.999999,0.753906,205.430599,21.412868,1
16240,101.137502,87.249999,0.766602,434.613365,16.715041,1
16250,101.137502,87.249999,0.766602,0.000000,0.000000,1
16260,103.049998,87.874999,0.766602,201.203084,18.097287,1
16270,106.424998,88.624997,0.789063,345.732876,12.528777,1
16280,107.887502,88.874998,0.790039,148.371721,9.700406,1
16290,110.137502,89.000001,0.809570,225.346971,3.179903,1
16300,110.924998,89.000001,0.817383,78.749657,0.000000,1
16310,112.049998,89.000001,0.826172,112.500000,0.000000,1
16320,112.275003,89.000001,0.828125,22.500515,0.000000,1
16330,112.500000,88.874998,0.854492,25.738914,-29.055532,1
16340,112.837503,88.874998,0.854492,33.750343,0.000000,1
16350,112.837503,88.874998,0.854492,0.000000,0.000000,1
16360,112.950002,88.750000,0.861328,16.816773,-48.012788,1
16370,112.950002,88.750000,0.861328,0.000000,0.000000,1
16380,112.837503,88.750000,0.878906,11.249828,180.000000,1
16390,112.725005,88.750000,0.869141,11.249828,180.000000,1
16400,111.937500,88.750000,0.809570,78.750515,180.000000,1
16410,111.150003,88.750000,0.582031,78.749657,180.000000,1
16420,111.150003,88.750000,0.000000,0.000000,0.000000,0
16430,109.462503,88.750000,0.000000,168.750000,180.000000,0
16440,108.562500,88.624997,0.000000,90.864289,-172.092688,0
16450,107.662505,88.375001,0.000000,93.407110,-164.476030,0
16460,105.750000,87.874999,0.000000,197.678473,-165.348626,0
16470,104.850005,87.374997,0.000000,102.955944,-150.945164,0
16480,103.049998,86.500001,0.000000,200.141026,-154.075283,0
16490,102.487498,86.124997,0.000000,67.604298,-146.309663,0
16500,102.487498,86.124997,0.000000,0.000000,0.000000,0
16510,102.712503,86.250000,0.000000,25.739664,29.054604,0
16520,102.825002,85.374999,0.000000,88.220323,-82.673712,0
16530,102.600005,85.000000,0.000000,43.731881,-120.963435,0
16540,101.475005,84.249997,0.000000,135.208332,-146.309832,0
16550,101.025003,83.874998,0.000000,58.576943,-140.194608,0
16560,100.575002,83.375001,0.000000,67.268022,-131.987484,0
16570,99.787505,82.500000,0.000000,117.719052,-131.987057,0
16580,99.337503,82.249999,0.000000,51.478347,-150.945396,0
16590,99.000000,81.999998,0.000000,42.001077,-143.471319,0
16600,98.549998,81.875000,0.000000,46.703969,-164.476171,0
16610,98.549998,81.875000,0.000000,0.000000,0.000000,0
16620,98.325002,81.875000,0.000000,22.499657,180.000000,0
16630,98.325002,81.999998,0.000000,12.499809,90.000000,0
16640,98.212503,82.249999,0.000000,27.414657,114.227336,0
16650,98.212503,82.249999,0.000000,0.000000,0.000000,0
16660,98.212503,82.374997,0.000000,12.499809,90.000000,0
16670,98.212503,82.374997,0.000000,0.000000,0.000000,0
16680,98.212503,82.624998,0.000000,25.000095,90.000000,0
16690,98.325002,82.624998,0.000000,11.249828,0.000000,0
16700,98.325002,82.750001,0.000000,12.500286,90.000000,0
16710,98.325002,82.874999,0.000000,12.499809,90.000000,0
16720,98.325002,82.874999,0.000000,0.000000,0.000000,0
16730,98.325002,82.999997,0.000000,12.499809,90.000000,0
16740,98.437500,82.999997,0.000000,11.249828,0.000000,0
16750,98.437500,82.999997,0.000000,0.000000,0.000000,0
16760,98.662505,83.249998,0.000000,33.634476,48.012244,0
16770,98.775003,83.249998,0.000000,11.249828,0.000000,0
16780,98.887502,83.375001,0.000000,16.817128,48.013874,0
16790,99.000000,83.499999,0.000000,16.816773,48.012788,0
16800,99.225005,83.624997,0.000000,25.739433,29.053676,0
16810,99.450002,83.750000,0.000000,25.738914,29.055532,0
16820,99.450002,83.874998,0.199219,12.499809,90.000000,1
16830,99.450002,83.874998,0.199219,0.000000,0.000000,1
16840,99.450002,83.874998,0.199219,0.000000,0.000000,1
16850,99.450002,83.874998,0.199219,0.000000,0.000000,1
16860,99.450002,83.874998,0.199219,0.000000,0.000000,1
16870,99.450002,83.874998,0.199219,0.000000,0.000000,1
16880,99.562500,83.874998,0.578125,11.249828,0.000000,1
16890,99.562500,83.874998,0.578125,0.000000,0.000000,1
16900,99.562500,83.874998,0.578125,0.000000,0.000000,1
16910,99.450002,84.000001,0.625000,16.817128,131.986126,1
16920,99.450002,84.000001,0.625000,0.000000,0.000000,1
16930,99.225005,84.000001,0.626953,22.499657,180.000000,1
16940,99.112498,84.000001,0.631836,11.250687,180.000000,1
16950,98.775003,83.874998,0.652344,35.990067,-159.676151,1
16960,98.549998,83.750000,0.659180,25.739433,-150.946324,1
16970,98.212503,83.249998,0.662109,60.324513,-124.018843,1
16980,97.987498,82.999997,0.662109,33.634476,-131.987756,1
16990,97.650003,82.500000,0.662109,60.324117,-124.019097,1
17000,97.087503,80.749998,0.666016,183.818196,-107.818871,1
17010,97.087503,80.749998,0.666016,0.000000,0.000000,1
17020,96.412505,78.375001,0.696289,246.905530,-105.865688,1
17030,96.075002,76.999998,0.744141,141.581829,-103.790974,1
17040,95.512502,74.375000,0.762695,268.458958,-102.094766,1
17050,95.400003,72.750001,0.790039,162.888851,-93.960254,1
17060,95.062500,69.625001,0.825195,314.317253,-96.164115,1
17070,94.950002,68.125000,0.850586,150.421366,-94.289085,1
17080,94.950002,66.624999,0.853516,150.000095,-90.000000,1
17090,94.950002,63.499999,0.874023,312.500000,-90.000000,1
17100,94.950002,63.499999,0.874023,0.000000,0.000000,1
17110,94.950002,60.250001,0.890625,324.999809,-90.000000,1
17120,94.950002,58.624997,0.890625,162.500381,-90.000000,1
17130,94.837503,55.124998,0.884766,350.180656,-91.840989,1
17140,94.725005,53.499994,0.884766,162.889326,-93.960242,1
17150,94.387502,50.500002,0.877930,301.891749,-96.418868,1
17160,94.162505,49.375000,0.868164,114.728059,-101.309746,1
17170,94.049998,48.374996,0.868164,100.631279,-96.419151,1
17180,93.712503,47.249994,0.861328,117.453483,-106.698977,1
17190,93.712503,47.249994,0.861328,0.000000,0.000000,1
17200,93.600005,46.750002,0.847656,51.249218,-102.680383,1
17210,93.600005,46.624994,0.837891,12.500763,-90.000000,1
17220,93.375000,46.499996,0.786133,25.739433,-150.946324,1
17230,93.375000,46.499996,0.786133,0.000000,0.000000,1
17240,93.262502,46.875000,0.676758,39.151465,106.698843,1
17250,93.037505,49.499998,0.371094,263.462302,94.899022,1
17260,93.037505,49.499998,0.000000,0.000000,0.000000,0
17270,92.475005,53.499994,0.000000,403.935338,98.004736,0
17280,92.250000,55.499997,0.000000,201.261988,96.418923,0
17290,92.025003,57.374997,0.000000,188.845134,96.842670,0
17300,92.137502,61.500001,0.000000,412.653757,88.437800,0
17310,92.137502,63.499999,0.000000,199.999809,90.000000,0
17320,92.137502,65.499997,0.000000,199.999809,90.000000,0
17330,93.712503,68.874998,0.000000,372.441430,64.983089,0
17340,94.725005,70.499997,0.000000,191.462310,58.073860,0
17350,95.737498,71.999998,0.000000,180.973623,55.980847,0
17360,97.875000,74.749999,0.000000,348.301864,52.143038,0
17370,98.775003,75.875001,0.000000,144.070659,51.340133,0
17380,99.787505,76.999998,0.000000,151.353173,48.012667,0
17390,100.687500,77.999997,0.000000,134.535825,48.012923,0
17400,102.600005,79.874997,0.000000,267.830188,44.432656,0
17410,103.500000,80.625000,0.000000,117.153533,39.805840,0
17420,104.737498,81.875000,0.000000,175.894912,45.287956,0
17430,105.187500,82.125001,0.000000,51.478347,29.054604,0
17440,105.412505,82.374997,0.000000,33.634121,48.011701,0
17450,105.637502,82.374997,0.000000,22.499657,0.000000,0
17460,105.750000,82.500000,0.000000,16.817128,48.013874,0
17470,105.975005,82.750001,0.000000,33.634476,48.012244,0
17480,106.200002,82.874999,0.000000,25.738683,29.054604,0
17490,106.537505,83.499999,0.000000,71.030526,61.630710,0
17500,106.537505,83.750000,0.000000,25.000095,90.000000,0
17510,106.650003,84.375000,0.000000,63.504399,79.796179,0
17520,106.762502,84.749999,0.000000,39.151009,73.300956,0
17530,106.762502,85.124998,0.000000,37.499905,90.000000,0
17540,106.762502,85.374999,0.000000,25.000095,90.000000,0
17550,106.424998,85.875001,0.000000,60.324993,124.019519,0
17560,106.087503,86.124997,0.000000,42.000103,143.471145,0
17570,105.862498,86.374998,0.000000,33.634476,131.987756,0
17580,105.187500,86.999998,0.000000,91.991722,137.202526,0
17590,104.850005,87.374997,0.000000,50.450675,131.986850,0
17600,104.512502,87.624998,0.000000,42.001077,143.471319,0
17610,103.837503,88.375001,0.000000,100.902278,131.987031,0
17620,103.500000,88.750000,0.000000,50.451249,131.987575,0
17630,103.162505,89.000001,0.000000,42.000387,143.470622,0
17640,102.487498,89.625001,0.000000,91.992351,137.202889,0
17650,102.262502,89.874997,0.000000,33.633547,131.987212,0
17660,102.262502,90.124998,0.000000,25.000095,90.000000,0
17670,102.262502,90.625000,0.000000,50.000191,90.000000,0
17680,102.262502,90.999999,0.000000,37.499905,90.000000,0
17690,102.150003,91.250000,0.000000,27.414657,114.227336,0
17700,102.150003,91.999998,0.000000,74.999809,90.000000,0
17710,102.150003,92.374997,0.000000,37.499905,90.000000,0
17720,102.150003,92.750001,0.000000,37.500381,90.000000,0
17730,102.375000,93.499999,0.000000,78.302017,73.300956,0
17740,102.487498,93.750000,0.000000,27.414657,65.772664,0
17750,102.600005,94.000001,0.000000,27.415009,65.771028,0
17760,102.712503,94.249997,0.000000,27.414222,65.772255,0
17770,102.825002,94.625001,0.000000,39.151465,73.301157,0
17780,102.825002,94.749999,0.000000,12.499809,90.000000,0
17790,102.825002,95.125000,0.000000,37.500143,90.000000,0
17800,102.825002,95.374999,0.000000,24.999857,90.000000,0
17810,102.825002,95.625000,0.000000,25.000095,90.000000,0
17820,102.712503,95.999999,0.000000,39.151009,106.699044,0
17830,102.487498,96.125000,0.000000,25.739549,150.945860,0
17840,102.037505,96.499999,0.000000,58.576284,140.194071,0
17850,101.812500,96.750000,0.000000,33.634476,131.987756,0
17860,101.475005,96.875000,0.000000,35.989984,159.676507,0
17870,101.250000,97.124999,0.000000,33.634298,131.988028,0
17880,100.687500,97.625000,0.000000,75.260093,138.366352,0
17890,100.462503,97.874999,0.000000,33.633724,131.986941,0
17900,100.237498,98.125000,0.000000,33.634476,131.987756,0
17910,100.012502,98.499999,0.000000,43.731881,120.963435,0
17920,99.562500,99.124999,0.000000,77.014709,125.753991,0
17930,99.450002,99.749999,0.000000,63.504399,100.203821,0
17940,99.450002,100.000000,0.000000,25.000095,90.000000,0
17950,99.450002,100.374999,0.000000,37.499905,90.000000,0
17960,99.337503,100.750000,0.000000,39.151237,106.698943,0
17970,99.337503,100.874999,0.000000,12.499809,90.000000,0
17980,99.337503,100.874999,0.000000,0.000000,0.000000,0
17990,99.337503,100.874999,0.000000,0.000000,0.000000,0
18000,99.450002,100.999999,0.000000,16.816951,48.013331,0
18010,99.674998,100.999999,0.000000,22.499657,0.000000,0
18020,100.125000,100.999999,0.000000,45.000172,0.000000,0
18030,100.237498,100.874999,0.000000,16.816951,-48.013331,0
18040,100.462503,100.750000,0.000000,25.739433,-29.053676,0
18050,101.025003,100.374999,0.000000,67.604166,-33.690168,0
18060,101.250000,100.249999,0.000000,25.738798,-29.055068,0
18070,101.475005,100.125000,0.000000,25.739433,-29.053676,0
18080,101.812500,99.875000,0.000000,42.000387,-36.529378,0
18090,101.924998,99.749999,0.000000,16.816951,-48.013331,0
18100,101.924998,99.749999,0.000000,0.000000,0.000000,0
18110,101.924998,99.749999,0.000000,0.000000,0.000000,0
18120,102.037505,99.749999,0.000000,11.250687,0.000000,0
18130,102.037505,99.749999,0.000000,0.000000,0.000000,0
18140,102.037505,99.749999,0.000000,0.000000,0.000000,0
18150,102.037505,99.875000,0.000000,12.500048,90.000000,0
18160,101.924998,100.249999,0.000000,39.151255,106.700247,0
18170,101.924998,100.374999,0.000000,12.500048,90.000000,0
18180,101.812500,100.999999,0.000000,63.504399,100.203821,0
18190,101.700002,101.250000,0.000000,27.414657,114.227336,0
18200,101.700002,101.750000,0.000000,49.999952,90.000000,0
18210,101.700002,102.000000,0.000000,25.000095,90.000000,0
18220,101.700002,102.124999,0.000000,12.499809,90.000000,0
18230,101.700002,102.375000,0.000000,25.000095,90.000000,0
18240,101.700002,102.375000,0.000000,0.000000,0.000000,0
18250,101.700002,102.625000,0.000000,25.000095,90.000000,0
18260,101.812500,102.625000,0.000000,11.249828,0.000000,0
18270,101.924998,102.749999,0.000000,16.816773,48.012788,0
18280,101.924998,102.749999,0.000000,0.000000,0.000000,0
18290,102.037505,102.874999,0.000000,16.817525,48.011157,0
18300,102.262502,103.000000,0.000000,25.738798,29.055068,0
18310,102.262502,103.000000,0.000000,0.000000,0.000000,0
18320,102.487498,103.125000,0.000000,25.738798,29.055068,0
18330,102.600005,103.125000,0.000000,11.250687,0.000000,0
18340,102.825002,103.250000,0.000000,25.738798,29.055068,0
18350,102.937500,103.250000,0.000000,11.249828,0.000000,0
18360,102.937500,103.250000,0.000000,0.000000,0.000000,0
18370,102.937500,103.250000,0.000000,0.000000,0.000000,0
18380,103.162505,103.250000,0.000000,22.500515,0.000000,0
18390,103.387502,103.250000,0.000000,22.499657,0.000000,0
18400,103.387502,103.250000,0.000000,0.000000,0.000000,0
18410,103.500000,103.250000,0.000000,11.249828,0.000000,0
18420,103.500000,103.250000,0.000000,0.000000,0.000000,0
18430,103.725005,103.250000,0.000000,22.500515,0.000000,0
18440,103.837503,103.125000,0.000000,16.816951,-48.013331,0
18450,103.950002,103.125000,0.000000,11.249828,0.000000,0
18460,103.950002,103.125000,0.000000,0.000000,0.000000,0
18470,104.174998,102.749999,0.000000,43.732085,-59.036726,0
18480,104.287505,102.500000,0.000000,27.414792,-65.770823,0
18490,104.287505,102.500000,0.000000,0.000000,0.000000,0
18500,104.287505,102.500000,0.000000,0.000000,0.000000,0
18510,104.287505,102.249999,0.000000,25.000095,-90.000000,0
18520,104.287505,102.249999,0.000000,0.000000,0.000000,0
18530,104.287505,102.124999,0.000000,12.500048,-90.000000,0
18540,104.287505,102.124999,0.000000,0.000000,0.000000,0
18550,104.287505,102.124999,0.000000,0.000000,0.000000,0
18560,104.287505,102.124999,0.000000,0.000000,0.000000,0
18570,104.174998,102.124999,0.000000,11.250687,180.000000,0
18580,104.174998,102.124999,0.000000,0.000000,0.000000,0
18590,104.174998,102.124999,0.000000,0.000000,0.000000,0
18600,104.174998,102.124999,0.000000,0.000000,0.000000,0
18610,104.174998,102.124999,0.000000,0.000000,0.000000,0
18620,104.174998,102.249999,0.000000,12.500048,90.000000,0
18630,104.174998,102.375000,0.000000,12.500048,90.000000,0
18640,104.174998,102.375000,0.000000,0.000000,0.000000,0
18650,104.174998,102.375000,0.000000,0.000000,0.000000,0
18660,104.174998,102.375000,0.000000,0.000000,0.000000,0
18670,104.174998,102.375000,0.000000,0.000000,0.000000,0
18680,104.174998,102.625000,0.000000,25.000095,90.000000,0
18690,104.174998,102.625000,0.000000,0.000000,0.000000,0
18700,104.174998,102.625000,0.000000,0.000000,0.000000,0
18710,104.287505,102.625000,0.000000,11.250687,0.000000,0
18720,104.400003,102.625000,0.000000,11.249828,0.000000,0
18730,104.400003,102.625000,0.000000,0.000000,0.000000,0
18740,104.512502,102.749999,0.000000,16.816773,48.012788,0
18750,104.625000,102.749999,0.000000,11.249828,0.000000,0
18760,104.625000,102.749999,0.000000,0.000000,0.000000,0
18770,104.850005,102.749999,0.000000,22.500515,0.000000,0
18780,104.962503,102.749999,0.000000,11.249828,0.000000,0
18790,105.299998,102.749999,0.000000,33.749485,0.000000,0
18800,105.299998,102.625000,0.000000,12.499809,-90.000000,0
18810,105.525003,102.500000,0.000000,25.739549,-29.054140,0
18820,105.637502,102.500000,0.000000,11.249828,0.000000,0
18830,105.750000,102.375000,0.000000,16.816951,-48.013331,0
18840,105.750000,102.375000,0.000000,0.000000,0.000000,0
18850,105.862498,102.249999,0.000000,16.816951,-48.013331,0
18860,105.975005,102.124999,0.000000,16.817525,-48.011157,0
18870,105.975005,102.124999,0.000000,0.000000,0.000000,0
18880,105.975005,102.000000,0.000000,12.499809,-90.000000,0
18890,105.975005,102.000000,0.000000,0.000000,0.000000,0
18900,105.862498,101.875000,0.000000,16.817525,-131.988843,0
18910,105.862498,101.875000,0.000000,0.000000,0.000000,0
18920,105.862498,101.875000,0.000000,0.000000,0.000000,0
18930,105.862498,101.875000,0.000000,0.000000,0.000000,0
18940,105.637502,101.875000,0.000000,22.499657,180.000000,0
18950,105.525003,101.875000,0.000000,11.249828,180.000000,0
18960,105.525003,101.875000,0.000000,0.000000,0.000000,0
18970,105.412505,101.875000,0.000000,11.249828,180.000000,0
18980,105.299998,101.875000,0.000000,11.250687,180.000000,0
18990,105.299998,101.875000,0.000000,0.000000,0.000000,0
19000,105.299998,101.875000,0.000000,0.000000,0.000000,0
19010,105.299998,101.875000,0.000000,0.000000,0.000000,0
19020,105.299998,101.875000,0.000000,0.000000,0.000000,0
19030,105.187500,101.624999,0.000000,27.414657,-114.227336,0
19040,105.187500,101.624999,0.000000,0.000000,0.000000,0
19050,105.187500,101.624999,0.000000,0.000000,0.000000,0
19060,105.187500,101.624999,0.000000,0.000000,0.000000,0
19070,105.187500,101.624999,0.000000,0.000000,0.000000,0
19080,105.299998,101.499999,0.000000,16.816951,-48.013331,0
19090,105.299998,101.499999,0.000000,0.000000,0.000000,0
19100,105.299998,101.499999,0.000000,0.000000,0.000000,0
19110,105.412505,101.375000,0.000000,16.817348,-48.010614,0
19120,105.525003,101.375000,0.000000,11.249828,0.000000,0
19130,105.525003,101.375000,0.000000,0.000000,0.000000,0
19140,105.525003,101.375000,0.000000,0.000000,0.000000,0
19150,105.637502,101.375000,0.000000,11.249828,0.000000,0
19160,105.637502,101.375000,0.000000,0.000000,0.000000,0
19170,105.637502,101.375000,0.000000,0.000000,0.000000,0
19180,105.637502,101.375000,0.000000,0.000000,0.000000,0
19190,105.637502,101.375000,0.000000,0.000000,0.000000,0
19200,105.750000,101.375000,0.000000,11.249828,0.000000,0
19210,105.750000,101.375000,0.000000,0.000000,0.000000,0
19220,105.750000,101.375000,0.000000,0.000000,0.000000,0
19230,105.750000,101.499999,0.000000,12.499809,90.000000,0
19240,105.750000,101.499999,0.000000,0.000000,0.000000,0
19250,105.750000,101.499999,0.000000,0.000000,0.000000,0
19260,105.975005,101.624999,0.000000,25.739549,29.054140,0
19270,105.975005,101.624999,0.000000,0.000000,0.000000,0
19280,106.087503,101.624999,0.000000,11.249828,0.000000,0
19290,106.087503,101.624999,0.000000,0.000000,0.000000,0
19300,106.200002,101.624999,0.000000,11.249828,0.000000,0
19310,106.200002,101.624999,0.000000,0.000000,0.000000,0
19320,106.312500,101.624999,0.000000,11.249828,0.000000,0
19330,106.312500,101.624999,0.000000,0.000000,0.000000,0
19340,106.537505,101.624999,0.000000,22.500515,0.000000,0
19350,106.537505,101.624999,0.000000,0.000000,0.000000,0
19360,106.650003,101.624999,0.000000,11.249828,0.000000,0
19370,106.650003,101.624999,0.000000,0.000000,0.000000,0
19380,106.762502,101.624999,0.000000,11.249828,0.000000,0
19390,106.762502,101.624999,0.000000,0.000000,0.000000,0
19400,106.875000,101.624999,0.000000,11.249828,0.000000,0
19410,106.875000,101.624999,0.000000,0.000000,0.000000,0
19420,106.875000,101.624999,0.000000,0.000000,0.000000,0
19430,106.875000,101.624999,0.000000,0.000000,0.000000,0
19440,106.875000,101.624999,0.000000,0.000000,0.000000,0
19450,107.100005,101.624999,0.000000,22.500515,0.000000,0
19460,107.100005,101.624999,0.000000,0.000000,0.000000,0
19470,107.100005,101.624999,0.000000,0.000000,0.000000,0
19480,107.100005,101.624999,0.000000,0.000000,0.000000,0
19490,107.212503,101.624999,0.000000,11.249828,0.000000,0
19500,107.212503,101.624999,0.000000,0.000000,0.000000,0
19510,107.212503,101.624999,0.000000,0.000000,0.000000,0
19520,107.212503,101.750000,0.000000,12.500048,90.000000,0
19530,107.212503,101.750000,0.000000,0.000000,0.000000,0
19540,107.212503,101.750000,0.000000,0.000000,0.000000,0
19550,107.212503,101.750000,0.000000,0.000000,0.000000,0
19560,107.212503,101.750000,0.000000,0.000000,0.000000,0
19570,107.212503,101.750000,0.000000,0.000000,0.000000,0
19580,107.212503,101.750000,0.000000,0.000000,0.000000,0
19590,107.212503,101.750000,0.000000,0.000000,0.000000,0
19600,107.212503,101.750000,0.000000,0.000000,0.000000,0
19610,107.212503,101.750000,0.000000,0.000000,0.000000,0
19620,107.212503,101.750000,0.000000,0.000000,0.000000,0
19630,107.212503,101.750000,0.000000,0.000000,0.000000,0
19640,107.212503,101.750000,0.000000,0.000000,0.000000,0
19650,107.212503,101.750000,0.000000,0.000000,0.000000,0
19660,107.212503,102.000000,0.000000,25.000095,90.000000,0
19670,107.212503,102.000000,0.000000,0.000000,0.000000,0
19680,107.212503,102.124999,0.000000,12.499809,90.000000,0
19690,107.212503,102.124999,0.000000,0.000000,0.000000,0
19700,107.212503,102.249999,0.000000,12.500048,90.000000,0
19710,107.100005,102.625000,0.000000,39.151237,106.698943,0
19720,106.987498,102.874999,0.000000,27.414792,114.229177,0
19730,106.987498,103.250000,0.000000,37.500143,90.000000,0
19740,106.987498,103.499999,0.000000,24.999857,90.000000,0
19750,106.875000,104.124999,0.000000,63.504399,100.203821,0
19760,106.762502,104.500000,0.000000,39.151237,106.698943,0
19770,106.650003,104.875000,0.000000,39.151009,106.699044,0
19780,106.650003,105.125000,0.000000,25.000095,90.000000,0
19790,106.537505,105.500000,0.000000,39.151009,106.699044,0
19800,106.424998,105.500000,0.000000,11.250687,180.000000,0
19810,106.424998,105.500000,0.000000,0.000000,0.000000,0
19820,106.312500,105.750000,0.000000,27.414657,114.227336,0
19830,106.312500,105.874999,0.000000,12.499809,90.000000,0
19840,106.312500,105.999999,0.000000,12.500048,90.000000,0
19850,106.424998,106.125000,0.000000,16.816951,48.013331,0
19860,106.424998,106.125000,0.000000,0.000000,0.000000,0
19870,106.537505,106.250000,0.000000,16.817525,48.011157,0
19880,106.537505,106.250000,0.000000,0.000000,0.000000,0
19890,106.537505,106.250000,0.000000,0.000000,0.000000,0
19900,106.537505,105.999999,0.000000,25.000095,-90.000000,0
19910,106.537505,105.999999,0.000000,0.000000,0.000000,0
19920,106.537505,105.874999,0.000000,12.500048,-90.000000,0
19930,106.537505,105.750000,0.000000,12.499809,-90.000000,0
19940,106.650003,105.625000,0.000000,16.816951,-48.013331,0
19950,106.650003,105.625000,0.000000,0.000000,0.000000,0
19960,106.762502,105.374999,0.000000,27.414657,-65.772664,0
19970,106.762502,105.249999,0.287109,12.500048,-90.000000,1
19980,106.762502,105.249999,0.287109,0.000000,0.000000,1
19990,106.762502,105.249999,0.287109,0.000000,0.000000,1
20000,106.762502,105.249999,0.287109,0.000000,0.000000,1
20010,106.762502,105.249999,0.287109,0.000000,0.000000,1
20020,106.762502,105.249999,0.287109,0.000000,0.000000,1
20030,107.100005,105.249999,0.457031,33.750343,0.000000,1
20040,107.100005,105.125000,0.467773,12.499809,-90.000000,1
20050,107.325002,105.000000,0.502930,25.738798,-29.055068,1
20060,107.437500,105.000000,0.507813,11.249828,0.000000,1
20070,107.437500,104.875000,0.531250,12.500048,-90.000000,1
20080,107.549998,104.875000,0.535156,11.249828,0.000000,1
20090,107.549998,104.624999,0.560547,25.000095,-90.000000,1
20100,107.662505,104.375000,0.569336,27.414792,-65.770823,1
20110,107.662505,103.750000,0.596680,62.500000,-90.000000,1
20120,107.549998,103.000000,0.596680,75.839206,-98.531273,1
20130,107.212503,101.750000,0.635742,129.475974,-105.109355,1
20140,106.424998,98.374999,0.650391,346.565950,-103.134102,1
20150,106.424998,98.374999,0.650391,0.000000,0.000000,1
20160,105.187500,94.375000,0.680664,418.705034,-107.190744,1
20170,104.512502,92.500000,0.712891,199.279896,-109.798830,1
20180,103.500000,89.249997,0.730469,340.406791,-107.303834,1
20190,103.049998,88.125000,0.764648,121.166006,-111.801535,1
20200,102.600005,86.624999,0.793945,156.604492,-106.698994,1
20210,102.487498,86.250000,0.804688,39.151255,-106.700247,1
20220,102.375000,85.999999,0.807617,27.414657,-114.227336,1
20230,102.375000,85.749998,0.819336,25.000095,-90.000000,1
20240,102.375000,85.625000,0.819336,12.499809,-90.000000,1
20250,102.375000,85.625000,0.819336,0.000000,0.000000,1
20260,102.375000,85.625000,0.819336,0.000000,0.000000,1
20270,102.375000,85.625000,0.819336,0.000000,0.000000,1
20280,102.487498,86.124997,0.747070,51.249683,77.319734,1
20290,102.825002,86.999998,0.000000,93.783540,68.907486,0
20300,103.275003,88.375001,0.000000,144.676688,71.878110,0
20310,103.500000,88.874998,0.000000,54.828879,65.772459,0
20320,103.837503,89.749999,0.000000,93.783540,68.907486,0
20330,103.950002,89.874997,0.000000,16.816773,48.012788,0
20340,103.950002,89.874997,0.000000,0.000000,0.000000,0
20350,104.062500,89.874997,0.000000,11.249828,0.000000,0
20360,104.512502,90.374999,0.000000,67.268377,48.012788,0
20370,104.962503,90.374999,0.000000,45.000172,0.000000,0
20380,105.525003,90.499997,0.000000,57.622111,12.528623,0
20390,105.750000,90.625000,0.000000,25.738914,29.055532,0
20400,105.975005,90.749998,0.000000,25.739433,29.053676,0
20410,105.975005,90.875001,0.000000,12.500286,90.000000,0
20420,105.975005,90.875001,0.000000,0.000000,0.000000,0
20430,106.087503,90.875001,0.000000,11.249828,0.000000,0
20440,106.087503,90.875001,0.000000,0.000000,0.000000,0
20450,105.637502,90.875001,0.000000,45.000172,180.000000,0
20460,105.412505,90.749998,0.000000,25.738914,-150.944468,0
20470,105.299998,90.749998,0.000000,11.250687,180.000000,0
20480,105.075002,90.749998,0.000000,22.499657,180.000000,0
20490,104.962503,90.875001,0.000000,16.817128,131.986126,0
20500,104.962503,90.875001,0.000000,0.000000,0.000000,0
20510,104.962503,90.875001,0.000000,0.000000,0.000000,0
20520,104.962503,90.999999,0.000000,12.499809,90.000000,0
20530,104.962503,91.124997,0.000000,12.499809,90.000000,0
20540,104.962503,91.374998,0.000000,25.000095,90.000000,0
20550,105.075002,91.500001,0.000000,16.817128,48.013874,0
20560,105.187500,91.875000,0.000000,39.151009,73.300956,0
20570,105.187500,91.999998,0.000000,12.499809,90.000000,0
20580,105.299998,92.249999,0.000000,27.414657,65.772664,0
20590,105.412505,92.624998,0.000000,39.151255,73.299753,0
20600,105.525003,92.750001,0.000000,16.817128,48.013874,0
20610,105.525003,92.874999,0.000000,12.499809,90.000000,0
20620,105.637502,92.874999,0.274414,11.249828,0.000000,1
20630,105.637502,92.874999,0.274414,0.000000,0.000000,1
20640,105.637502,92.874999,0.274414,0.000000,0.000000,1
20650,105.637502,92.874999,0.274414,0.000000,0.000000,1
20660,105.637502,92.874999,0.274414,0.000000,0.000000,1
20670,105.637502,92.999997,0.642578,12.499809,90.000000,1
20680,105.637502,92.999997,0.642578,0.000000,0.000000,1
20690,105.637502,92.999997,0.642578,0.000000,0.000000,1
20700,105.637502,92.999997,0.642578,0.000000,0.000000,1
20710,105.637502,92.999997,0.642578,0.000000,0.000000,1
20720,105.637502,92.999997,0.642578,0.000000,0.000000,1
20730,105.637502,92.999997,0.642578,0.000000,0.000000,1
20740,105.637502,92.999997,0.642578,0.000000,0.000000,1
20750,105.637502,92.999997,0.642578,0.000000,0.000000,1
20760,105.637502,92.999997,0.642578,0.000000,0.000000,1
20770,105.637502,92.999997,0.642578,0.000000,0.000000,1
20780,105.750000,92.999997,0.764648,11.249828,0.000000,1
20790,105.862498,92.999997,0.764648,11.249828,0.000000,1
20800,106.200002,92.999997,0.764648,33.750343,0.000000,1
20810,106.312500,92.999997,0.761719,11.249828,0.000000,1
20820,106.424998,93.125000,0.765625,16.817128,48.013874,1
20830,106.537505,93.125000,0.764648,11.250687,0.000000,1
20840,106.987498,93.249998,0.763672,46.703142,15.524111,1
20850,107.212503,93.375001,0.763672,25.739664,29.054604,1
20860,108.000000,93.750000,0.763672,87.222424,25.463385,1
20870,108.674998,94.124999,0.761719,77.217030,29.054604,1
20880,109.575002,94.499998,0.765625,97.500280,22.619736,1
20890,111.600005,95.625000,0.766602,231.652071,29.054604,1
20900,112.612498,96.125000,0.758789,112.922180,26.281544,1
20910,113.625000,96.499999,0.757813,107.971478,20.323058,1
20920,114.637502,97.000000,0.757813,112.923055,26.281459,1
20930,117.112498,97.874999,0.757813,262.511533,19.470298,1
20940,118.350005,98.374999,0.758789,133.469950,22.000569,1
20950,121.049998,99.250000,0.758789,283.823706,17.956226,1
20960,122.174998,99.500000,0.751953,115.244326,12.528854,1
20970,124.200002,99.875000,0.746094,205.943273,10.491434,1
20980,124.200002,99.875000,0.746094,0.000000,0.000000,1
20990,125.662505,99.875000,0.736328,146.250343,0.000000,1
21000,126.225005,99.875000,0.736328,56.250000,0.000000,1
21010,126.674998,99.875000,0.730469,44.999313,0.000000,1
21020,127.350005,99.624999,0.729492,71.981577,-20.323018,1
21030,127.687500,99.624999,0.727539,33.749485,0.000000,1
21040,128.362498,99.500000,0.729492,68.647448,-10.491347,1
21050,128.700002,99.375000,0.729492,35.990789,-20.323018,1
21060,128.700002,99.375000,0.729492,0.000000,0.000000,1
21070,129.825002,99.250000,0.735352,113.192319,-6.340216,1
21080,129.825002,99.250000,0.735352,0.000000,0.000000,1
21090,130.500000,99.124999,0.732422,68.647491,-10.491542,1
21100,130.725005,98.999999,0.732422,25.739549,-29.054140,1
21110,131.174998,98.875000,0.734375,46.703142,-15.524111,1
21120,131.400003,98.875000,0.734375,22.500515,0.000000,1
21130,131.625000,98.750000,0.733398,25.738798,-29.055068,1
21140,131.850005,98.625000,0.733398,25.739549,-29.054140,1
21150,131.962503,98.499999,0.734375,16.816951,-48.013331,1
21160,131.962503,98.499999,0.734375,0.000000,0.000000,1
21170,132.075002,98.499999,0.740234,11.249828,0.000000,1
21180,132.299998,98.250000,0.768555,33.633724,-48.013059,1
21190,132.299998,98.250000,0.768555,0.000000,0.000000,1
21200,132.412505,98.000000,0.768555,27.415009,-65.771028,1
21210,132.525003,97.874999,0.771484,16.816951,-48.013331,1
21220,132.637502,97.749999,0.785156,16.816951,-48.013331,1
21230,132.637502,97.625000,0.785156,12.499809,-90.000000,1
21240,132.637502,97.500000,0.788086,12.500048,-90.000000,1
21250,132.525003,97.124999,0.806641,39.151237,-106.698943,1
21260,132.525003,97.124999,0.806641,0.000000,0.000000,1
21270,131.737498,96.250000,0.833984,117.719449,-131.987445,1
21280,130.612498,95.374999,0.836914,142.521987,-142.124986,1
21290,127.125000,93.125000,0.830078,415.031806,-147.171456,1
21300,124.087503,91.250000,0.000000,356.959527,-148.313603,0
21310,120.712503,89.499998,0.000000,380.172746,-152.592399,0
21320,118.575002,88.499999,0.000000,235.985417,-154.928141,0
21330,114.975005,86.374998,0.000000,418.038328,-149.447556,0
21340,113.850005,85.625000,0.000000,135.208067,-146.310000,0
21350,113.062500,84.874997,0.000000,108.750570,-136.397259,0
21360,112.387502,84.249997,0.000000,91.991722,-137.202526,0
21370,111.600005,83.125000,0.000000,137.323319,-124.991971,0
21380,111.600005,82.750001,0.000000,37.499905,-90.000000,0
21390,111.825002,82.750001,0.000000,22.499657,0.000000,0
21400,111.600005,82.750001,0.000000,22.499657,180.000000,0
21410,111.487498,82.624998,0.000000,16.817702,-131.988299,0
21420,111.712503,82.249999,0.000000,43.732322,-59.035601,0
21430,112.612498,82.125001,0.000000,90.863373,-7.907088,0
21440,113.062500,82.125001,0.000000,45.000172,0.000000,0
21450,113.512502,82.125001,0.000000,45.000172,0.000000,0
21460,114.412505,82.374997,0.000000,93.407937,15.523829,0
21470,114.862498,82.624998,0.000000,51.477597,29.055068,0
21480,115.200002,82.874999,0.000000,42.001077,36.528681,0
21490,115.875000,83.375001,0.000000,84.001464,36.529030,0
21500,116.100005,83.624997,0.000000,33.634121,48.011701,0
21510,116.325002,83.750000,0.000000,25.738914,29.055532,0
21520,116.662505,84.124999,0.000000,50.451249,48.012425,0
21530,116.775003,84.249997,0.000000,16.816773,48.012788,0
21540,116.775003,84.249997,0.000000,0.000000,0.000000,0
21550,116.887502,84.499998,0.000000,27.414657,65.772664,0
21560,116.887502,84.625001,0.000000,12.500286,90.000000,0
21570,116.887502,84.749999,0.000000,12.499809,90.000000,0
21580,116.775003,84.874997,0.000000,16.816773,131.987212,0
21590,116.549998,85.000000,0.000000,25.739664,150.945396,0
21600,116.437500,85.124998,0.000000,16.816773,131.987212,0
21610,116.212503,85.374999,0.000000,33.633901,131.986669,0
21620,116.100005,85.499997,0.000000,16.816773,131.987212,0
21630,115.987498,85.625000,0.000000,16.817702,131.988299,0
21640,115.875000,85.875001,0.000000,27.414657,114.227336,0
21650,115.875000,85.999999,0.000000,12.499809,90.000000,0
21660,115.762502,86.124997,0.000000,16.816773,131.987212,0
21670,115.762502,86.124997,0.000000,0.000000,0.000000,0
21680,115.650003,86.374998,0.000000,27.414657,114.227336,0
21690,115.650003,86.500001,0.000000,12.500286,90.000000,0
21700,115.537505,86.624999,0.000000,16.816773,131.987212,0
21710,115.537505,86.624999,0.000000,0.000000,0.000000,0
21720,115.424998,86.624999,0.000000,11.250687,180.000000,0
21730,115.424998,86.749997,0.000000,12.499809,90.000000,0
21740,115.424998,86.749997,0.000000,0.000000,0.000000,0
21750,115.424998,86.749997,0.000000,0.000000,0.000000,0
21760,115.424998,86.749997,0.000000,0.000000,0.000000,0
21770,115.424998,86.749997,0.000000,0.000000,0.000000,0
21780,115.424998,86.749997,0.000000,0.000000,0.000000,0
21790,115.424998,86.749997,0.000000,0.000000,0.000000,0
21800,115.424998,86.749997,0.000000,0.000000,0.000000,0
21810,115.424998,86.749997,0.000000,0.000000,0.000000,0
21820,115.424998,86.749997,0.000000,0.000000,0.000000,0
21830,115.424998,86.749997,0.000000,0.000000,0.000000,0
21840,115.424998,86.749997,0.000000,0.000000,0.000000,0
21850,115.312500,86.999998,0.000000,27.414657,114.227336,0
21860,115.312500,86.999998,0.000000,0.000000,0.000000,0
21870,115.312500,86.999998,0.000000,0.000000,0.000000,0
21880,115.312500,87.125001,0.000000,12.500286,90.000000,0
21890,115.312500,87.125001,0.000000,0.000000,0.000000,0
21900,115.312500,87.249999,0.000000,12.499809,90.000000,0
21910,115.312500,87.249999,0.000000,0.000000,0.000000,0
21920,115.312500,87.249999,0.000000,0.000000,0.000000,0
21930,115.312500,87.249999,0.000000,0.000000,0.000000,0
21940,115.312500,87.249999,0.000000,0.000000,0.000000,0
21950,115.312500,87.249999,0.000000,0.000000,0.000000,0
21960,115.312500,87.125001,0.000000,12.499809,-90.000000,0
21970,115.312500,87.125001,0.000000,0.000000,0.000000,0
21980,115.312500,87.125001,0.000000,0.000000,0.000000,0
21990,115.312500,87.125001,0.000000,0.000000,0.000000,0
22000,115.312500,87.125001,0.000000,0.000000,0.000000,0
22010,115.312500,87.125001,0.000000,0.000000,0.000000,0
22020,115.312500,87.125001,0.000000,0.000000,0.000000,0
22030,115.312500,87.125001,0.000000,0.000000,0.000000,0
22040,115.200002,86.999998,0.000000,16.817128,-131.986126,0
22050,115.200002,86.875000,0.000000,12.499809,-90.000000,0
22060,115.200002,86.875000,0.000000,0.000000,0.000000,0
22070,115.200002,86.875000,0.000000,0.000000,0.000000,0
22080,115.312500,86.749997,0.000000,16.817128,-48.013874,0
22090,115.312500,86.749997,0.000000,0.000000,0.000000,0
22100,115.312500,86.749997,0.000000,0.000000,0.000000,0
22110,115.537505,86.749997,0.000000,22.500515,0.000000,0
22120,115.537505,86.749997,0.000000,0.000000,0.000000,0
22130,115.650003,86.749997,0.000000,11.249828,0.000000,0
22140,115.762502,86.875000,0.000000,16.817128,48.013874,0
22150,115.762502,86.875000,0.000000,0.000000,0.000000,0
22160,115.875000,86.999998,0.000000,16.816773,48.012788,0
22170,115.987498,87.125001,0.000000,16.817128,48.013874,0
22180,116.100005,87.125001,0.000000,11.250687,0.000000,0
22190,116.212503,87.374997,0.000000,27.414222,65.772255,0
22200,116.212503,87.374997,0.000000,0.000000,0.000000,0
22210,116.325002,87.500000,0.000000,16.817128,48.013874,0
22220,116.549998,87.624998,0.000000,25.738683,29.054604,0
22230,116.662505,87.624998,0.000000,11.250687,0.000000,0
22240,116.775003,87.750001,0.000000,16.817128,48.013874,0
22250,117.000000,87.999997,0.000000,33.633547,48.012788,0
22260,117.000000,87.999997,0.000000,0.000000,0.000000,0
22270,117.225005,88.249998,0.000000,33.634476,48.012244,0
22280,117.337503,88.375001,0.000000,16.817128,48.013874,0
22290,117.674998,88.750000,0.000000,50.450675,48.013150,0
22300,117.787505,88.874998,0.000000,16.817348,48.010614,0
22310,118.125000,89.249997,0.000000,50.450675,48.013150,0
22320,118.237498,89.499998,0.000000,27.414657,65.772664,0
22330,118.350005,89.625001,0.000000,16.817702,48.011701,0
22340,118.687500,90.124998,0.000000,60.324117,55.980903,0
22350,118.912505,90.250001,0.000000,25.739664,29.054604,0
22360,119.250000,90.749998,0.000000,60.324117,55.980903,0
22370,119.362498,90.999999,0.000000,27.414657,65.772664,0
22380,119.587503,91.124997,0.000000,25.739433,29.053676,0
22390,119.812500,91.500001,0.000000,43.732290,59.036886,0
22400,119.924998,91.749997,0.000000,27.414222,65.772255,0
22410,120.150003,91.875000,0.000000,25.739664,29.054604,0
22420,120.150003,91.875000,0.000000,0.000000,0.000000,0
22430,120.262502,91.999998,0.204102,16.816773,48.012788,1
22440,120.262502,91.999998,0.204102,0.000000,0.000000,1
22450,120.262502,91.999998,0.204102,0.000000,0.000000,1
22460,120.262502,91.999998,0.204102,0.000000,0.000000,1
22470,120.262502,91.999998,0.204102,0.000000,0.000000,1
22480,120.262502,91.999998,0.204102,0.000000,0.000000,1
22490,120.262502,91.999998,0.204102,0.000000,0.000000,1
22500,120.262502,91.999998,0.204102,0.000000,0.000000,1
22510,120.262502,91.999998,0.204102,0.000000,0.000000,1
22520,120.150003,91.624999,0.663086,39.151009,-106.699044,1
22530,119.924998,90.999999,0.663086,66.426826,-109.799294,1
22540,119.587503,90.000000,0.671875,105.541502,-108.649290,1
22550,118.575002,87.249999,0.701172,293.047180,-110.212815,1
22560,118.575002,87.249999,0.701172,0.000000,0.000000,1
22570,117.337503,84.000001,0.736328,347.762701,-110.845278,1
22580,116.662505,82.125001,0.747070,199.279896,-109.798830,1
22590,115.087503,77.874999,0.769531,453.245481,-110.334125,1
22600,114.299998,75.374999,0.773438,262.109984,-107.484535,1
22610,112.950002,70.250001,0.815430,529.982039,-104.757289,1
22620,112.275003,67.750001,0.831055,258.952171,-105.109538,1
22630,111.600005,65.499997,0.852539,234.907213,-106.699177,1
22640,110.475005,61.500001,0.870117,415.518886,-105.708652,1
22650,110.475005,61.500001,0.870117,0.000000,0.000000,1
22660,109.687500,58.750000,0.870117,286.053659,-105.979881,1
22670,109.462503,57.750001,0.867188,102.499832,-102.680208,1
22680,109.125000,56.374998,0.855469,141.581829,-103.790974,1
22690,109.125000,56.124997,0.835938,25.000095,-90.000000,1
22700,109.012502,55.999999,0.740234,16.816773,-131.987212,1
22710,109.012502,56.124997,0.625000,12.499809,90.000000,1
22720,109.012502,56.500001,0.000000,37.500381,90.000000,0
22730,109.012502,59.249997,0.000000,274.999619,90.000000,0
22740,109.125000,60.749998,0.000000,150.421366,85.710915,0
22750,109.799998,63.125000,0.000000,246.905989,74.134343,0
22760,110.362498,64.000001,0.000000,104.020811,57.264802,0
22770,111.037505,64.874997,0.000000,110.510298,52.351977,0
22780,112.275003,66.124997,0.000000,175.894912,45.287956,0
22790,112.837503,66.624999,0.000000,75.260093,41.633648,0
22800,113.512502,67.125001,0.000000,84.001464,36.529030,0
22810,114.975005,67.874999,0.000000,164.359771,27.149568,0
22820,114.975005,67.874999,0.000000,0.000000,0.000000,0
22830,115.875000,68.125000,0.000000,93.407238,15.524252,0
22840,117.787505,68.874998,0.000000,205.430599,21.412868,0
22850,118.687500,69.249997,0.000000,97.499488,22.619930,0
22860,120.150003,69.249997,0.000000,146.250343,0.000000,0
22870,120.600005,69.124999,0.000000,46.703969,-15.523829,0
22880,120.825002,69.249997,0.000000,25.738683,29.054604,0
22890,120.712503,69.375000,0.000000,16.817128,131.986126,0
22900,121.162505,69.749999,0.000000,58.576943,39.805392,0
22910,121.387502,69.749999,0.000000,22.499657,0.000000,0
22920,121.500000,69.749999,0.000000,11.249828,0.000000,0
22930,121.612498,69.375000,0.000000,39.151009,-73.300956,0
22940,121.725005,69.124999,0.000000,27.415009,-65.771028,0
22950,121.725005,68.874998,0.000000,25.000095,-90.000000,0
22960,121.162505,68.624997,0.000000,61.555400,-156.037430,0
22970,120.825002,68.499999,0.000000,35.990706,-159.677338,0
22980,120.600005,68.499999,0.000000,22.499657,180.000000,0
22990,120.150003,68.375001,0.000000,46.703969,-164.476171,0
23000,120.150003,68.375001,0.000000,0.000000,0.000000,0
23010,119.924998,68.375001,0.000000,22.500515,180.000000,0
23020,119.700002,68.375001,0.000000,22.499657,180.000000,0
23030,119.587503,68.750000,0.000000,39.151009,106.699044,0
23040,119.587503,69.000001,0.000000,25.000095,90.000000,0
23050,119.475005,69.499998,0.000000,51.249683,102.680266,0
23060,119.475005,69.749999,0.000000,25.000095,90.000000,0
23070,119.587503,70.000000,0.000000,27.414657,65.772664,0
23080,119.587503,70.124998,0.000000,12.499809,90.000000,0
23090,119.700002,70.374999,0.000000,27.414657,65.772664,0
23100,119.812500,70.499997,0.000000,16.816773,48.012788,0
23110,119.812500,70.749998,0.000000,25.000095,90.000000,0
23120,119.812500,70.749998,0.000000,0.000000,0.000000,0
23130,119.924998,70.875001,0.000000,16.817128,48.013874,0
23140,119.924998,70.875001,0.000000,0.000000,0.000000,0
23150,119.924998,70.875001,0.000000,0.000000,0.000000,0
23160,119.924998,70.749998,0.000000,12.500286,-90.000000,0
23170,119.924998,70.749998,0.000000,0.000000,0.000000,0
23180,119.924998,70.749998,0.349609,0.000000,0.000000,1
23190,119.924998,70.749998,0.349609,0.000000,0.000000,1
23200,119.924998,70.749998,0.349609,0.000000,0.000000,1
23210,119.924998,70.749998,0.349609,0.000000,0.000000,1
23220,119.924998,70.749998,0.349609,0.000000,0.000000,1
23230,120.487498,70.749998,0.583984,56.250000,0.000000,1
23240,120.600005,70.749998,0.609375,11.250687,0.000000,1
23250,120.825002,70.625000,0.627930,25.738683,-29.054604,1
23260,121.049998,70.625000,0.636719,22.499657,0.000000,1
23270,121.950002,70.250001,0.675781,97.500280,-22.619736,1
23280,121.950002,70.250001,0.675781,0.000000,0.000000,1
23290,123.750000,69.375000,0.721680,200.140463,-25.924948,1
23300,124.762502,68.874998,0.746094,112.923055,-26.281459,1
23310,126.900003,67.999997,0.772461,230.966237,-22.262075,1
23320,127.912505,67.374997,0.772461,118.986752,-31.686324,1
23330,130.162505,66.124997,0.786133,257.390754,-29.054604,1
23340,131.174998,65.374999,0.800781,126.001567,-36.528972,1
23350,132.412505,64.625001,0.817383,144.703849,-31.218197,1
23360,134.775003,62.500000,0.854492,317.758197,-41.970493,1
23370,134.775003,62.500000,0.854492,0.000000,0.000000,1
23380,137.025003,60.000000,0.879883,336.340601,-48.012788,1
23390,138.037505,58.750000,0.902344,160.862044,-50.992480,1
23400,139.049998,57.500000,0.919922,160.861504,-50.992717,1
23410,140.737498,55.250001,0.949219,281.249924,-53.130091,1
23420,141.299998,54.124994,0.958984,125.779421,-63.435085,1
23430,142.312500,52.375002,0.974609,202.178956,-59.947402,1
23440,142.650003,51.499996,0.974609,93.783985,-68.907591,1
23450,142.987498,50.500002,0.977539,105.541050,-71.350627,1
23460,142.987498,50.249996,0.979492,25.000572,-90.000000,1
23470,142.987498,50.000000,0.979492,24.999619,-90.000000,1
23480,142.987498,50.000000,0.979492,0.000000,0.000000,1
23490,142.987498,49.875002,0.976563,12.499809,-90.000000,1
23500,142.650003,50.249996,0.940430,50.450320,131.987212,1
23510,142.087503,51.374998,0.000000,125.778994,116.565012,0
23520,141.187500,53.750000,0.000000,253.981106,110.754128,0
23530,139.725005,57.249999,0.000000,379.326832,112.677893,0
23540,139.049998,58.750000,0.000000,164.488210,114.227950,0
23550,139.049998,58.750000,0.000000,0.000000,0.000000,0
23560,139.049998,58.750000,0.000000,0.000000,0.000000,0
23570,139.049998,58.750000,0.000000,0.000000,0.000000,0
23580,139.049998,58.750000,0.000000,0.000000,0.000000,0
23590,139.049998,58.750000,0.000000,0.000000,0.000000,0
23600,139.049998,58.750000,0.000000,0.000000,0.000000,0
23610,139.049998,58.750000,0.000000,0.000000,0.000000,0
23620,139.049998,58.750000,0.000000,0.000000,0.000000,0
23630,139.049998,58.750000,0.000000,0.000000,0.000000,0
23640,139.049998,58.750000,0.000000,0.000000,0.000000,0
23650,139.049998,58.750000,0.000000,0.000000,0.000000,0
23660,139.049998,58.750000,0.000000,0.000000,0.000000,0
23670,139.049998,58.750000,0.000000,0.000000,0.000000,0
23680,139.049998,58.750000,0.000000,0.000000,0.000000,0
23690,139.049998,58.750000,0.000000,0.000000,0.000000,0
23700,139.049998,58.750000,0.000000,0.000000,0.000000,0
23710,139.049998,58.750000,0.000000,0.000000,0.000000,0
23720,139.049998,58.750000,0.000000,0.000000,0.000000,0
23730,139.049998,58.750000,0.000000,0.000000,0.000000,0
23740,139.049998,58.750000,0.000000,0.000000,0.000000,0
23750,139.049998,58.750000,0.000000,0.000000,0.000000,0
23760,139.049998,58.750000,0.000000,0.000000,0.000000,0
23770,139.049998,58.750000,0.000000,0.000000,0.000000,0
23780,139.049998,58.750000,0.000000,0.000000,0.000000,0
23790,139.049998,58.750000,0.000000,0.000000,0.000000,0
23800,139.049998,58.750000,0.000000,0.000000,0.000000,0
23810,139.049998,58.750000,0.000000,0.000000,0.000000,0
23820,139.049998,58.750000,0.000000,0.000000,0.000000,0
23830,139.049998,58.750000,0.000000,0.000000,0.000000,0
23840,139.049998,58.750000,0.000000,0.000000,0.000000,0
23850,139.049998,58.750000,0.000000,0.000000,0.000000,0
23860,139.049998,58.750000,0.000000,0.000000,0.000000,0
23870,139.049998,58.750000,0.000000,0.000000,0.000000,0
23880,139.049998,58.750000,0.000000,0.000000,0.000000,0
23890,139.049998,58.750000,0.000000,0.000000,0.000000,0
23900,139.049998,58.750000,0.000000,0.000000,0.000000,0
23910,139.049998,58.750000,0.000000,0.000000,0.000000,0
23920,139.049998,58.750000,0.000000,0.000000,0.000000,0
23930,139.049998,58.750000,0.000000,0.000000,0.000000,0
23940,139.049998,58.750000,0.000000,0.000000,0.000000,0
23950,139.049998,58.750000,0.000000,0.000000,0.000000,0
23960,139.049998,58.750000,0.000000,0.000000,0.000000,0
23970,139.049998,58.750000,0.000000,0.000000,0.000000,0
23980,139.049998,58.750000,0.000000,0.000000,0.000000,0
23990,139.049998,58.750000,0.000000,0.000000,0.000000,0
24000,139.049998,58.750000,0.000000,0.000000,0.000000,0
24010,139.049998,58.750000,0.000000,0.000000,0.000000,0
24020,139.049998,58.750000,0.000000,0.000000,0.000000,0
24030,139.049998,58.750000,0.000000,0.000000,0.000000,0
24040,139.049998,58.750000,0.000000,0.000000,0.000000,0
24050,139.049998,58.750000,0.000000,0.000000,0.000000,0
24060,139.049998,58.750000,0.000000,0.000000,0.000000,0
24070,139.049998,58.750000,0.000000,0.000000,0.000000,0
24080,139.049998,58.750000,0.000000,0.000000,0.000000,0
24090,139.049998,58.750000,0.000000,0.000000,0.000000,0
24100,139.049998,58.750000,0.000000,0.000000,0.000000,0
24110,139.049998,58.750000,0.000000,0.000000,0.000000,0
24120,139.049998,58.750000,0.000000,0.000000,0.000000,0
24130,139.049998,58.750000,0.000000,0.000000,0.000000,0
24140,139.049998,58.750000,0.000000,0.000000,0.000000,0
24150,139.049998,58.750000,0.000000,0.000000,0.000000,0
24160,139.049998,58.750000,0.000000,0.000000,0.000000,0
24170,139.049998,58.750000,0.000000,0.000000,0.000000,0
24180,139.049998,58.750000,0.000000,0.000000,0.000000,0
24190,139.049998,58.750000,0.000000,0.000000,0.000000,0
24200,139.049998,58.750000,0.000000,0.000000,0.000000,0
24210,139.049998,58.750000,0.000000,0.000000,0.000000,0
24220,139.049998,58.750000,0.000000,0.000000,0.000000,0
24230,139.049998,58.750000,0.000000,0.000000,0.000000,0
24240,139.049998,58.750000,0.000000,0.000000,0.000000,0
24250,139.049998,58.750000,0.000000,0.000000,0.000000,0
24260,139.049998,58.750000,0.000000,0.000000,0.000000,0
24270,139.049998,58.750000,0.000000,0.000000,0.000000,0
24280,139.049998,58.750000,0.000000,0.000000,0.000000,0
24290,139.049998,58.750000,0.000000,0.000000,0.000000,0
24300,139.049998,58.750000,0.000000,0.000000,0.000000,0
24310,139.049998,58.750000,0.000000,0.000000,0.000000,0
24320,139.049998,58.750000,0.000000,0.000000,0.000000,0
24330,139.049998,58.750000,0.000000,0.000000,0.000000,0
24340,139.049998,58.750000,0.000000,0.000000,0.000000,0
24350,139.049998,58.750000,0.000000,0.000000,0.000000,0
24360,139.049998,58.750000,0.000000,0.000000,0.000000,0
24370,139.049998,58.750000,0.000000,0.000000,0.000000,0
24380,139.049998,58.750000,0.000000,0.000000,0.000000,0
24390,139.049998,58.750000,0.000000,0.000000,0.000000,0
24400,139.049998,58.750000,0.000000,0.000000,0.000000,0
24410,139.049998,58.750000,0.000000,0.000000,0.000000,0
24420,139.049998,58.750000,0.000000,0.000000,0.000000,0
24430,139.049998,58.750000,0.000000,0.000000,0.000000,0
24440,139.049998,58.750000,0.000000,0.000000,0.000000,0
24450,139.049998,58.750000,0.000000,0.000000,0.000000,0
24460,139.049998,58.750000,0.000000,0.000000,0.000000,0
24470,139.049998,58.750000,0.000000,0.000000,0.000000,0
24480,139.049998,58.750000,0.000000,0.000000,0.000000,0
24490,139.049998,58.750000,0.000000,0.000000,0.000000,0
24500,139.049998,58.750000,0.000000,0.000000,0.000000,0
24510,139.049998,58.750000,0.000000,0.000000,0.000000,0
24520,139.049998,58.750000,0.000000,0.000000,0.000000,0
24530,139.049998,58.750000,0.000000,0.000000,0.000000,0
24540,139.049998,58.750000,0.000000,0.000000,0.000000,0
24550,139.049998,58.750000,0.000000,0.000000,0.000000,0
24560,139.049998,58.750000,0.000000,0.000000,0.000000,0
24570,139.049998,58.750000,0.000000,0.000000,0.000000,0
24580,139.049998,58.750000,0.000000,0.000000,0.000000,0
24590,139.049998,58.750000,0.000000,0.000000,0.000000,0
24600,139.049998,58.750000,0.000000,0.000000,0.000000,0
24610,139.049998,58.750000,0.000000,0.000000,0.000000,0
24620,139.049998,58.750000,0.000000,0.000000,0.000000,0
24630,139.049998,58.750000,0.000000,0.000000,0.000000,0
24640,139.049998,58.750000,0.000000,0.000000,0.000000,0
24650,139.049998,58.750000,0.000000,0.000000,0.000000,0
24660,139.049998,58.750000,0.000000,0.000000,0.000000,0
24670,139.049998,58.750000,0.000000,0.000000,0.000000,0
24680,139.049998,58.750000,0.000000,0.000000,0.000000,0
24690,139.049998,58.750000,0.000000,0.000000,0.000000,0
24700,139.049998,58.750000,0.000000,0.000000,0.000000,0
24710,139.049998,58.750000,0.000000,0.000000,0.000000,0
24720,139.049998,58.750000,0.000000,0.000000,0.000000,0
24730,139.049998,58.750000,0.000000,0.000000,0.000000,0
24740,139.049998,58.750000,0.000000,0.000000,0.000000,0
24750,139.049998,58.750000,0.000000,0.000000,0.000000,0
24760,139.049998,58.750000,0.000000,0.000000,0.000000,0
24770,139.049998,58.750000,0.000000,0.000000,0.000000,0
24780,139.049998,58.750000,0.000000,0.000000,0.000000,0
24790,139.049998,58.750000,0.000000,0.000000,0.000000,0
24800,139.049998,58.750000,0.000000,0.000000,0.000000,0
24810,139.049998,58.750000,0.000000,0.000000,0.000000,0
24820,139.049998,58.750000,0.000000,0.000000,0.000000,0
24830,139.049998,58.750000,0.000000,0.000000,0.000000,0
24840,139.049998,58.750000,0.000000,0.000000,0.000000,0
24850,139.049998,58.750000,0.000000,0.000000,0.000000,0
24860,139.049998,58.750000,0.000000,0.000000,0.000000,0
24870,139.049998,58.750000,0.000000,0.000000,0.000000,0
24880,139.049998,58.750000,0.000000,0.000000,0.000000,0
24890,139.049998,58.750000,0.000000,0.000000,0.000000,0
24900,139.049998,58.750000,0.000000,0.000000,0.000000,0
24910,139.049998,58.750000,0.000000,0.000000,0.000000,0
24920,139.049998,58.750000,0.000000,0.000000,0.000000,0
24930,139.049998,58.750000,0.000000,0.000000,0.000000,0
24940,139.049998,58.750000,0.000000,0.000000,0.000000,0
24950,139.049998,58.750000,0.000000,0.000000,0.000000,0
24960,139.049998,58.750000,0.000000,0.000000,0.000000,0
24970,139.049998,58.750000,0.000000,0.000000,0.000000,0
24980,139.049998,58.750000,0.000000,0.000000,0.000000,0
24990,139.049998,58.750000,0.000000,0.000000,0.000000,0
25000,139.049998,58.750000,0.000000,0.000000,0.000000,0
25010,139.049998,58.750000,0.000000,0.000000,0.000000,0
25020,139.049998,58.750000,0.000000,0.000000,0.000000,0
25030,139.049998,58.750000,0.000000,0.000000,0.000000,0
25040,139.049998,58.750000,0.000000,0.000000,0.000000,0
25050,139.049998,58.750000,0.000000,0.000000,0.000000,0
25060,139.049998,58.750000,0.000000,0.000000,0.000000,0
25070,139.049998,58.750000,0.000000,0.000000,0.000000,0
25080,139.049998,58.750000,0.000000,0.000000,0.000000,0
25090,139.049998,58.750000,0.000000,0.000000,0.000000,0
25100,139.049998,58.750000,0.000000,0.000000,0.000000,0
25110,139.049998,58.750000,0.000000,0.000000,0.000000,0
25120,139.049998,58.750000,0.000000,0.000000,0.000000,0
25130,139.049998,58.750000,0.000000,0.000000,0.000000,0
25140,139.049998,58.750000,0.000000,0.000000,0.000000,0
25150,139.049998,58.750000,0.000000,0.000000,0.000000,0
25160,139.049998,58.750000,0.000000,0.000000,0.000000,0
25170,139.049998,58.750000,0.000000,0.000000,0.000000,0
25180,139.049998,58.750000,0.000000,0.000000,0.000000,0
25190,139.049998,58.750000,0.000000,0.000000,0.000000,0
25200,139.049998,58.750000,0.000000,0.000000,0.000000,0
25210,139.049998,58.750000,0.000000,0.000000,0.000000,0
25220,139.049998,58.750000,0.000000,0.000000,0.000000,0
25230,139.049998,58.750000,0.000000,0.000000,0.000000,0
25240,139.049998,58.750000,0.000000,0.000000,0.000000,0
25250,139.049998,58.750000,0.000000,0.000000,0.000000,0
25260,139.049998,58.750000,0.000000,0.000000,0.000000,0
25270,139.049998,58.750000,0.000000,0.000000,0.000000,0
25280,139.049998,58.750000,0.000000,0.000000,0.000000,0
25290,139.049998,58.750000,0.000000,0.000000,0.000000,0
25300,139.049998,58.750000,0.000000,0.000000,0.000000,0
25310,139.049998,58.750000,0.000000,0.000000,0.000000,0
25320,139.049998,58.750000,0.000000,0.000000,0.000000,0
25330,139.049998,58.750000,0.000000,0.000000,0.000000,0
25340,139.049998,58.750000,0.000000,0.000000,0.000000,0
25350,139.049998,58.750000,0.000000,0.000000,0.000000,0
25360,139.049998,58.750000,0.000000,0.000000,0.000000,0
25370,139.049998,58.750000,0.000000,0.000000,0.000000,0
25380,139.049998,58.750000,0.000000,0.000000,0.000000,0
25390,139.049998,58.750000,0.000000,0.000000,0.000000,0
25400,139.049998,58.750000,0.000000,0.000000,0.000000,0
25410,139.049998,58.750000,0.000000,0.000000,0.000000,0
25420,139.049998,58.750000,0.000000,0.000000,0.000000,0
25430,139.049998,58.750000,0.000000,0.000000,0.000000,0
25440,139.049998,58.750000,0.000000,0.000000,0.000000,0
25450,139.049998,58.750000,0.000000,0.000000,0.000000,0
25460,139.049998,58.750000,0.000000,0.000000,0.000000,0
25470,139.049998,58.750000,0.000000,0.000000,0.000000,0
25480,139.049998,58.750000,0.000000,0.000000,0.000000,0
25490,139.049998,58.750000,0.000000,0.000000,0.000000,0
25500,139.049998,58.750000,0.000000,0.000000,0.000000,0
25510,139.049998,58.750000,0.000000,0.000000,0.000000,0
25520,139.049998,58.750000,0.000000,0.000000,0.000000,0
25530,139.049998,58.750000,0.000000,0.000000,0.000000,0
25540,139.049998,58.750000,0.000000,0.000000,0.000000,0
25550,139.049998,58.750000,0.000000,0.000000,0.000000,0
25560,139.049998,58.750000,0.000000,0.000000,0.000000,0
25570,139.049998,58.750000,0.000000,0.000000,0.000000,0
25580,139.049998,58.750000,0.000000,0.000000,0.000000,0
25590,139.049998,58.750000,0.000000,0.000000,0.000000,0
25600,139.049998,58.750000,0.000000,0.000000,0.000000,0
25610,139.049998,58.750000,0.000000,0.000000,0.000000,0
25620,139.049998,58.750000,0.000000,0.000000,0.000000,0
25630,139.049998,58.750000,0.000000,0.000000,0.000000,0
25640,139.049998,58.750000,0.000000,0.000000,0.000000,0
25650,139.049998,58.750000,0.000000,0.000000,0.000000,0
25660,139.049998,58.750000,0.000000,0.000000,0.000000,0
25670,139.049998,58.750000,0.000000,0.000000,0.000000,0
25680,139.049998,58.750000,0.000000,0.000000,0.000000,0
25690,139.049998,58.750000,0.000000,0.000000,0.000000,0
25700,139.049998,58.750000,0.000000,0.000000,0.000000,0
25710,139.049998,58.750000,0.000000,0.000000,0.000000,0
25720,139.049998,58.750000,0.000000,0.000000,0.000000,0
25730,139.049998,58.750000,0.000000,0.000000,0.000000,0
25740,139.049998,58.750000,0.000000,0.000000,0.000000,0
25750,139.049998,58.750000,0.000000,0.000000,0.000000,0
25760,139.049998,58.750000,0.000000,0.000000,0.000000,0
25770,139.049998,58.750000,0.000000,0.000000,0.000000,0
25780,139.049998,58.750000,0.000000,0.000000,0.000000,0
25790,139.049998,58.750000,0.000000,0.000000,0.000000,0
25800,139.049998,58.750000,0.000000,0.000000,0.000000,0
25810,139.049998,58.750000,0.000000,0.000000,0.000000,0
25820,139.049998,58.750000,0.000000,0.000000,0.000000,0
25830,139.049998,58.750000,0.000000,0.000000,0.000000,0
25840,139.049998,58.750000,0.000000,0.000000,0.000000,0
25850,139.049998,58.750000,0.000000,0.000000,0.000000,0
25860,139.049998,58.750000,0.000000,0.000000,0.000000,0
25870,139.049998,58.750000,0.000000,0.000000,0.000000,0
25880,139.049998,58.750000,0.000000,0.000000,0.000000,0
25890,139.049998,58.750000,0.000000,0.000000,0.000000,0
25900,139.049998,58.750000,0.000000,0.000000,0.000000,0
25910,139.049998,58.750000,0.000000,0.000000,0.000000,0
25920,139.049998,58.750000,0.000000,0.000000,0.000000,0
25930,139.049998,58.750000,0.000000,0.000000,0.000000,0
25940,139.049998,58.750000,0.000000,0.000000,0.000000,0
25950,139.049998,58.750000,0.000000,0.000000,0.000000,0
25960,139.049998,58.750000,0.000000,0.000000,0.000000,0
25970,139.049998,58.750000,0.000000,0.000000,0.000000,0
25980,139.049998,58.750000,0.000000,0.000000,0.000000,0
25990,139.049998,58.750000,0.000000,0.000000,0.000000,0
26000,139.049998,58.750000,0.000000,0.000000,0.000000,0
26010,139.049998,58.750000,0.000000,0.000000,0.000000,0
26020,139.049998,58.750000,0.000000,0.000000,0.000000,0
26030,139.049998,58.750000,0.000000,0.000000,0.000000,0
26040,139.049998,58.750000,0.000000,0.000000,0.000000,0
26050,139.049998,58.750000,0.000000,0.000000,0.000000,0
26060,139.049998,58.750000,0.000000,0.000000,0.000000,0
26070,139.049998,58.750000,0.000000,0.000000,0.000000,0
26080,139.049998,58.750000,0.000000,0.000000,0.000000,0
26090,139.049998,58.750000,0.000000,0.000000,0.000000,0
26100,139.049998,58.750000,0.000000,0.000000,0.000000,0
26110,139.049998,58.750000,0.000000,0.000000,0.000000,0
26120,139.049998,58.750000,0.000000,0.000000,0.000000,0
26130,139.049998,58.750000,0.000000,0.000000,0.000000,0
26140,139.049998,58.750000,0.000000,0.000000,0.000000,0
26150,139.049998,58.750000,0.000000,0.000000,0.000000,0
26160,139.049998,58.750000,0.000000,0.000000,0.000000,0
26170,139.049998,58.750000,0.000000,0.000000,0.000000,0
26180,139.049998,58.750000,0.000000,0.000000,0.000000,0
26190,139.049998,58.750000,0.000000,0.000000,0.000000,0
26200,139.049998,58.750000,0.000000,0.000000,0.000000,0
26210,139.049998,58.750000,0.000000,0.000000,0.000000,0
26220,139.049998,58.750000,0.000000,0.000000,0.000000,0
26230,139.049998,58.750000,0.000000,0.000000,0.000000,0
26240,139.049998,58.750000,0.000000,0.000000,0.000000,0
26250,139.049998,58.750000,0.000000,0.000000,0.000000,0
26260,139.049998,58.750000,0.000000,0.000000,0.000000,0
26270,139.049998,58.750000,0.000000,0.000000,0.000000,0
26280,139.049998,58.750000,0.000000,0.000000,0.000000,0
26290,139.049998,58.750000,0.000000,0.000000,0.000000,0
26300,139.049998,58.750000,0.000000,0.000000,0.000000,0
26310,139.049998,58.750000,0.000000,0.000000,0.000000,0
26320,139.049998,58.750000,0.000000,0.000000,0.000000,0
26330,139.049998,58.750000,0.000000,0.000000,0.000000,0
26340,139.049998,58.750000,0.000000,0.000000,0.000000,0
26350,139.049998,58.750000,0.000000,0.000000,0.000000,0
26360,139.049998,58.750000,0.000000,0.000000,0.000000,0
26370,139.049998,58.750000,0.000000,0.000000,0.000000,0
26380,139.049998,58.750000,0.000000,0.000000,0.000000,0
26390,139.049998,58.750000,0.000000,0.000000,0.000000,0
26400,139.049998,58.750000,0.000000,0.000000,0.000000,0
26410,139.049998,58.750000,0.000000,0.000000,0.000000,0
26420,139.049998,58.750000,0.000000,0.000000,0.000000,0
26430,139.049998,58.750000,0.000000,0.000000,0.000000,0
26440,139.049998,58.750000,0.000000,0.000000,0.000000,0
26450,139.049998,58.750000,0.000000,0.000000,0.000000,0
26460,139.049998,58.750000,0.000000,0.000000,0.000000,0
26470,139.049998,58.750000,0.000000,0.000000,0.000000,0
26480,139.049998,58.750000,0.000000,0.000000,0.000000,0
26490,151.087503,118.625000,0.000000,6107.304723,78.632567,0
26500,150.862507,118.750000,0.000000,25.738798,150.944932,0
26510,150.187500,118.750000,0.000000,67.500687,180.000000,0
26520,148.950010,118.750000,0.000000,123.748970,180.000000,0
26530,147.937500,118.750000,0.000000,101.251030,180.000000,0
26540,147.037497,118.874999,0.000000,90.864239,172.092912,0
26550,145.012510,118.874999,0.000000,202.498627,180.000000,0
26560,144.112507,119.000000,0.000000,90.864256,172.092837,0
26570,143.100005,119.000000,0.000000,101.250172,180.000000,0
26580,141.412505,119.000000,0.000000,168.750000,180.000000,0
26590,140.625000,119.000000,0.000000,78.750515,180.000000,0
26600,139.837503,119.000000,0.000000,78.749657,180.000000,0
26610,139.275003,119.000000,0.000000,56.250000,180.000000,0
26620,138.825002,119.000000,0.000000,45.000172,180.000000,0
26630,139.049998,118.874999,0.000000,25.738798,-29.055068,0
26640,139.162505,118.750000,0.000000,16.817436,-48.010886,0
26650,139.049998,118.625000,0.000000,16.817525,-131.988843,0
26660,138.712503,118.500000,0.000000,35.989942,-159.676685,0
26670,138.262502,118.375000,0.000000,46.704032,-164.475889,0
26680,138.150003,118.249999,0.000000,16.816951,-131.986669,0
26690,138.150003,118.249999,0.000000,0.000000,0.000000,0
26700,138.600005,118.000000,0.000000,51.478289,-29.054488,0
26710,139.275003,117.875000,0.000000,68.647469,-10.491444,0
26720,140.287505,117.750000,0.000000,102.018863,-7.037956,0
26730,142.762502,117.500000,0.000000,248.759078,-5.767891,0
26740,143.325002,117.500000,0.000000,56.250000,0.000000,0
26750,143.662505,117.375000,0.000000,35.990789,-20.323018,0
26760,144.000000,116.999999,0.000000,50.450763,-48.013240,0
26770,144.224997,116.875000,0.000000,25.738740,-29.054836,0
26780,144.450010,116.750000,0.000000,25.740299,-29.053212,0
26790,144.900003,116.250000,0.000000,67.267625,-48.013195,0
26800,145.237507,115.875000,0.000000,50.451338,-48.012516,0
26810,145.462503,115.500000,0.000000,43.731983,-59.036645,0
26820,145.687500,115.250000,0.000000,33.633813,-48.013195,0
26830,146.362507,114.875000,0.000000,77.217838,-29.054372,0
26840,146.587503,114.875000,0.000000,22.499657,0.000000,0
26850,147.037497,114.749999,0.000000,46.703205,-15.524393,0
26860,147.599997,114.749999,0.000000,56.250000,0.000000,0
26870,147.825010,114.624999,0.000000,25.740299,-29.053212,0
26880,148.162497,114.500000,0.000000,35.989096,-20.323611,0
26890,148.162497,114.375000,0.000000,12.500048,-90.000000,0
26900,148.162497,114.375000,0.000000,0.000000,0.000000,0
26910,148.275003,114.124999,0.000000,27.415009,-65.771028,0
26920,148.275003,113.999999,0.000000,12.500048,-90.000000,0
26930,148.387510,113.750000,0.000000,27.414792,-65.770823,0
26940,148.387510,113.750000,0.000000,0.000000,0.000000,0
26950,148.162497,113.625000,0.000000,25.740299,-150.946788,0
26960,148.162497,113.625000,0.000000,0.000000,0.000000,0
26970,148.050007,113.625000,0.000000,11.248970,180.000000,0
26980,147.937500,113.999999,0.000000,39.151255,106.700247,0
26990,147.825010,114.124999,0.000000,16.816377,131.984495,0
27000,147.599997,114.375000,0.000000,33.635050,131.988843,0
27010,147.487507,114.375000,0.000000,11.248970,180.000000,0
27020,147.487507,114.375000,0.000000,0.000000,0.000000,0
27030,147.262510,114.500000,0.000000,25.738798,150.944932,0
27040,147.262510,114.500000,0.000000,0.000000,0.000000,0
27050,147.262510,114.624999,0.000000,12.499809,90.000000,0
27060,147.262510,114.624999,0.000000,0.000000,0.000000,0
27070,147.262510,114.624999,0.000000,0.000000,0.000000,0
27080,147.487507,114.624999,0.000000,22.499657,0.000000,0
27090,147.712503,114.624999,0.000000,22.499657,0.000000,0
27100,147.712503,114.624999,0.000000,0.000000,0.000000,0
27110,147.825010,114.624999,0.000000,11.250687,0.000000,0
27120,147.937500,114.624999,0.000000,11.248970,0.000000,0
27130,148.162497,114.500000,0.000000,25.738683,-29.054604,0
27140,148.162497,114.500000,0.000000,0.000000,0.000000,0
27150,148.275003,114.124999,0.000000,39.151484,-73.299853,0
27160,148.387510,113.999999,0.000000,16.817525,-48.011157,0
27170,148.387510,113.999999,0.000000,0.000000,0.000000,0
27180,148.387510,113.875000,0.000000,12.499809,-90.000000,0
27190,148.387510,113.875000,0.000000,0.000000,0.000000,0
27200,148.387510,113.750000,0.000000,12.500048,-90.000000,0
27210,148.387510,113.750000,0.000000,0.000000,0.000000,0
27220,148.387510,113.374999,0.000000,37.500143,-90.000000,0
27230,148.387510,113.250000,0.000000,12.499809,-90.000000,0
27240,148.387510,113.125000,0.000000,12.500048,-90.000000,0
27250,148.387510,113.125000,0.000000,0.000000,0.000000,0
27260,148.387510,113.125000,0.000000,0.000000,0.000000,0
27270,148.500000,112.874999,0.000000,27.414305,-65.774300,0
27280,148.500000,112.874999,0.000000,0.000000,0.000000,0
27290,148.837503,112.749999,0.000000,35.990789,-20.323018,0
27300,149.062500,112.749999,0.000000,22.499657,0.000000,0
27310,149.512510,112.375000,0.000000,58.577603,-39.804854,0
27320,149.737507,112.124999,0.000000,33.633901,-48.013331,0
27330,149.962503,111.875000,0.000000,33.633724,-48.013059,0
27340,150.300007,111.499999,0.000000,50.451426,-48.012606,0
27350,150.412497,111.499999,0.000000,11.248970,0.000000,0
27360,150.637510,111.375000,0.000000,25.740183,-29.052748,0
27370,150.637510,111.375000,0.000000,0.000000,0.000000,0
27380,150.637510,111.250000,0.000000,12.500048,-90.000000,0
27390,150.750000,111.250000,0.000000,11.248970,0.000000,0
27400,150.750000,111.250000,0.000000,0.000000,0.000000,0
27410,150.974997,111.375000,0.000000,25.738798,29.055068,0
27420,150.974997,111.499999,0.000000,12.499809,90.000000,0
27430,151.087503,111.875000,0.000000,39.151484,73.299853,0
27440,151.200010,112.000000,0.000000,16.817525,48.011157,0
27450,151.200010,112.249999,0.000000,24.999857,90.000000,0
27460,151.312500,112.375000,0.000000,16.816377,48.015505,0
27470,151.312500,112.375000,0.000000,0.000000,0.000000,0
27480,151.312500,112.625000,0.000000,25.000095,90.000000,0
27490,151.425007,112.874999,0.000000,27.414792,65.770823,0
27500,151.425007,113.000000,0.000000,12.500048,90.000000,0
27510,151.425007,113.250000,0.000000,25.000095,90.000000,0
27520,151.425007,113.499999,0.000000,24.999857,90.000000,0
27530,151.425007,113.625000,0.000000,12.500048,90.000000,0
27540,151.537497,113.875000,0.000000,27.414305,65.774300,0
27550,151.537497,113.875000,0.000000,0.000000,0.000000,0
27560,151.650003,114.250000,0.000000,39.151255,73.299753,0
27570,151.650003,114.500000,0.000000,25.000095,90.000000,0
27580,151.762510,114.749999,0.000000,27.414792,65.770823,0
27590,151.762510,114.875000,0.000000,12.500048,90.000000,0
27600,151.762510,114.875000,0.000000,0.000000,0.000000,0
27610,151.875000,115.124999,0.000000,27.414196,65.774197,0
27620,151.875000,115.124999,0.000000,0.000000,0.000000,0
27630,151.875000,115.250000,0.000000,12.500048,90.000000,0
27640,151.875000,115.375000,0.000000,12.500048,90.000000,0
27650,151.875000,115.500000,0.000000,12.499928,90.000000,0
27660,151.875000,115.500000,0.000000,0.000000,0.000000,0
27670,151.875000,115.749999,0.000000,24.999976,90.000000,0
27680,151.875000,115.875000,0.000000,12.500048,90.000000,0
27690,151.875000,115.875000,0.000000,0.000000,0.000000,0
27700,151.762510,116.125000,0.000000,27.414196,114.225803,0
27710,151.762510,116.125000,0.000000,0.000000,0.000000,0
27720,151.762510,116.125000,0.000000,0.000000,0.000000,0
27730,151.762510,116.374999,0.000000,24.999976,90.000000,0
27740,151.762510,116.374999,0.000000,0.000000,0.000000,0
27750,151.762510,116.500000,0.000000,12.500048,90.000000,0
27760,151.762510,116.500000,0.000000,0.000000,0.000000,0
27770,151.762510,116.500000,0.000000,0.000000,0.000000,0
27780,151.650003,116.625000,0.000000,16.817525,131.988843,0
27790,151.650003,116.625000,0.000000,0.000000,0.000000,0
27800,151.650003,116.625000,0.000000,0.000000,0.000000,0
27810,151.650003,116.750000,0.000000,12.499928,90.000000,0
27820,151.650003,116.750000,0.000000,0.000000,0.000000,0
27830,151.650003,116.750000,0.000000,0.000000,0.000000,0
27840,151.650003,116.750000,0.000000,0.000000,0.000000,0
27850,151.762510,116.999999,0.000000,27.414900,65.770926,0
27860,151.762510,116.999999,0.000000,0.000000,0.000000,0
27870,151.762510,117.125000,0.000000,12.500048,90.000000,0
27880,151.762510,117.250000,0.000000,12.500048,90.000000,0
27890,151.762510,117.250000,0.000000,0.000000,0.000000,0
27900,151.762510,117.250000,0.000000,0.000000,0.000000,0
27910,151.762510,117.250000,0.000000,0.000000,0.000000,0
27920,151.875000,117.250000,0.000000,11.248970,0.000000,0
27930,151.875000,117.250000,0.000000,0.000000,0.000000,0
27940,151.875000,117.375000,0.000000,12.499928,90.000000,0
27950,151.875000,117.375000,0.000000,0.000000,0.000000,0
27960,151.875000,117.375000,0.000000,0.000000,0.000000,0
27970,151.875000,117.375000,0.000000,0.000000,0.000000,0
27980,151.875000,117.375000,0.000000,0.000000,0.000000,0
27990,152.099997,117.375000,0.000000,22.499657,0.000000,0
28000,152.212503,117.375000,0.000000,11.250687,0.000000,0
28010,152.212503,117.375000,0.000000,0.000000,0.000000,0
28020,152.325010,117.375000,0.000000,11.250687,0.000000,0
28030,152.325010,117.375000,0.000000,0.000000,0.000000,0
28040,152.437500,117.375000,0.000000,11.248970,0.000000,0
28050,152.437500,117.375000,0.000000,0.000000,0.000000,0
28060,152.437500,117.375000,0.000000,0.000000,0.000000,0
28070,152.437500,117.375000,0.000000,0.000000,0.000000,0
28080,152.662497,117.375000,0.000000,22.499657,0.000000,0
28090,152.662497,117.375000,0.000000,0.000000,0.000000,0
28100,152.662497,117.375000,0.000000,0.000000,0.000000,0
28110,152.775003,117.624999,0.000000,27.414900,65.770926,0
28120,152.775003,117.624999,0.000000,0.000000,0.000000,0
28130,152.775003,117.750000,0.000000,12.500048,90.000000,0
28140,152.775003,117.750000,0.000000,0.000000,0.000000,0
28150,152.775003,117.875000,0.000000,12.500048,90.000000,0
28160,152.887510,117.875000,0.000000,11.250687,0.000000,0
28170,152.887510,118.000000,0.000000,12.499928,90.000000,0
28180,153.000000,118.125000,0.000000,16.816377,48.015505,0
28190,153.112507,118.249999,0.000000,16.817436,48.010886,0
28200,153.337503,118.375000,0.000000,25.738798,29.055068,0
28210,153.450010,118.375000,0.000000,11.250687,0.000000,0
28220,153.562500,118.375000,0.000000,11.248970,0.000000,0
28230,153.562500,118.375000,0.000000,0.000000,0.000000,0
28240,153.900003,118.375000,0.334961,33.750343,0.000000,1
28250,153.900003,118.375000,0.334961,0.000000,0.000000,1
28260,153.900003,118.375000,0.334961,0.000000,0.000000,1
28270,153.900003,118.375000,0.334961,0.000000,0.000000,1
28280,153.900003,118.375000,0.334961,0.000000,0.000000,1
28290,153.900003,118.375000,0.334961,0.000000,0.000000,1
28300,153.900003,118.375000,0.334961,0.000000,0.000000,1
28310,153.900003,118.375000,0.334961,0.000000,0.000000,1
28320,153.900003,118.375000,0.334961,0.000000,0.000000,1
28330,153.900003,118.125000,0.570313,24.999976,-90.000000,1
28340,153.675007,117.624999,0.572266,54.829205,-114.227387,1
28350,153.337503,116.625000,0.586914,105.541777,-108.649732,1
28360,152.437500,113.750000,0.600586,301.257905,-107.382450,1
28370,151.762510,112.000000,0.600586,187.566240,-111.092051,1
28380,150.187500,108.374999,0.616211,395.237856,-113.484241,1
28390,150.187500,108.374999,0.616211,0.000000,0.000000,1
28400,149.287497,106.499999,0.625000,207.981518,-115.641091,1
28410,147.487507,102.625000,0.636719,427.265411,-114.915514,1
28420,146.700010,100.874999,0.636719,191.902515,-114.227628,1
28430,145.462503,98.000000,0.660156,313.002281,-113.288848,1
28440,145.125000,96.875000,0.665039,117.453501,-106.699411,1
28450,144.562500,95.249999,0.685547,171.960341,-109.093476,1
28460,144.450010,94.874997,0.688477,39.150990,-106.697740,1
28470,144.450010,94.499998,0.688477,37.499905,-90.000000,1
28480,144.337503,94.249997,0.686523,27.415009,-114.228972,1
28490,144.337503,94.124999,0.675781,12.499809,-90.000000,1
28500,144.337503,94.000001,0.617188,12.499809,-90.000000,1
28510,144.337503,94.000001,0.617188,0.000000,0.000000,1
28520,144.675007,95.249999,0.080078,129.475967,74.890251,1
28530,144.675007,95.249999,0.000000,0.000000,0.000000,0
28540,145.237507,97.249999,0.000000,207.759673,74.291366,0
28550,145.575010,98.000000,0.000000,82.244105,65.772050,0
28560,145.912497,98.625000,0.000000,71.029711,61.631928,0
28570,146.812500,99.749999,0.000000,144.070473,51.340073,0
28580,147.375000,100.249999,0.000000,75.259934,41.633512,0
28590,148.050007,100.750000,0.000000,84.002153,36.528681,0
28600,149.512510,101.750000,0.000000,177.169816,34.362697,0
28610,150.300007,102.124999,0.000000,87.222424,25.463385,0
28620,151.087503,102.500000,0.000000,87.222527,25.463527,0
28630,152.212503,103.000000,0.000000,123.110703,23.962469,0
28640,152.550007,103.125000,0.000000,35.990789,20.323018,0
28650,152.775003,103.125000,0.000000,22.499657,0.000000,0
28660,153.112507,103.250000,0.000000,35.990789,20.323018,0
28670,153.224997,103.250000,0.000000,11.248970,0.000000,0
28680,153.450010,103.374999,0.000000,25.740183,29.052748,0
28690,153.675007,103.499999,0.000000,25.738798,29.055068,0
28700,153.787497,103.499999,0.000000,11.248970,0.000000,0
28710,153.787497,103.625000,0.000000,12.500048,90.000000,0
28720,153.787497,103.625000,0.000000,0.000000,0.000000,0
28730,153.787497,103.625000,0.000000,0.000000,0.000000,0
28740,153.675007,103.625000,0.000000,11.248970,180.000000,0
28750,153.337503,103.499999,0.000000,35.990789,-159.676982,0
28760,153.112507,103.374999,0.000000,25.738798,-150.944932,0
28770,153.112507,103.374999,0.000000,0.000000,0.000000,0
28780,152.887510,103.250000,0.000000,25.738683,-150.945396,0
28790,152.550007,103.000000,0.000000,42.001077,-143.471319,0
28800,152.437500,103.000000,0.154297,11.250687,180.000000,1
28810,152.437500,103.000000,0.154297,0.000000,0.000000,1
28820,152.437500,103.000000,0.154297,0.000000,0.000000,1
28830,152.437500,103.000000,0.154297,0.000000,0.000000,1
28840,152.437500,103.000000,0.154297,0.000000,0.000000,1
28850,152.437500,103.000000,0.154297,0.000000,0.000000,1
28860,152.212503,102.874999,0.515625,25.738798,-150.944932,1
28870,152.212503,102.874999,0.515625,0.000000,0.000000,1
28880,152.212503,102.874999,0.515625,0.000000,0.000000,1
28890,152.212503,102.874999,0.515625,0.000000,0.000000,1
28900,152.212503,102.874999,0.515625,0.000000,0.000000,1
28910,152.212503,102.874999,0.515625,0.000000,0.000000,1
28920,152.212503,102.874999,0.515625,0.000000,0.000000,1
28930,152.212503,102.874999,0.515625,0.000000,0.000000,1
28940,152.212503,102.874999,0.515625,0.000000,0.000000,1
28950,152.212503,102.874999,0.515625,0.000000,0.000000,1
28960,152.212503,102.874999,0.515625,0.000000,0.000000,1
28970,152.212503,102.874999,0.515625,0.000000,0.000000,1
28980,152.212503,102.874999,0.515625,0.000000,0.000000,1
28990,152.212503,102.874999,0.515625,0.000000,0.000000,1
29000,152.212503,102.874999,0.515625,0.000000,0.000000,1
29010,152.212503,102.874999,0.515625,0.000000,0.000000,1
29020,152.212503,102.874999,0.515625,0.000000,0.000000,1
29030,152.550007,103.000000,0.721680,35.990789,20.323018,1
29040,152.887510,103.125000,0.721680,35.990789,20.323018,1
29050,153.450010,103.374999,0.728516,61.555303,23.962367,1
29060,155.137510,104.250000,0.728516,190.086373,27.407601,1
29070,156.262510,104.749999,0.725586,123.110703,23.962469,1
29080,157.387510,105.249999,0.729492,123.110703,23.962469,1
29090,159.525003,105.999999,0.730469,226.525443,19.334877,1
29100,160.650003,106.375000,0.726563,118.585457,18.435014,1
29110,162.787497,106.875000,0.725586,219.519394,13.165823,1
29120,163.687500,107.000000,0.725586,90.864256,7.907163,1
29130,164.587503,107.000000,0.722656,90.000343,0.000000,1
29140,165.262510,107.000000,0.728516,67.500687,0.000000,1
29150,165.712503,107.000000,0.725586,44.999313,0.000000,1
29160,166.387510,106.875000,0.723633,68.648335,-10.491412,1
29170,166.500000,106.750000,0.723633,16.816377,-48.015505,1
29180,166.837503,106.624999,0.723633,35.990789,-20.323018,1
29190,167.062500,106.499999,0.720703,25.738798,-29.055068,1
29200,167.175007,106.250000,0.730469,27.414792,-65.770823,1
29210,167.175007,106.250000,0.730469,0.000000,0.000000,1
29220,167.175007,106.125000,0.727539,12.500048,-90.000000,1
29230,165.825010,105.249999,0.654297,160.876269,-147.050690,1
29240,165.037497,104.749999,0.000000,93.283300,-147.588170,0
29250,162.562500,103.499999,0.000000,277.274377,-153.203887,0
29260,159.300007,101.499999,0.000000,382.673011,-148.490526,0
29270,157.950010,100.500000,0.000000,168.002644,-143.471101,0
29280,156.712503,99.624999,0.000000,151.560216,-144.737109,0
29290,155.137510,98.499999,0.000000,193.551732,-144.462216,0
29300,154.687500,98.250000,0.000000,51.478982,-150.946092,0
29310,154.462503,98.250000,0.000000,22.499657,180.000000,0
29320,154.575010,98.374999,0.000000,16.817348,48.010614,0
29330,154.575010,98.000000,0.000000,37.499905,-90.000000,0
29340,154.462503,97.625000,0.000000,39.151255,-106.700247,0
29350,154.349997,96.875000,0.000000,75.839206,-98.531273,0
29360,154.125000,96.250000,0.000000,66.426535,-109.798598,0
29370,154.012510,95.625000,0.000000,63.504247,-100.203059,0
29380,153.900003,94.249997,0.000000,137.959801,-94.677692,0
29390,153.900003,94.249997,0.000000,0.000000,0.000000,0
29400,153.900003,93.249998,0.000000,99.999905,-90.000000,0
29410,154.125000,92.624998,0.000000,66.426535,-70.201402,0
29420,154.125000,92.624998,0.000000,0.000000,0.000000,0
29430,154.349997,92.374997,0.000000,33.633901,-48.013331,0
29440,154.349997,92.374997,0.000000,0.000000,0.000000,0
29450,154.349997,92.374997,0.000000,0.000000,0.000000,0
29460,154.349997,92.624998,0.000000,25.000095,90.000000,0
29470,154.349997,92.999997,0.000000,37.499905,90.000000,0
29480,154.349997,92.999997,0.000000,0.000000,0.000000,0
29490,154.349997,93.249998,0.000000,25.000095,90.000000,0
29500,154.349997,93.499999,0.000000,25.000095,90.000000,0
29510,154.349997,93.624997,0.000000,12.499809,90.000000,0
29520,154.349997,93.624997,0.000000,0.000000,0.000000,0
29530,154.237507,93.874998,0.000000,27.414305,114.225700,0
29540,154.012510,94.000001,0.000000,25.738914,150.944468,0
29550,153.900003,94.000001,0.000000,11.250687,180.000000,0
29560,153.675007,94.124999,0.000000,25.738683,150.945396,0
29570,153.675007,94.124999,0.000000,0.000000,0.000000,0
29580,153.450010,94.124999,0.000000,22.499657,180.000000,0
29590,153.224997,94.124999,0.000000,22.501373,180.000000,0
29600,153.112507,94.000001,0.000000,16.816199,-131.985039,0
29610,153.112507,94.000001,0.000000,0.000000,0.000000,0
29620,153.000000,93.874998,0.000000,16.817702,-131.988299,0
29630,152.887510,93.874998,0.000000,11.248970,180.000000,0
29640,152.887510,93.750000,0.000000,12.499809,-90.000000,0
29650,152.887510,93.750000,0.000000,0.000000,0.000000,0
29660,152.775003,93.624997,0.000000,16.817702,-131.988299,0
29670,152.662497,93.624997,0.331055,11.250687,180.000000,1
29680,152.662497,93.624997,0.331055,0.000000,0.000000,1
29690,152.662497,93.624997,0.331055,0.000000,0.000000,1
29700,152.662497,93.624997,0.331055,0.000000,0.000000,1
29710,152.662497,93.624997,0.331055,0.000000,0.000000,1
29720,152.662497,93.624997,0.331055,0.000000,0.000000,1
29730,152.325010,93.624997,0.592773,33.748627,180.000000,1
29740,152.325010,93.624997,0.592773,0.000000,0.000000,1
29750,152.325010,93.624997,0.592773,0.000000,0.000000,1
29760,152.325010,93.624997,0.592773,0.000000,0.000000,1
29770,152.325010,93.499999,0.673828,12.499809,-90.000000,1
29780,152.325010,93.499999,0.673828,0.000000,0.000000,1
29790,152.212503,93.499999,0.731445,11.250687,180.000000,1
29800,152.212503,93.499999,0.731445,0.000000,0.000000,1
29810,152.212503,93.499999,0.731445,0.000000,0.000000,1
29820,152.212503,93.499999,0.731445,0.000000,0.000000,1
29830,152.212503,93.499999,0.731445,0.000000,0.000000,1
29840,152.212503,93.499999,0.731445,0.000000,0.000000,1
29850,152.212503,93.499999,0.731445,0.000000,0.000000,1
29860,152.212503,93.499999,0.731445,0.000000,0.000000,1
29870,152.212503,93.499999,0.731445,0.000000,0.000000,1
29880,152.212503,93.499999,0.731445,0.000000,0.000000,1
29890,152.212503,93.499999,0.731445,0.000000,0.000000,1
29900,152.212503,93.499999,0.731445,0.000000,0.000000,1
29910,152.212503,93.499999,0.731445,0.000000,0.000000,1
29920,152.325010,93.499999,0.805664,11.250687,0.000000,1
29930,152.437500,93.624997,0.805664,16.816199,48.014961,1
29940,152.887510,93.750000,0.805664,46.704923,15.524111,1
29950,154.575010,94.499998,0.818359,184.666006,23.962435,1
29960,154.575010,94.499998,0.818359,0.000000,0.000000,1
29970,157.162497,95.625000,0.828125,282.147381,23.498712,1
29980,158.287497,96.125000,0.827148,123.110703,23.962469,1
29990,159.974997,96.499999,0.820313,172.866438,12.528777,1
30000,160.650003,96.624999,0.820313,68.648335,10.491412,1
30010,161.437500,96.624999,0.820313,78.749657,0.000000,1
30020,162.450010,96.750000,0.837891,102.019715,7.037896,1
30030,162.675007,96.750000,0.837891,22.499657,0.000000,1
30040,163.125000,96.750000,0.846680,44.999313,0.000000,1
30050,163.125000,96.750000,0.846680,0.000000,0.000000,1
30060,163.237507,96.750000,0.846680,11.250687,0.000000,1
30070,163.237507,96.750000,0.846680,0.000000,0.000000,1
30080,163.237507,96.750000,0.846680,0.000000,0.000000,1
30090,162.787497,96.624999,0.820313,46.704859,-164.476171,1
30100,161.887510,96.250000,0.000000,97.498696,-157.379876,0
30110,160.875000,95.874999,0.000000,107.972366,-159.676982,0
30120,160.425007,95.625000,0.000000,51.477481,-150.945164,0
30130,159.862507,95.249999,0.000000,67.604166,-146.309832,0
30140,159.862507,95.249999,0.000000,0.000000,0.000000,0
30150,159.187500,94.249997,0.000000,120.649788,-124.019582,0
30160,158.737507,93.499999,0.000000,87.463762,-120.963435,0
30170,158.400003,92.500000,0.000000,105.541777,-108.649732,0
30180,157.724997,90.499997,0.000000,211.084005,-108.649691,0
30190,157.387510,89.625001,0.000000,93.782477,-111.091641,0
30200,156.825010,87.999997,0.000000,171.960567,-109.093450,0
30210,156.375000,87.125001,0.000000,98.393475,-117.216747,0
30220,155.474997,85.625000,0.000000,174.928815,-120.963837,0
30230,155.025003,85.000000,0.000000,77.014208,-125.753473,0
30240,154.575010,84.499998,0.000000,67.267803,-131.986669,0
30250,153.900003,83.874998,0.000000,91.992351,-137.202889,0
30260,153.675007,83.624997,0.000000,33.633901,-131.986669,0
30270,153.450010,83.499999,0.000000,25.738683,-150.945396,0
30280,152.662497,82.999997,0.000000,93.283428,-147.588047,0
30290,152.099997,82.750001,0.000000,61.555206,-156.037835,0
30300,151.312500,82.374997,0.000000,87.222629,-154.536332,0
30310,150.075010,82.125001,0.000000,126.248915,-168.578891,0
30320,150.075010,82.125001,0.000000,0.000000,0.000000,0
30330,149.625000,81.999998,0.000000,46.704923,-164.475889,0
30340,148.950010,81.749997,0.000000,71.979968,-159.676507,0
30350,148.612507,81.624999,0.000000,35.990706,-159.677338,0
30360,147.825010,81.250000,0.000000,87.222424,-154.536615,0
30370,147.599997,81.250000,0.000000,22.501373,180.000000,0
30380,147.262510,81.124997,0.000000,35.989262,-159.675677,0
30390,146.925007,80.999999,0.000000,35.990706,-159.677338,0
30400,146.587503,80.875001,0.000000,35.990706,-159.677338,0
30410,146.474997,80.749998,0.000000,16.817702,-131.988299,0
30420,146.362507,80.749998,0.000000,11.248970,180.000000,0
30430,146.137510,80.374999,0.000000,43.731881,-120.963435,0
30440,146.025003,80.250001,0.000000,16.817348,-131.989386,0
30450,146.025003,80.124998,0.000000,12.500286,-90.000000,0
30460,145.912497,80.000000,0.000000,16.817348,-131.989386,0
30470,145.800007,79.749999,0.000000,27.414305,-114.225700,0
30480,145.800007,79.625001,0.000000,12.499809,-90.000000,0
30490,145.687500,79.249997,0.000000,39.151712,-106.700046,0
30500,145.575010,79.124999,0.000000,16.816199,-131.985039,0
30510,145.462503,79.000001,0.030273,16.817348,-131.989386,1
30520,145.462503,79.000001,0.030273,0.000000,0.000000,1
30530,145.462503,79.000001,0.030273,0.000000,0.000000,1
30540,145.462503,79.000001,0.030273,0.000000,0.000000,1
30550,145.462503,79.000001,0.030273,0.000000,0.000000,1
30560,145.462503,79.000001,0.030273,0.000000,0.000000,1
30570,145.125000,78.499999,0.564453,60.324993,-124.019519,1
30580,145.125000,78.499999,0.564453,0.000000,0.000000,1
30590,145.125000,78.499999,0.564453,0.000000,0.000000,1
30600,145.125000,78.499999,0.564453,0.000000,0.000000,1
30610,145.125000,78.499999,0.564453,0.000000,0.000000,1
30620,145.125000,78.499999,0.564453,0.000000,0.000000,1
30630,145.125000,78.375001,0.589844,12.499809,-90.000000,1
30640,145.125000,78.375001,0.589844,0.000000,0.000000,1
30650,145.237507,78.249998,0.586914,16.817702,-48.011701,1
30660,145.349997,78.249998,0.586914,11.248970,0.000000,1
30670,145.687500,78.249998,0.587891,33.750343,0.000000,1
30680,147.262510,78.750000,0.630859,165.247068,17.612533,1
30690,148.500000,79.249997,0.632813,133.468270,22.000750,1
30700,149.849997,79.874997,0.632813,148.765444,24.842445,1
30710,151.425007,80.625000,0.656250,174.446603,25.463284,1
30720,154.462503,81.749997,0.666992,323.913630,20.323110,1
30730,156.150003,82.374997,0.678711,179.952251,20.323137,1
30740,159.525003,83.499999,0.717773,355.756297,18.434978,1
30750,161.212503,84.124999,0.729492,179.952251,20.323137,1
30760,162.675007,84.625001,0.732422,154.561256,18.874575,1
30770,165.037497,85.499997,0.755859,251.932053,20.323137,1
30780,165.825010,85.625000,0.755859,79.737293,9.019371,1
30790,166.275003,85.875001,0.755859,51.477597,29.055068,1
30800,166.612507,85.875001,0.756836,33.750343,0.000000,1
30810,166.724997,85.875001,0.757813,11.248970,0.000000,1
30820,166.724997,85.875001,0.757813,0.000000,0.000000,1
30830,166.387510,85.875001,0.778320,33.748627,180.000000,1
30840,166.162497,85.749998,0.778320,25.740415,-150.946324,1
30850,165.712503,85.749998,0.763672,44.999313,180.000000,1
30860,164.812500,85.499997,0.698242,93.408065,-164.475889,1
30870,164.137510,85.374999,0.352539,68.646604,-169.508523,1
30880,164.137510,85.374999,0.000000,0.000000,0.000000,0
30890,163.012510,85.374999,0.000000,112.500000,180.000000,0
30900,162.337503,85.374999,0.000000,67.500687,180.000000,0
30910,161.550007,85.374999,0.000000,78.749657,180.000000,0
30920,160.087503,85.374999,0.000000,146.250343,180.000000,0
30930,159.412497,85.374999,0.000000,67.500687,180.000000,0
30940,158.962503,85.374999,0.000000,44.999313,180.000000,0
30950,158.287497,85.250001,0.000000,68.648292,-169.508784,0
30960,158.062500,85.250001,0.000000,22.499657,180.000000,0
30970,157.837503,85.250001,0.000000,22.499657,180.000000,0
30980,157.612507,85.250001,0.000000,22.499657,180.000000,0
30990,157.050007,85.250001,0.000000,56.250000,180.000000,0
31000,156.599997,85.250001,0.000000,45.001030,180.000000,0
31010,156.262510,85.374999,0.000000,35.989096,159.676389,0
31020,155.587503,85.625000,0.000000,71.981577,159.676982,0
31030,155.137510,85.875001,0.000000,51.477597,150.944932,0
31040,154.575010,85.999999,0.000000,57.622111,167.471377,0
31050,154.349997,86.124997,0.000000,25.740183,150.947252,0
31060,154.237507,86.250000,0.000000,16.816554,131.983952,0
31070,154.125000,86.500001,0.000000,27.415009,114.228972,0
31080,154.125000,86.749997,0.000000,24.999619,90.000000,0
31090,154.125000,86.999998,0.000000,25.000095,90.000000,0
31100,154.462503,87.249999,0.000000,42.001077,36.528681,0
31110,154.687500,87.374997,0.000000,25.738683,29.054604,0
31120,154.687500,87.374997,0.000000,0.000000,0.000000,0
31130,155.025003,87.374997,0.000000,33.750343,0.000000,0
31140,155.137510,87.374997,0.000000,11.250687,0.000000,0
31150,155.137510,87.374997,0.000000,0.000000,0.000000,0
31160,155.137510,87.374997,0.268555,0.000000,0.000000,1
31170,155.137510,87.374997,0.268555,0.000000,0.000000,1
31180,155.137510,87.374997,0.268555,0.000000,0.000000,1
31190,155.137510,87.374997,0.268555,0.000000,0.000000,1
31200,155.137510,87.374997,0.268555,0.000000,0.000000,1
31210,155.137510,87.374997,0.268555,0.000000,0.000000,1
31220,155.137510,87.374997,0.268555,0.000000,0.000000,1
31230,155.137510,87.374997,0.268555,0.000000,0.000000,1
31240,155.137510,87.374997,0.268555,0.000000,0.000000,1
31250,155.137510,87.374997,0.268555,0.000000,0.000000,1
31260,155.137510,87.374997,0.268555,0.000000,0.000000,1
31270,155.137510,87.374997,0.268555,0.000000,0.000000,1
31280,155.137510,87.249999,0.685547,12.499809,-90.000000,1
31290,155.137510,86.999998,0.691406,25.000095,-90.000000,1
31300,155.137510,86.749997,0.691406,25.000095,-90.000000,1
31310,155.025003,86.500001,0.707031,27.414574,-114.229381,1
31320,154.687500,85.374999,0.716797,117.453730,-106.699378,1
31330,154.575010,84.625001,0.716797,75.838715,-98.530017,1
31340,154.349997,83.874998,0.721680,78.302967,-106.700147,1
31350,153.900003,82.374997,0.734375,156.604492,-106.698994,1
31360,153.675007,81.624999,0.734375,78.302017,-106.699044,1
31370,153.562500,80.875001,0.739258,75.838970,-98.531300,1
31380,153.112507,79.124999,0.750977,180.693124,-104.420547,1
31390,152.887510,78.125000,0.755859,102.499832,-102.680208,1
31400,152.437500,76.250000,0.786133,192.824642,-103.496031,1
31410,152.325010,75.250001,0.787109,100.630613,-96.418210,1
31420,152.099997,74.375000,0.787109,90.346989,-104.421602,1
31430,151.762510,72.750001,0.794922,165.967433,-101.732627,1
31440,151.537497,71.875000,0.797852,90.346989,-104.421602,1
31450,151.537497,71.124997,0.797852,75.000286,-90.000000,1
31460,151.425007,70.374999,0.797852,75.838715,-98.530017,1
31470,151.200010,68.874998,0.801758,151.678157,-98.530632,1
31480,151.200010,68.249998,0.801758,62.500000,-90.000000,1
31490,151.087503,67.500000,0.801758,75.838970,-98.531300,1
31500,151.087503,66.250000,0.808594,125.000000,-90.000000,1
31510,151.087503,65.625000,0.808594,62.500000,-90.000000,1
31520,151.087503,64.874997,0.819336,75.000286,-90.000000,1
31530,151.087503,64.874997,0.819336,0.000000,0.000000,1
31540,151.200010,64.249997,0.823242,63.504551,-79.795417,1
31550,151.200010,64.000001,0.823242,24.999619,-90.000000,1
31560,151.425007,63.375001,0.823242,66.426535,-70.201402,1
31570,151.537497,62.999997,0.818359,39.151219,-73.302360,1
31580,151.537497,62.750001,0.818359,24.999619,-90.000000,1
31590,151.762510,62.249999,0.814453,54.830018,-65.771028,1
31600,151.987507,61.999998,0.811523,33.633901,-48.013331,1
31610,152.325010,61.749997,0.807617,42.001077,-36.528681,1
31620,152.325010,61.749997,0.807617,0.000000,0.000000,1
31630,152.775003,61.500001,0.806641,51.477365,-29.054604,1
31640,153.112507,61.374998,0.806641,35.990871,-20.323374,1
31650,153.787497,61.374998,0.806641,67.498970,0.000000,1
31660,154.349997,61.624999,0.803711,61.555400,23.962570,1
31670,155.137510,62.249999,0.803711,100.538693,38.436815,1
31680,157.275003,64.749999,0.803711,328.920612,49.469648,1
31690,158.625000,66.624999,0.803711,231.043626,54.246182,1
31700,161.550007,71.374998,0.788086,557.836500,58.375611,1
31710,161.550007,71.374998,0.788086,0.000000,0.000000,1
31720,166.162497,78.125000,0.443359,817.542580,55.653970,1
31730,166.162497,78.125000,0.000000,0.000000,0.000000,0
31740,168.525003,80.999999,0.000000,372.116356,50.588625,0
31750,171.112507,83.624997,0.000000,368.589053,45.412134,0
31760,172.125000,84.499998,0.000000,133.819618,40.833718,0
31770,173.812500,86.124997,0.000000,234.270744,43.919059,0
31780,174.487507,86.875000,0.000000,100.902852,48.012606,0
31790,175.950010,88.375001,0.000000,209.497474,45.725175,0
31800,176.737507,89.249997,0.000000,117.718697,48.012788,0
31810,177.637510,90.250001,0.000000,134.536754,48.012788,0
31820,179.325010,92.249999,0.000000,261.680122,49.843973,0
31830,180.000000,93.375001,0.000000,131.196051,59.036672,0
31840,180.337503,94.249997,0.000000,93.783095,68.907381,0
31850,180.112507,95.625000,0.000000,139.328975,99.293150,0
31860,179.662497,96.375000,0.000000,87.464849,120.964319,0
31870,178.987507,96.875000,0.000000,84.000632,143.470753,0
31880,177.300007,97.625000,0.000000,184.666103,156.037498,0
31890,177.300007,97.625000,0.000000,0.000000,0.000000,0
31900,175.724997,98.250000,0.000000,169.448589,158.355693,0
31910,174.712503,99.124999,0.000000,133.819462,139.166359,0
31920,174.262510,99.624999,0.000000,67.267625,131.986805,0
31930,173.925007,100.249999,0.000000,71.030526,118.369290,0
31940,173.587503,101.375000,0.000000,117.453730,106.699378,0
31950,173.587503,101.750000,0.000000,37.499905,90.000000,0
31960,173.474997,102.124999,0.000000,39.151255,106.700247,0
31970,173.250000,102.375000,0.000000,33.633901,131.986669,0
31980,173.250000,102.375000,0.000000,0.000000,0.000000,0
31990,172.800007,102.749999,0.000000,58.576284,140.194071,0
32000,172.575010,103.000000,0.000000,33.633901,131.986669,0
32010,172.349997,103.125000,0.000000,25.740299,150.946788,0
32020,171.787497,103.250000,0.000000,57.622163,167.471146,0
32030,171.675007,103.250000,0.000000,11.248970,180.000000,0
32040,171.450010,103.374999,0.000000,25.738683,150.945396,0
32050,171.337503,103.374999,0.000000,11.250687,180.000000,0
32060,171.224997,103.499999,0.000000,16.817525,131.988843,0
32070,171.112507,103.499999,0.000000,11.248970,180.000000,0
32080,171.112507,103.499999,0.000000,0.000000,0.000000,0
32090,170.775003,103.625000,0.000000,35.990789,159.676982,0
32100,170.775003,103.625000,0.000000,0.000000,0.000000,0
32110,170.550007,103.750000,0.000000,25.738798,150.944932,0
32120,170.325010,103.750000,0.000000,22.499657,180.000000,0
32130,170.325010,103.875000,0.000000,12.500048,90.000000,0
32140,170.212503,103.875000,0.000000,11.250687,180.000000,0
32150,169.987507,103.875000,0.000000,22.499657,180.000000,0
32160,169.987507,103.999999,0.000000,12.499809,90.000000,0
32170,169.987507,103.999999,0.000000,0.000000,0.000000,0
32180,169.987507,104.124999,0.000000,12.500048,90.000000,0
32190,170.099997,104.124999,0.000000,11.248970,0.000000,0
32200,170.099997,104.124999,0.000000,0.000000,0.000000,0
32210,170.099997,103.999999,0.000000,12.500048,-90.000000,0
32220,170.099997,103.750000,0.000000,24.999857,-90.000000,0
32230,169.987507,103.625000,0.000000,16.816377,-131.984495,0
32240,169.875000,103.374999,0.000000,27.415009,-114.228972,0
32250,169.875000,103.374999,0.000000,0.000000,0.000000,0
32260,169.762510,103.250000,0.000000,16.816199,-131.985039,0
32270,169.650003,103.125000,0.000000,16.817525,-131.988843,0
32280,169.537497,103.000000,0.000000,16.817525,-131.988843,0
32290,169.425007,102.874999,0.000000,16.816377,-131.984495,0
32300,169.200010,102.625000,0.000000,33.633724,-131.986941,0
32310,169.087503,102.500000,0.000000,16.817525,-131.988843,0
32320,168.974997,102.375000,0.000000,16.817525,-131.988843,0
32330,168.750000,102.000000,0.000000,43.731881,-120.963435,0
32340,168.637510,101.875000,0.000000,16.816377,-131.984495,0
32350,168.637510,101.875000,0.000000,0.000000,0.000000,0
32360,168.412497,101.624999,0.000000,33.635050,-131.988843,0
32370,168.412497,101.499999,0.000000,12.500048,-90.000000,0
32380,168.412497,101.499999,0.000000,0.000000,0.000000,0
32390,168.300007,101.375000,0.000000,16.816199,-131.985039,0
32400,168.300007,101.250000,0.000000,12.500048,-90.000000,0
32410,168.300007,101.250000,0.000000,0.000000,0.000000,0
32420,168.300007,101.250000,0.000000,0.000000,0.000000,0
32430,168.187500,100.999999,0.000000,27.415009,-114.228972,0
32440,168.187500,100.999999,0.000000,0.000000,0.000000,0
32450,168.187500,100.999999,0.000000,0.000000,0.000000,0
32460,168.187500,100.999999,0.000000,0.000000,0.000000,0
32470,168.187500,100.999999,0.000000,0.000000,0.000000,0
32480,168.412497,100.999999,0.000000,22.499657,0.000000,0
32490,168.412497,100.999999,0.000000,0.000000,0.000000,0
32500,168.525003,100.999999,0.000000,11.250687,0.000000,0
32510,168.637510,100.999999,0.000000,11.250687,0.000000,0
32520,168.750000,100.874999,0.000000,16.816377,-48.015505,0
32530,168.750000,100.874999,0.000000,0.000000,0.000000,0
32540,168.974997,100.750000,0.000000,25.738683,-29.054604,0
32550,168.974997,100.750000,0.000000,0.000000,0.000000,0
32560,169.087503,100.625000,0.000000,16.817525,-48.011157,0
32570,169.087503,100.625000,0.000000,0.000000,0.000000,0
32580,169.087503,100.625000,0.000000,0.000000,0.000000,0
32590,169.087503,100.374999,0.000000,25.000095,-90.000000,0
32600,169.087503,100.374999,0.000000,0.000000,0.000000,0
32610,169.087503,100.249999,0.000000,12.500048,-90.000000,0
32620,169.087503,100.125000,0.000000,12.499809,-90.000000,0
32630,169.087503,100.000000,0.000000,12.500048,-90.000000,0
32640,169.087503,100.000000,0.000000,0.000000,0.000000,0
32650,169.087503,100.000000,0.000000,0.000000,0.000000,0
32660,169.087503,99.624999,0.000000,37.500143,-90.000000,0
32670,169.087503,99.624999,0.000000,0.000000,0.000000,0
32680,169.087503,99.624999,0.000000,0.000000,0.000000,0
32690,169.200010,99.624999,0.000000,11.250687,0.000000,0
32700,169.200010,99.624999,0.000000,0.000000,0.000000,0
32710,169.200010,99.624999,0.000000,0.000000,0.000000,0
32720,169.312500,99.624999,0.000000,11.248970,0.000000,0
32730,169.312500,99.624999,0.000000,0.000000,0.000000,0
32740,169.312500,99.624999,0.000000,0.000000,0.000000,0
32750,169.537497,99.624999,0.000000,22.499657,0.000000,0
32760,169.537497,99.624999,0.000000,0.000000,0.000000,0
32770,169.762510,99.624999,0.000000,22.501373,0.000000,0
32780,169.987507,99.624999,0.000000,22.499657,0.000000,0
32790,170.212503,99.500000,0.000000,25.738683,-29.054604,0
32800,170.325010,99.500000,0.000000,11.250687,0.000000,0
32810,170.662497,99.250000,0.000000,41.999697,-36.530075,0
32820,170.775003,99.124999,0.000000,16.817525,-48.011157,0
32830,170.887510,98.999999,0.000000,16.817525,-48.011157,0
32840,171.112507,98.750000,0.000000,33.633724,-48.013059,0
32850,171.337503,98.499999,0.000000,33.633901,-48.013331,0
32860,171.450010,98.374999,0.000000,16.817525,-48.011157,0
32870,171.562500,98.125000,0.000000,27.414087,-65.774095,0
32880,171.900003,97.874999,0.000000,42.001077,-36.528681,0
32890,171.900003,97.625000,0.000000,24.999857,-90.000000,0
32900,172.012510,97.500000,0.000000,16.817525,-48.011157,0
32910,172.012510,97.500000,0.000000,0.000000,0.000000,0
32920,172.012510,97.249999,0.000000,25.000095,-90.000000,0
32930,171.900003,97.249999,0.000000,11.250687,180.000000,0
32940,171.787497,97.124999,0.000000,16.817525,-131.988843,0
32950,171.787497,97.124999,0.000000,0.000000,0.000000,0
32960,171.675007,97.124999,0.000000,11.248970,180.000000,0
32970,171.675007,97.124999,0.000000,0.000000,0.000000,0
32980,171.675007,97.000000,0.000000,12.499809,-90.000000,0
32990,171.675007,97.000000,0.000000,0.000000,0.000000,0
33000,171.675007,97.000000,0.000000,0.000000,0.000000,0
33010,171.675007,97.000000,0.000000,0.000000,0.000000,0
33020,171.450010,97.000000,0.000000,22.499657,180.000000,0
33030,171.450010,97.000000,0.000000,0.000000,0.000000,0
33040,171.337503,97.000000,0.000000,11.250687,180.000000,0
33050,171.337503,97.000000,0.000000,0.000000,0.000000,0
33060,171.224997,97.000000,0.000000,11.250687,180.000000,0
33070,171.224997,97.000000,0.000000,0.000000,0.000000,0
33080,171.224997,97.000000,0.000000,0.000000,0.000000,0
33090,171.112507,97.000000,0.000000,11.248970,180.000000,0
33100,171.112507,97.000000,0.000000,0.000000,0.000000,0
33110,171.112507,96.875000,0.000000,12.500048,-90.000000,0
33120,171.112507,96.875000,0.000000,0.000000,0.000000,0
33130,170.887510,96.875000,0.000000,22.499657,180.000000,0
33140,170.887510,96.875000,0.000000,0.000000,0.000000,0
33150,170.775003,96.875000,0.000000,11.250687,180.000000,0
33160,170.775003,96.875000,0.000000,0.000000,0.000000,0
33170,170.775003,96.875000,0.000000,0.000000,0.000000,0
33180,170.775003,96.875000,0.000000,0.000000,0.000000,0
33190,170.775003,97.000000,0.000000,12.500048,90.000000,0
33200,170.887510,97.000000,0.000000,11.250687,0.000000,0
33210,170.887510,97.000000,0.000000,0.000000,0.000000,0
33220,171.000000,97.124999,0.000000,16.816199,48.014961,0
33230,171.112507,97.249999,0.000000,16.817525,48.011157,0
33240,171.337503,97.375000,0.000000,25.738798,29.055068,0
33250,171.450010,97.500000,0.000000,16.817525,48.011157,0
33260,171.562500,97.625000,0.000000,16.816377,48.015505,0
33270,172.012510,98.000000,0.000000,58.577603,39.804854,0
33280,172.125000,98.000000,0.000000,11.248970,0.000000,0
33290,172.237507,98.125000,0.239258,16.817525,48.011157,1
33300,172.237507,98.125000,0.239258,0.000000,0.000000,1
33310,172.237507,98.125000,0.239258,0.000000,0.000000,1
33320,172.237507,98.125000,0.239258,0.000000,0.000000,1
33330,172.237507,98.125000,0.239258,0.000000,0.000000,1
33340,172.237507,98.125000,0.239258,0.000000,0.000000,1
33350,172.237507,98.125000,0.239258,0.000000,0.000000,1
33360,172.237507,98.125000,0.239258,0.000000,0.000000,1
33370,172.237507,98.125000,0.239258,0.000000,0.000000,1
33380,172.237507,98.125000,0.239258,0.000000,0.000000,1
33390,172.237507,98.000000,0.597656,12.500048,-90.000000,1
33400,172.237507,98.000000,0.597656,0.000000,0.000000,1
33410,172.125000,97.500000,0.626953,51.250104,-102.681144,1
33420,171.900003,97.000000,0.630859,54.829096,-114.227439,1
33430,171.450010,95.000000,0.657227,204.999896,-102.680193,1
33440,171.112507,93.874998,0.657227,117.453730,-106.699378,1
33450,170.437500,91.250000,0.681641,271.039651,-104.420924,1
33460,170.099997,89.749999,0.686523,153.750168,-102.680501,1
33470,169.650003,88.125000,0.692383,168.615412,-105.478422,1
33480,169.200010,86.250000,0.698242,192.824242,-103.495535,1
33490,168.300007,82.125001,0.726563,422.204018,-102.308064,1
33500,167.849997,80.000000,0.726563,217.212760,-101.956845,1
33510,167.287497,77.750001,0.742188,231.924599,-104.036249,1
33520,166.275003,73.375001,0.776367,449.063106,-103.030394,1
33530,165.825010,71.374998,0.776367,205.000128,-102.680179,1
33540,165.037497,68.375001,0.784180,310.163839,-104.708563,1
33550,164.812500,67.374997,0.784180,102.500297,-102.680149,1
33560,164.700010,66.749997,0.783203,63.504247,-100.203059,1
33570,164.587503,66.374998,0.780273,39.151255,-106.700247,1
33580,164.587503,65.999999,0.780273,37.499905,-90.000000,1
33590,164.587503,65.999999,0.780273,0.000000,0.000000,1
33600,164.587503,65.999999,0.780273,0.000000,0.000000,1
33610,164.700010,66.500001,0.551758,51.250337,77.318914,1
33620,164.925007,67.874999,0.316406,139.328504,80.706818,1
33630,165.037497,69.874997,0.000000,200.315908,86.780796,0
33640,165.037497,71.374998,0.000000,150.000095,90.000000,0
33650,165.150003,73.125000,0.000000,175.361469,86.321541,0
33660,165.150003,76.749997,0.000000,362.499714,90.000000,0
33670,165.262510,78.624997,0.000000,187.837238,86.566161,0
33680,165.599997,80.374999,0.000000,178.224680,79.084563,0
33690,166.837503,83.874998,0.000000,371.233304,70.527756,0
33700,167.512510,85.374999,0.000000,164.488210,65.772050,0
33710,168.187500,86.875000,0.000000,164.487506,65.772595,0
33720,169.875000,89.874997,0.000000,344.203996,60.642223,0
33730,170.662497,91.374998,0.000000,169.415280,62.300645,0
33740,171.562500,92.624998,0.000000,154.029419,54.246009,0
33750,172.349997,93.874998,0.000000,147.737972,57.789185,0
33760,173.137510,94.874997,0.000000,127.286133,51.779056,0
33770,174.037497,96.250000,0.000000,164.335272,56.793885,0
33780,174.037497,96.624999,0.000000,37.499905,90.000000,0
33790,174.037497,96.624999,0.000000,0.000000,0.000000,0
33800,174.037497,96.750000,0.000000,12.500048,90.000000,0
33810,174.375000,97.124999,0.000000,50.451249,48.012425,0
33820,174.375000,97.249999,0.000000,12.500048,90.000000,0
33830,174.262510,97.500000,0.000000,27.414305,114.225700,0
33840,173.812500,98.125000,0.000000,77.015211,125.754509,0
33850,173.587503,98.374999,0.000000,33.633724,131.986941,0
33860,173.362507,98.625000,0.000000,33.633901,131.986669,0
33870,172.800007,99.250000,0.000000,84.085150,131.987212,0
33880,172.462503,99.500000,0.000000,42.001077,143.471319,0
33890,172.125000,99.749999,0.000000,42.000935,143.471580,0
33900,171.562500,99.875000,0.000000,57.622163,167.471146,0
33910,171.224997,100.000000,0.000000,35.990789,159.676982,0
33920,171.000000,100.125000,0.000000,25.738798,150.944932,0
33930,170.775003,100.500000,0.000000,43.731881,120.963435,0
33940,170.662497,100.625000,0.000000,16.817525,131.988843,0
33950,170.550007,100.874999,0.000000,27.414087,114.225905,0
33960,170.550007,101.125000,0.000000,25.000095,90.000000,0
33970,170.550007,101.375000,0.000000,25.000095,90.000000,0
33980,170.550007,101.375000,0.000000,0.000000,0.000000,0
33990,170.550007,101.375000,0.000000,0.000000,0.000000,0
34000,170.550007,101.375000,0.000000,0.000000,0.000000,0
34010,170.550007,101.250000,0.000000,12.500048,-90.000000,0
34020,170.550007,101.250000,0.000000,0.000000,0.000000,0
34030,170.550007,101.250000,0.000000,0.000000,0.000000,0
34040,170.550007,101.250000,0.000000,0.000000,0.000000,0
34050,170.550007,101.250000,0.000000,0.000000,0.000000,0
34060,170.550007,101.250000,0.000000,0.000000,0.000000,0
34070,170.550007,101.250000,0.000000,0.000000,0.000000,0
34080,170.550007,101.250000,0.000000,0.000000,0.000000,0
34090,170.662497,101.250000,0.000000,11.248970,0.000000,0
34100,170.662497,101.250000,0.000000,0.000000,0.000000,0
34110,170.775003,101.250000,0.000000,11.250687,0.000000,0
34120,170.887510,101.250000,0.000000,11.250687,0.000000,0
34130,170.887510,101.250000,0.000000,0.000000,0.000000,0
34140,170.887510,101.250000,0.000000,0.000000,0.000000,0
34150,170.887510,101.250000,0.000000,0.000000,0.000000,0
34160,170.887510,101.250000,0.000000,0.000000,0.000000,0
34170,170.887510,101.250000,0.000000,0.000000,0.000000,0
34180,170.887510,101.250000,0.000000,0.000000,0.000000,0
34190,170.775003,101.125000,0.000000,16.817525,-131.988843,0
34200,170.662497,101.125000,0.000000,11.250687,180.000000,0
34210,170.550007,100.999999,0.000000,16.816377,-131.984495,0
34220,170.550007,100.999999,0.000000,0.000000,0.000000,0
34230,170.550007,100.999999,0.000000,0.000000,0.000000,0
34240,170.550007,100.999999,0.000000,0.000000,0.000000,0
34250,170.437500,100.874999,0.000000,16.817525,-131.988843,0
34260,170.437500,100.874999,0.000000,0.000000,0.000000,0
34270,170.437500,100.874999,0.000000,0.000000,0.000000,0
34280,170.437500,100.874999,0.000000,0.000000,0.000000,0
34290,170.437500,100.874999,0.000000,0.000000,0.000000,0
34300,170.437500,100.874999,0.000000,0.000000,0.000000,0
34310,170.437500,100.874999,0.000000,0.000000,0.000000,0
34320,170.325010,100.750000,0.000000,16.816199,-131.985039,0
34330,170.325010,100.750000,0.000000,0.000000,0.000000,0
34340,170.212503,100.750000,0.000000,11.250687,180.000000,0
34350,170.212503,100.625000,0.000000,12.500048,-90.000000,0
34360,170.099997,100.500000,0.000000,16.817525,-131.988843,0
34370,170.099997,100.500000,0.000000,0.000000,0.000000,0
34380,170.099997,100.249999,0.000000,25.000095,-90.000000,0
34390,170.099997,100.249999,0.000000,0.000000,0.000000,0
34400,170.212503,100.249999,0.000000,11.250687,0.000000,0
34410,170.212503,100.249999,0.293945,0.000000,0.000000,1
34420,170.212503,100.249999,0.293945,0.000000,0.000000,1
34430,170.212503,100.249999,0.293945,0.000000,0.000000,1
34440,170.212503,100.249999,0.293945,0.000000,0.000000,1
34450,170.212503,100.249999,0.293945,0.000000,0.000000,1
34460,170.212503,100.249999,0.293945,0.000000,0.000000,1
34470,170.212503,100.249999,0.293945,0.000000,0.000000,1
34480,170.212503,100.249999,0.293945,0.000000,0.000000,1
34490,170.212503,100.249999,0.293945,0.000000,0.000000,1
34500,170.212503,100.249999,0.293945,0.000000,0.000000,1
34510,170.212503,100.249999,0.293945,0.000000,0.000000,1
34520,170.212503,100.249999,0.293945,0.000000,0.000000,1
34530,170.325010,100.374999,0.536133,16.817525,48.011157,1
34540,170.550007,100.625000,0.545898,33.633901,48.013331,1
34550,170.775003,100.874999,0.545898,33.633724,48.013059,1
34560,171.450010,101.499999,0.544922,91.992351,42.797111,1
34570,172.125000,102.000000,0.544922,84.000774,36.529378,1
34580,172.125000,102.000000,0.544922,0.000000,0.000000,1
34590,173.812500,103.000000,0.568359,196.154387,30.650644,1
34600,174.712503,103.499999,0.580078,102.956578,29.054488,1
34610,176.287497,104.375000,0.597656,180.172974,29.054737,1
34620,176.962503,104.624999,0.599609,71.981494,20.322840,1
34630,178.425007,105.125000,0.615234,154.561256,18.874575,1
34640,179.099997,105.374999,0.615234,71.979885,20.323315,1
34650,180.675007,105.625000,0.624023,159.472817,9.019298,1
34660,181.462503,105.625000,0.635742,78.749657,0.000000,1
34670,181.462503,105.625000,0.635742,0.000000,0.000000,1
34680,183.037497,105.625000,0.637695,157.499313,0.000000,1
34690,183.712503,105.625000,0.656250,67.500687,0.000000,1
34700,184.724997,105.625000,0.656250,101.249313,0.000000,1
34710,185.175007,105.625000,0.660156,45.001030,0.000000,1
34720,185.625000,105.500000,0.670898,46.703205,-15.524393,1
34730,185.849997,105.374999,0.670898,25.738798,-29.055068,1
34740,186.300007,105.249999,0.668945,46.704859,-15.523829,1
34750,186.525003,105.125000,0.668945,25.738683,-29.054604,1
34760,186.525003,105.125000,0.668945,0.000000,0.000000,1
34770,186.862507,104.875000,0.669922,42.001077,-36.528681,1
34780,187.087503,104.749999,0.671875,25.738798,-29.055068,1
34790,187.200010,104.375000,0.681641,39.151255,-73.299753,1
34800,187.312500,104.250000,0.681641,16.816377,-48.015505,1
34810,187.425007,103.750000,0.713867,51.250104,-77.318856,1
34820,187.537497,103.374999,0.722656,39.150990,-73.302260,1
34830,187.537497,102.749999,0.733398,62.500000,-90.000000,1
34840,187.537497,102.249999,0.745117,49.999952,-90.000000,1
34850,187.537497,102.249999,0.745117,0.000000,0.000000,1
34860,187.425007,100.874999,0.745117,137.959423,-94.676990,1
34870,187.312500,100.000000,0.741211,88.220196,-97.326861,1
34880,187.312500,98.625000,0.741211,137.500048,-90.000000,1
34890,187.200010,98.000000,0.739258,63.504247,-100.203059,1
34900,187.200010,96.624999,0.750977,137.500048,-90.000000,1
34910,187.200010,95.999999,0.750977,62.500000,-90.000000,1
34920,187.200010,95.249999,0.750977,75.000048,-90.000000,1
34930,187.087503,93.624997,0.768555,162.889148,-93.960549,1
34940,186.974997,92.750001,0.774414,88.219959,-97.326881,1
34950,186.637510,90.749998,0.786133,202.827721,-99.578027,1
34960,186.637510,90.749998,0.786133,0.000000,0.000000,1
34970,186.187500,88.499999,0.810547,229.455987,-101.310189,1
34980,185.962503,87.374997,0.810547,114.728059,-101.309746,1
34990,185.512510,85.374999,0.840820,204.999663,-102.680208,1
35000,185.400003,84.375000,0.847656,100.630805,-96.419181,1
35010,185.175007,83.375001,0.851563,102.499832,-102.680208,1
35020,184.837503,81.374998,0.870117,202.828006,-99.578505,1
35030,184.724997,80.250001,0.870117,113.060884,-95.710954,1
35040,184.387510,77.750001,0.878906,252.267655,-97.688139,1
35050,184.387510,77.750001,0.878906,0.000000,0.000000,1
35060,183.937500,75.124998,0.879883,266.329670,-99.727787,1
35070,183.712503,73.750000,0.877930,139.328504,-99.293182,1
35080,183.262510,70.875001,0.883789,291.000229,-98.895726,1
35090,183.150003,69.375000,0.883789,150.421430,-94.289411,1
35100,182.925007,67.750001,0.883789,164.050156,-97.883025,1
35110,182.474997,64.375000,0.885742,340.487015,-97.594813,1
35120,182.137510,62.624998,0.885742,178.224680,-100.915437,1
35130,181.349997,58.750000,0.864258,395.421144,-101.487739,1
35140,181.349997,58.750000,0.864258,0.000000,0.000000,1
35150,180.675007,56.749997,0.857422,211.083456,-108.649249,1
35160,179.437500,53.000002,0.729492,394.890966,-108.263006,1
35170,178.762510,51.374998,0.669922,175.961601,-112.556889,1
35180,177.412497,48.750000,0.539063,295.180488,-117.216366,1
35190,176.625000,47.500000,0.235352,147.737972,-122.210815,1
35200,175.724997,46.875000,0.000000,109.573317,-145.222271,0
35210,174.937500,46.875000,0.000000,78.749657,180.000000,0
35220,174.037497,46.875000,0.000000,90.000343,180.000000,0
35230,172.237507,46.875000,0.000000,179.998970,180.000000,0
35240,171.562500,47.249994,0.000000,77.217548,150.946014,0
35250,171.000000,47.500000,0.000000,61.555594,156.037024,0
35260,171.000000,47.500000,0.000000,0.000000,0.000000,0
35270,171.000000,47.500000,0.000000,0.000000,0.000000,0
35280,171.000000,47.500000,0.000000,0.000000,0.000000,0
35290,171.000000,47.500000,0.000000,0.000000,0.000000,0
35300,171.000000,47.500000,0.000000,0.000000,0.000000,0
35310,171.000000,47.500000,0.000000,0.000000,0.000000,0
35320,171.000000,47.500000,0.000000,0.000000,0.000000,0
35330,171.000000,47.500000,0.000000,0.000000,0.000000,0
35340,171.000000,47.500000,0.000000,0.000000,0.000000,0
35350,171.000000,47.500000,0.000000,0.000000,0.000000,0
35360,171.000000,47.500000,0.000000,0.000000,0.000000,0
35370,171.000000,47.500000,0.000000,0.000000,0.000000,0
35380,171.000000,47.500000,0.000000,0.000000,0.000000,0
35390,171.000000,47.500000,0.000000,0.000000,0.000000,0
35400,171.000000,47.500000,0.000000,0.000000,0.000000,0
35410,171.000000,47.500000,0.000000,0.000000,0.000000,0
35420,171.000000,47.500000,0.000000,0.000000,0.000000,0
35430,171.000000,47.500000,0.000000,0.000000,0.000000,0
35440,171.000000,47.500000,0.000000,0.000000,0.000000,0
35450,171.000000,47.500000,0.000000,0.000000,0.000000,0
35460,171.000000,47.500000,0.000000,0.000000,0.000000,0
35470,174.712503,81.749997,0.000000,3445.061662,83.813619,0
35480,174.712503,82.125001,0.000000,37.500381,90.000000,0
35490,174.712503,82.249999,0.000000,12.499809,90.000000,0
35500,174.712503,82.374997,0.000000,12.499809,90.000000,0
35510,174.712503,82.374997,0.000000,0.000000,0.000000,0
35520,174.712503,82.750001,0.000000,37.500381,90.000000,0
35530,174.712503,82.874999,0.000000,12.499809,90.000000,0
35540,174.487507,82.999997,0.000000,25.738683,150.945396,0
35550,174.487507,83.249998,0.000000,25.000095,90.000000,0
35560,174.262510,84.000001,0.000000,78.302474,106.698943,0
35570,174.037497,84.249997,0.000000,33.634695,131.989386,0
35580,173.925007,84.625001,0.000000,39.151219,106.697640,0
35590,173.474997,85.250001,0.000000,77.015211,125.754509,0
35600,173.137510,85.374999,0.000000,35.989096,159.676389,0
35610,172.912497,85.499997,0.000000,25.740183,150.947252,0
35620,172.349997,85.625000,0.000000,57.622215,167.470915,0
35630,172.012510,85.625000,0.000000,33.748627,180.000000,0
35640,171.787497,85.749998,0.000000,25.740183,150.947252,0
35650,171.787497,85.999999,0.000000,25.000095,90.000000,0
35660,171.787497,86.124997,0.000000,12.499809,90.000000,0
35670,171.675007,86.124997,0.000000,11.248970,180.000000,0
35680,171.675007,86.124997,0.000000,0.000000,0.000000,0
35690,171.562500,86.500001,0.000000,39.151712,106.700046,0
35700,171.562500,86.500001,0.000000,0.000000,0.000000,0
35710,171.562500,86.624999,0.000000,12.499809,90.000000,0
35720,171.562500,86.749997,0.000000,12.499809,90.000000,0
35730,171.562500,86.999998,0.000000,25.000095,90.000000,0
35740,171.562500,87.125001,0.000000,12.500286,90.000000,0
35750,171.562500,87.374997,0.000000,24.999619,90.000000,0
35760,171.450010,87.500000,0.000000,16.816554,131.983952,0
35770,171.450010,87.999997,0.000000,49.999714,90.000000,0
35780,171.450010,87.999997,0.000000,0.000000,0.000000,0
35790,171.450010,88.375001,0.000000,37.500381,90.000000,0
35800,171.562500,88.624997,0.000000,27.413870,65.773891,0
35810,171.675007,88.874998,0.000000,27.415009,65.771028,0
35820,171.675007,89.124999,0.000000,25.000095,90.000000,0
35830,171.675007,89.124999,0.000000,0.000000,0.000000,0
35840,171.675007,89.249997,0.000000,12.499809,90.000000,0
35850,171.675007,89.249997,0.000000,0.000000,0.000000,0
35860,171.562500,89.499998,0.000000,27.415009,114.228972,0
35870,171.562500,89.499998,0.000000,0.000000,0.000000,0
35880,171.562500,89.499998,0.000000,0.000000,0.000000,0
35890,171.450010,89.625001,0.000000,16.816554,131.983952,0
35900,171.450010,89.625001,0.000000,0.000000,0.000000,0
35910,171.450010,89.749999,0.000000,12.499809,90.000000,0
35920,171.337503,89.625001,0.000000,16.817348,-131.989386,0
35930,171.337503,89.499998,0.000000,12.500286,-90.000000,0
35940,171.337503,89.375000,0.000000,12.499809,-90.000000,0
35950,171.337503,89.375000,0.000000,0.000000,0.000000,0
35960,171.450010,89.124999,0.000000,27.415009,-65.771028,0
35970,171.562500,89.124999,0.000000,11.248970,0.000000,0
35980,171.562500,89.124999,0.000000,0.000000,0.000000,0
35990,171.900003,89.124999,0.000000,33.750343,0.000000,0
36000,172.125000,89.124999,0.000000,22.499657,0.000000,0
36010,172.125000,89.124999,0.000000,0.000000,0.000000,0
36020,172.349997,89.124999,0.000000,22.499657,0.000000,0
36030,172.349997,89.249997,0.000000,12.499809,90.000000,0
36040,172.462503,89.249997,0.000000,11.250687,0.000000,0
36050,172.687500,89.249997,0.000000,22.499657,0.000000,0
36060,172.912497,89.249997,0.000000,22.499657,0.000000,0
36070,173.362507,89.249997,0.000000,45.001030,0.000000,0
36080,173.587503,89.249997,0.000000,22.499657,0.000000,0
36090,173.925007,89.375000,0.000000,35.990871,20.323374,0
36100,174.375000,89.499998,0.000000,46.703142,15.524111,0
36110,174.375000,89.499998,0.000000,0.000000,0.000000,0
36120,174.599997,89.625001,0.000000,25.738914,29.055532,0
36130,174.712503,89.625001,0.000000,11.250687,0.000000,0
36140,174.712503,89.625001,0.000000,0.000000,0.000000,0
36150,174.825010,89.749999,0.000000,16.817348,48.010614,0
36160,174.825010,89.749999,0.000000,0.000000,0.000000,0
36170,174.825010,89.874997,0.000000,12.499809,90.000000,0
36180,174.825010,89.874997,0.000000,0.000000,0.000000,0
36190,174.825010,90.124998,0.000000,25.000095,90.000000,0
36200,174.825010,90.250001,0.000000,12.500286,90.000000,0
36210,174.825010,90.250001,0.000000,0.000000,0.000000,0
36220,174.825010,90.374999,0.000000,12.499809,90.000000,0
36230,174.825010,90.374999,0.000000,0.000000,0.000000,0
36240,174.712503,90.499997,0.000000,16.817348,131.989386,0
36250,174.712503,90.499997,0.000000,0.000000,0.000000,0
36260,174.487507,90.625000,0.000000,25.738914,150.944468,0
36270,174.150003,90.625000,0.000000,33.750343,180.000000,0
36280,173.925007,90.625000,0.000000,22.499657,180.000000,0
36290,173.925007,90.625000,0.000000,0.000000,0.000000,0
36300,173.925007,90.625000,0.000000,0.000000,0.000000,0
36310,173.587503,90.625000,0.000000,33.750343,180.000000,0
36320,173.587503,90.625000,0.000000,0.000000,0.000000,0
36330,173.362507,90.749998,0.000000,25.738683,150.945396,0
36340,173.025003,90.875001,0.000000,35.990871,159.676626,0
36350,172.912497,90.875001,0.000000,11.250687,180.000000,0
36360,172.687500,90.999999,0.000000,25.738683,150.945396,0
36370,172.349997,90.999999,0.000000,33.750343,180.000000,0
36380,172.237507,90.999999,0.000000,11.248970,180.000000,0
36390,172.237507,90.875001,0.000000,12.499809,-90.000000,0
36400,172.237507,90.875001,0.000000,0.000000,0.000000,0
36410,172.125000,90.625000,0.000000,27.415009,-114.228972,0
36420,172.125000,90.625000,0.000000,0.000000,0.000000,0
36430,172.125000,90.625000,0.423828,0.000000,0.000000,1
36440,172.125000,90.625000,0.423828,0.000000,0.000000,1
36450,172.125000,90.625000,0.423828,0.000000,0.000000,1
36460,172.125000,90.625000,0.423828,0.000000,0.000000,1
36470,172.125000,90.625000,0.423828,0.000000,0.000000,1
36480,172.125000,90.625000,0.423828,0.000000,0.000000,1
36490,172.125000,90.625000,0.423828,0.000000,0.000000,1
36500,172.125000,90.625000,0.423828,0.000000,0.000000,1
36510,172.237507,90.625000,0.672852,11.250687,0.000000,1
36520,173.025003,90.625000,0.675781,78.749657,0.000000,1
36530,173.025003,90.625000,0.675781,0.000000,0.000000,1
36540,175.050007,91.250000,0.679688,211.926023,17.152394,1
36550,176.400003,91.624999,0.707031,140.111206,15.524111,1
36560,179.099997,92.374997,0.747070,280.222413,15.524111,1
36570,180.337503,92.500000,0.748047,124.380423,5.767988,1
36580,181.462503,92.624998,0.756836,113.192293,6.340096,1
36590,183.262510,92.624998,0.773438,180.000687,0.000000,1
36600,183.937500,92.624998,0.775391,67.498970,0.000000,1
36610,184.837503,92.374997,0.792969,93.408065,-15.524111,1
36620,184.837503,92.374997,0.792969,0.000000,0.000000,1
36630,185.287497,92.249999,0.801758,46.703142,-15.524111,1
36640,185.400003,92.249999,0.801758,11.250687,0.000000,1
36650,185.400003,91.999998,0.797852,25.000095,-90.000000,1
36660,185.062500,91.875000,0.777344,35.990706,-159.677338,1
36670,184.050007,91.374998,0.000000,112.922285,-153.718348,0
36680,182.362507,90.749998,0.000000,179.952251,-159.676863,0
36690,182.362507,90.749998,0.000000,0.000000,0.000000,0
36700,179.212503,89.000001,0.000000,360.347216,-150.945462,0
36710,178.425007,88.249998,0.000000,108.749949,-136.396947,0
36720,177.637510,87.374997,0.000000,117.719052,-131.987057,0
36730,176.625000,85.875001,0.000000,180.974188,-124.019688,0
36740,176.287497,85.124998,0.000000,82.244323,-114.227882,0
36750,175.950010,84.375000,0.000000,82.243183,-114.226927,0
36760,175.275003,82.874999,0.000000,164.488210,-114.227950,0
36770,174.825010,81.999998,0.000000,98.393114,-117.215731,0
36780,174.375000,81.124997,0.000000,98.393899,-117.216620,0
36790,173.137510,79.625001,0.000000,194.457433,-129.522469,0
36800,172.575010,79.000001,0.000000,84.085150,-131.987212,0
36810,171.900003,78.499999,0.000000,84.002153,-143.471319,0
36820,170.775003,77.874999,0.000000,128.695377,-150.945396,0
36830,170.325010,77.624998,0.000000,51.477597,-150.944932,0
36840,169.875000,77.374997,0.000000,51.479097,-150.945860,0
36850,169.312500,76.999998,0.000000,67.604034,-146.310000,0
36860,169.087503,76.749997,0.000000,33.633901,-131.986669,0
36870,168.750000,76.500001,0.000000,42.000793,-143.471842,0
36880,168.187500,75.875001,0.000000,84.085150,-131.987212,0
36890,167.962503,75.625000,0.000000,33.633901,-131.986669,0
36900,167.849997,75.374999,0.000000,27.415009,-114.228972,0
36910,167.625000,75.124998,0.555664,33.633901,-131.986669,1
36920,167.625000,75.124998,0.555664,0.000000,0.000000,1
36930,167.625000,75.124998,0.555664,0.000000,0.000000,1
36940,167.625000,75.124998,0.555664,0.000000,0.000000,1
36950,167.625000,75.124998,0.555664,0.000000,0.000000,1
36960,167.625000,75.124998,0.555664,0.000000,0.000000,1
36970,169.650003,75.000000,0.715820,202.885767,-3.532235,1
36980,169.650003,75.000000,0.715820,0.000000,0.000000,1
36990,171.337503,75.250001,0.761719,170.591815,8.427001,1
37000,175.612507,76.374998,0.799805,442.055120,14.743516,1
37010,177.637510,76.999998,0.833008,211.926023,17.152394,1
37020,181.349997,77.874999,0.846680,381.420778,13.262085,1
37030,182.812500,78.125000,0.846680,148.371721,9.700406,1
37040,184.950010,78.249998,0.836914,214.116202,3.346752,1
37050,185.512510,77.874999,0.786133,67.604034,-33.690000,1
