时间（ms）,X坐标（mm）,Y坐标（mm）,压力（0-1）,速度（mm/s）,角度（度）,落笔情况（1落笔/0抬笔）
0,42.862500,116.375000,0.011719,0.000000,0.000000,1
10,42.862500,116.375000,0.011719,0.000000,0.000000,1
20,42.862500,116.375000,0.011719,0.000000,0.000000,1
30,42.862500,116.375000,0.011719,0.000000,0.000000,1
40,42.862500,116.375000,0.011719,0.000000,0.000000,1
50,42.862500,116.375000,0.011719,0.000000,0.000000,1
60,42.862500,116.375000,0.011719,0.000000,0.000000,1
70,42.862500,116.375000,0.011719,0.000000,0.000000,1
80,42.862500,116.000000,0.166992,37.500000,-90.000000,1
90,42.862500,116.000000,0.166992,0.000000,0.000000,1
100,42.862500,116.000000,0.166992,0.000000,0.000000,1
110,42.975001,115.875000,0.198242,16.817052,-48.012461,1
120,42.975001,115.875000,0.198242,0.000000,0.000000,1
130,42.975001,115.875000,0.198242,0.000000,0.000000,1
140,42.975001,115.749999,0.198242,12.500095,-90.000000,1
150,42.975001,115.749999,0.198242,0.000000,0.000000,1
160,43.200000,115.374999,0.211914,43.732095,-59.036340,1
170,43.200000,115.374999,0.211914,0.000000,0.000000,1
180,43.200000,114.999999,0.260742,37.500000,-90.000000,1
190,43.312503,114.624999,0.294922,39.151248,-73.300275,1
200,43.312503,114.624999,0.294922,0.000000,0.000000,1
210,43.425002,114.000000,0.312500,63.504305,-79.796163,1
220,43.425002,114.000000,0.312500,0.000000,0.000000,1
230,43.650003,113.250000,0.319336,78.302348,-73.300635,1
240,43.875000,111.999999,0.326172,127.008891,-79.796186,1
250,43.875000,111.999999,0.326172,0.000000,0.000000,1
260,44.212500,109.875000,0.328125,215.163361,-80.975455,1
270,44.212500,109.875000,0.328125,0.000000,0.000000,1
280,44.437502,108.750000,0.333984,114.727973,-78.689983,1
290,44.550000,107.499999,0.333008,125.505309,-84.857317,1
300,44.550000,107.499999,0.333008,0.000000,0.000000,1
310,44.662503,105.750000,0.334961,175.361161,-86.321647,1
320,44.662503,105.750000,0.334961,0.000000,0.000000,1
330,44.775002,104.874999,0.333984,88.220323,-82.673712,1
340,44.887500,104.250000,0.333984,63.504305,-79.796163,1
350,44.887500,104.250000,0.333984,0.000000,0.000000,1
360,44.887500,103.500000,0.334961,75.000000,-90.000000,1
370,44.887500,103.500000,0.334961,0.000000,0.000000,1
380,45.000003,102.499998,0.336914,100.631051,-83.581031,1
390,45.000003,101.625000,0.336914,87.499809,-90.000000,1
400,45.000003,101.625000,0.336914,0.000000,0.000000,1
410,45.112502,100.500000,0.333008,113.061084,-84.289493,1
420,45.112502,100.500000,0.333008,0.000000,0.000000,1
430,45.225000,99.874998,0.329102,63.504586,-79.796209,1
440,45.337503,99.375000,0.329102,51.249889,-77.319195,1
450,45.337503,99.375000,0.329102,0.000000,0.000000,1
460,45.337503,98.874999,0.330078,50.000095,-90.000000,1
470,45.337503,98.874999,0.330078,0.000000,0.000000,1
480,45.450002,98.499999,0.333984,39.151100,-73.300996,1
490,45.450002,98.250000,0.338867,24.999905,-90.000000,1
500,45.450002,98.250000,0.338867,0.000000,0.000000,1
510,45.450002,98.124999,0.344727,12.500095,-90.000000,1
520,45.450002,98.124999,0.344727,0.000000,0.000000,1
530,45.450002,97.875000,0.370117,24.999905,-90.000000,1
540,45.450002,97.875000,0.370117,0.000000,0.000000,1
550,45.450002,97.875000,0.370117,0.000000,0.000000,1
560,45.337503,98.250000,0.288086,39.151100,106.699004,1
570,45.112502,98.625000,0.000000,43.732228,120.963949,0
580,45.112502,98.625000,0.000000,0.000000,0.000000,0
590,44.775002,99.499998,0.000000,93.783149,111.092381,0
600,44.775002,99.499998,0.000000,0.000000,0.000000,0
610,44.550000,101.374998,0.000000,188.845195,96.842825,0
620,44.550000,101.374998,0.000000,0.000000,0.000000,0
630,44.550000,104.499999,0.000000,312.500095,90.000000,0
640,44.887500,106.749999,0.000000,227.517170,81.469234,0
650,44.887500,106.749999,0.000000,0.000000,0.000000,0
660,46.125002,108.999999,0.000000,256.786107,61.189173,0
670,46.125002,108.999999,0.000000,0.000000,0.000000,0
680,47.587500,111.500000,0.000000,289.636041,59.672400,0
690,47.587500,111.500000,0.000000,0.000000,0.000000,0
700,47.587500,111.500000,0.000000,0.000000,0.000000,0
710,47.587500,111.500000,0.000000,0.000000,0.000000,0
720,47.587500,111.500000,0.000000,0.000000,0.000000,0
730,47.587500,111.500000,0.000000,0.000000,0.000000,0
740,47.587500,111.500000,0.000000,0.000000,0.000000,0
750,55.462503,119.375000,0.000000,1113.693423,44.999988,0
760,55.462503,119.375000,0.000000,0.000000,0.000000,0
770,55.462503,119.375000,0.000000,0.000000,0.000000,0
780,55.462503,119.250000,0.000000,12.499952,-90.000000,0
790,55.462503,119.250000,0.000000,0.000000,0.000000,0
800,55.237502,119.000000,0.000000,33.634210,-131.987376,0
810,55.125003,119.000000,0.000000,11.249828,180.000000,0
820,55.125003,119.000000,0.000000,0.000000,0.000000,0
830,55.012500,118.875000,0.000000,16.817224,-131.988191,0
840,55.012500,118.875000,0.000000,0.000000,0.000000,0
850,54.787503,118.749999,0.000000,25.738822,-150.944839,0
860,54.562502,118.500000,0.000000,33.634104,-131.987539,0
870,54.562502,118.500000,0.000000,0.000000,0.000000,0
880,54.225002,118.250000,0.000000,42.000772,-143.471092,0
890,54.112503,118.125000,0.000000,16.816880,-131.986886,0
900,54.112503,118.125000,0.000000,0.000000,0.000000,0
910,53.887502,118.125000,0.000000,22.500172,180.000000,0
920,53.887502,118.125000,0.000000,0.000000,0.000000,0
930,53.775003,117.999999,0.000000,16.816986,-131.986560,0
940,53.775003,117.999999,0.000000,0.000000,0.000000,0
950,53.550002,117.999999,0.000000,22.500172,180.000000,0
960,53.550002,117.999999,0.000000,0.000000,0.000000,0
970,53.437503,118.250000,0.000000,27.414613,114.227377,0
980,53.437503,118.250000,0.000000,0.000000,0.000000,0
990,53.437503,118.374999,0.000000,12.499952,90.000000,0
1000,53.437503,118.374999,0.000000,0.000000,0.000000,0
1010,53.437503,118.374999,0.000000,0.000000,0.000000,0
1020,53.437503,118.374999,0.000000,0.000000,0.000000,0
1030,53.212502,118.500000,0.000000,25.739272,150.945396,0
1040,53.212502,118.500000,0.000000,0.000000,0.000000,0
1050,53.100003,118.500000,0.000000,11.249828,180.000000,0
1060,53.100003,118.500000,0.000000,0.000000,0.000000,0
1070,53.100003,118.500000,0.000000,0.000000,0.000000,0
1080,53.100003,118.500000,0.000000,0.000000,0.000000,0
1090,52.875002,118.500000,0.000000,22.500172,180.000000,0
1100,52.875002,118.500000,0.000000,0.000000,0.000000,0
1110,52.875002,118.500000,0.000000,0.000000,0.000000,0
1120,52.875002,118.500000,0.000000,0.000000,0.000000,0
1130,52.875002,118.500000,0.000000,0.000000,0.000000,0
1140,52.875002,118.500000,0.000000,0.000000,0.000000,0
1150,52.875002,118.500000,0.000000,0.000000,0.000000,0
1160,52.875002,118.500000,0.000000,0.000000,0.000000,0
1170,52.875002,118.500000,0.000000,0.000000,0.000000,0
1180,52.875002,118.500000,0.000000,0.000000,0.000000,0
1190,52.875002,118.500000,0.000000,0.000000,0.000000,0
1200,52.875002,118.500000,0.000000,0.000000,0.000000,0
1210,52.762503,118.500000,0.000000,11.249828,180.000000,0
1220,52.762503,118.500000,0.000000,0.000000,0.000000,0
1230,52.762503,118.625000,0.000000,12.499952,90.000000,0
1240,52.762503,118.749999,0.000000,12.499952,90.000000,0
1250,52.762503,118.749999,0.000000,0.000000,0.000000,0
1260,52.762503,118.749999,0.000000,0.000000,0.000000,0
1270,52.762503,119.000000,0.000000,25.000048,90.000000,0
1280,52.762503,119.124999,0.000000,12.499952,90.000000,0
1290,52.762503,119.124999,0.000000,0.000000,0.000000,0
1300,52.762503,119.375000,0.000000,25.000048,90.000000,0
1310,52.762503,119.499999,0.000000,12.499952,90.000000,0
1320,52.762503,119.499999,0.000000,0.000000,0.000000,0
1330,52.875002,119.750000,0.000000,27.414613,65.772623,0
1340,52.875002,119.874999,0.000000,12.499952,90.000000,0
1350,52.875002,119.874999,0.000000,0.000000,0.000000,0
1360,53.100003,120.375000,0.000000,54.829438,65.772132,0
1370,53.100003,120.375000,0.000000,0.000000,0.000000,0
1380,53.325000,120.750000,0.000000,43.731963,59.036629,0
1390,54.000000,121.250000,0.000000,84.001460,36.528829,0
1400,54.000000,121.250000,0.000000,0.000000,0.000000,0
1410,54.562502,121.749999,0.000000,75.260063,41.633425,0
1420,54.562502,121.749999,0.000000,0.000000,0.000000,0
1430,55.350000,122.124999,0.000000,87.222620,25.463394,0
1440,55.687500,122.499999,0.000000,50.451090,48.012788,0
1450,55.687500,122.499999,0.000000,0.000000,0.000000,0
1460,55.800003,122.750000,0.000000,27.414825,65.771641,0
1470,55.800003,122.750000,0.000000,0.000000,0.000000,0
1480,56.025000,122.874999,0.000000,25.738752,29.054882,0
1490,56.362500,123.000000,0.000000,35.990483,20.323279,0
1500,56.362500,123.000000,0.000000,0.000000,0.000000,0
1510,56.700000,123.000000,0.000000,33.750000,0.000000,0
1520,56.700000,123.000000,0.000000,0.000000,0.000000,0
1530,57.037500,122.750000,0.000000,42.000772,-36.528908,0
1540,57.375000,122.000000,0.000000,82.243921,-65.772255,0
1550,57.375000,122.000000,0.000000,0.000000,0.000000,0
1560,57.375000,121.250000,0.000000,75.000000,-90.000000,0
1570,57.375000,121.250000,0.000000,0.000000,0.000000,0
1580,57.375000,120.375000,0.000000,87.499952,-90.000000,0
1590,57.262502,119.499999,0.000000,88.220323,-97.326288,0
1600,57.262502,119.499999,0.000000,0.000000,0.000000,0
1610,57.037500,118.625000,0.000000,90.346552,-104.420886,0
1620,57.037500,118.625000,0.000000,0.000000,0.000000,0
1630,56.475003,117.750000,0.000000,104.020505,-122.735081,0
1640,56.137503,117.500000,0.000000,42.000772,-143.471092,0
1650,56.137503,117.500000,0.000000,0.000000,0.000000,0
1660,55.687500,117.500000,0.000000,45.000343,180.000000,0
1670,55.687500,117.500000,0.000000,0.000000,0.000000,0
1680,55.350000,117.375000,0.000000,35.990434,-159.676934,0
1690,54.675000,116.874999,0.000000,84.001545,-143.471092,0
1700,54.675000,116.874999,0.000000,0.000000,0.000000,0
1710,54.112503,116.625000,0.000000,61.555009,-156.037462,0
1720,54.112503,116.625000,0.000000,0.000000,0.000000,0
1730,53.662500,116.375000,0.000000,51.478474,-150.945535,0
1740,53.437503,116.250000,0.000000,25.738752,-150.945118,0
1750,53.437503,116.250000,0.000000,0.000000,0.000000,0
1760,53.100003,116.000000,0.000000,42.000772,-143.471092,0
1770,53.100003,116.000000,0.000000,0.000000,0.000000,0
1780,52.762503,116.000000,0.000000,33.750000,180.000000,0
1790,52.312500,116.000000,0.000000,45.000343,180.000000,0
1800,52.312500,116.000000,0.000000,0.000000,0.000000,0
1810,52.087503,116.000000,0.000000,22.499657,180.000000,0
1820,52.087503,116.000000,0.000000,0.000000,0.000000,0
1830,51.862502,116.250000,0.000000,33.634210,131.987376,0
1840,51.637500,116.499999,0.000000,33.634104,131.987539,0
1850,51.637500,116.499999,0.000000,0.000000,0.000000,0
1860,51.637500,116.874999,0.000000,37.500000,90.000000,0
1870,51.637500,116.874999,0.000000,0.000000,0.000000,0
1880,51.525002,117.375000,0.000000,51.250055,102.680173,0
1890,51.525002,117.875000,0.000000,49.999952,90.000000,0
1900,51.525002,117.875000,0.000000,0.000000,0.000000,0
1910,51.637500,118.374999,0.000000,51.249916,77.319792,0
1920,51.637500,118.374999,0.000000,0.000000,0.000000,0
1930,51.750003,118.749999,0.000000,39.151248,73.300275,0
1940,52.087503,119.625000,0.000000,93.783416,68.907681,0
1950,52.087503,119.625000,0.000000,0.000000,0.000000,0
1960,52.650000,120.249999,0.000000,84.084850,48.012918,0
1970,52.650000,120.249999,0.000000,0.000000,0.000000,0
1980,53.325000,120.750000,0.000000,84.001545,36.528908,0
1990,54.112503,120.999999,0.000000,82.623313,17.612443,0
2000,54.112503,120.999999,0.000000,0.000000,0.000000,0
2010,54.112503,120.999999,0.000000,0.000000,0.000000,0
2020,54.112503,120.999999,0.000000,0.000000,0.000000,0
2030,54.112503,120.999999,0.000000,0.000000,0.000000,0
2040,54.225002,121.125000,0.000000,16.816986,48.013440,0
2050,54.225002,121.125000,0.000000,0.000000,0.000000,0
2060,53.887502,120.750000,0.000000,50.451090,-131.987212,0
2070,53.887502,120.750000,0.000000,0.000000,0.000000,0
2080,52.987500,119.750000,0.000000,134.536391,-131.987253,0
2090,51.525002,118.250000,0.000000,209.497046,-134.274742,0
2100,51.525002,118.250000,0.000000,0.000000,0.000000,0
2110,50.850002,117.750000,0.000000,84.001460,-143.471171,0
2120,50.850002,117.750000,0.000000,0.000000,0.000000,0
2130,50.400003,117.375000,0.000000,58.576741,-140.194321,0
2140,49.725003,117.249999,0.000000,68.647668,-169.508445,0
2150,49.725003,117.249999,0.000000,0.000000,0.000000,0
2160,49.612500,117.125000,0.000000,16.817224,-131.988191,0
2170,49.612500,117.125000,0.000000,0.000000,0.000000,0
2180,49.500002,117.125000,0.000000,11.249828,180.000000,0
2190,49.387503,117.125000,0.000000,11.249828,180.000000,0
2200,49.387503,117.125000,0.000000,0.000000,0.000000,0
2210,49.387503,117.125000,0.000000,0.000000,0.000000,0
2220,49.387503,117.125000,0.000000,0.000000,0.000000,0
2230,49.387503,117.125000,0.000000,0.000000,0.000000,0
2240,49.275000,117.249999,0.000000,16.817224,131.988191,0
2250,49.275000,117.249999,0.000000,0.000000,0.000000,0
2260,49.162502,117.249999,0.000000,11.249828,180.000000,0
2270,49.162502,117.249999,0.000000,0.000000,0.000000,0
2280,49.162502,117.249999,0.000000,0.000000,0.000000,0
2290,49.050003,117.249999,0.000000,11.249828,180.000000,0
2300,49.050003,117.249999,0.000000,0.000000,0.000000,0
2310,49.050003,117.249999,0.000000,0.000000,0.000000,0
2320,49.050003,117.249999,0.000000,0.000000,0.000000,0
2330,49.050003,117.249999,0.000000,0.000000,0.000000,0
2340,49.050003,117.249999,0.000000,0.000000,0.000000,0
2350,49.050003,117.249999,0.000000,0.000000,0.000000,0
2360,49.050003,117.249999,0.000000,0.000000,0.000000,0
2370,49.050003,117.249999,0.000000,0.000000,0.000000,0
2380,48.825002,117.375000,0.000000,25.739272,150.945396,0
2390,48.825002,117.375000,0.000000,0.000000,0.000000,0
2400,48.825002,117.375000,0.000000,0.000000,0.000000,0
2410,48.825002,117.500000,0.000000,12.499952,90.000000,0
2420,48.825002,117.500000,0.000000,0.000000,0.000000,0
2430,48.825002,117.500000,0.000000,0.000000,0.000000,0
2440,48.712503,117.500000,0.000000,11.249828,180.000000,0
2450,48.712503,117.500000,0.000000,0.000000,0.000000,0
2460,48.712503,117.500000,0.000000,0.000000,0.000000,0
2470,48.712503,117.500000,0.000000,0.000000,0.000000,0
2480,48.712503,117.500000,0.000000,0.000000,0.000000,0
2490,48.712503,117.500000,0.000000,0.000000,0.000000,0
2500,48.712503,117.500000,0.000000,0.000000,0.000000,0
2510,48.712503,117.500000,0.000000,0.000000,0.000000,0
2520,48.712503,117.500000,0.000000,0.000000,0.000000,0
2530,48.712503,117.500000,0.000000,0.000000,0.000000,0
2540,48.712503,117.500000,0.000000,0.000000,0.000000,0
2550,48.600000,117.375000,0.000000,16.817224,-131.988191,0
2560,48.487502,117.375000,0.000000,11.249828,180.000000,0
2570,48.487502,117.375000,0.000000,0.000000,0.000000,0
2580,48.487502,117.375000,0.000000,0.000000,0.000000,0
2590,48.487502,117.375000,0.000000,0.000000,0.000000,0
2600,48.487502,117.375000,0.000000,0.000000,0.000000,0
2610,48.487502,117.375000,0.000000,0.000000,0.000000,0
2620,48.487502,117.375000,0.000000,0.000000,0.000000,0
2630,48.487502,117.375000,0.000000,0.000000,0.000000,0
2640,48.487502,117.500000,0.000000,12.499952,90.000000,0
2650,48.487502,117.500000,0.000000,0.000000,0.000000,0
2660,48.487502,117.500000,0.000000,0.000000,0.000000,0
2670,48.487502,117.500000,0.000000,0.000000,0.000000,0
2680,48.487502,117.500000,0.000000,0.000000,0.000000,0
2690,48.487502,117.500000,0.000000,0.000000,0.000000,0
2700,48.487502,117.500000,0.000000,0.000000,0.000000,0
2710,48.487502,117.500000,0.000000,0.000000,0.000000,0
2720,48.487502,117.500000,0.000000,0.000000,0.000000,0
2730,48.487502,117.500000,0.000000,0.000000,0.000000,0
2740,48.487502,117.500000,0.000000,0.000000,0.000000,0
2750,48.487502,117.500000,0.000000,0.000000,0.000000,0
2760,48.487502,117.500000,0.000000,0.000000,0.000000,0
2770,48.487502,117.500000,0.000000,0.000000,0.000000,0
2780,48.487502,117.500000,0.000000,0.000000,0.000000,0
2790,48.487502,117.500000,0.000000,0.000000,0.000000,0
2800,48.487502,117.500000,0.000000,0.000000,0.000000,0
2810,48.487502,117.500000,0.000000,0.000000,0.000000,0
2820,48.487502,117.500000,0.000000,0.000000,0.000000,0
2830,48.487502,117.500000,0.000000,0.000000,0.000000,0
2840,48.487502,117.500000,0.000000,0.000000,0.000000,0
2850,48.487502,117.375000,0.000000,12.499952,-90.000000,0
2860,48.375003,117.375000,0.000000,11.249828,180.000000,0
2870,48.375003,117.375000,0.000000,0.000000,0.000000,0
2880,48.375003,117.375000,0.000000,0.000000,0.000000,0
2890,48.375003,117.375000,0.000000,0.000000,0.000000,0
2900,48.375003,117.375000,0.000000,0.000000,0.000000,0
2910,48.150002,117.249999,0.000000,25.739272,-150.945396,0
2920,48.150002,117.249999,0.000000,0.000000,0.000000,0
2930,48.037503,117.249999,0.000000,11.249828,180.000000,0
2940,48.037503,117.249999,0.000000,0.000000,0.000000,0
2950,48.037503,117.249999,0.000000,0.000000,0.000000,0
2960,48.037503,117.249999,0.000000,0.000000,0.000000,0
2970,48.037503,117.249999,0.000000,0.000000,0.000000,0
2980,48.037503,117.249999,0.000000,0.000000,0.000000,0
2990,48.037503,117.249999,0.000000,0.000000,0.000000,0
3000,48.037503,117.249999,0.000000,0.000000,0.000000,0
3010,48.037503,117.249999,0.000000,0.000000,0.000000,0
3020,48.150002,117.375000,0.000000,16.816986,48.013440,0
3030,48.150002,117.375000,0.000000,0.000000,0.000000,0
3040,48.150002,117.375000,0.000000,0.000000,0.000000,0
3050,48.150002,117.375000,0.000000,0.000000,0.000000,0
3060,48.262500,117.500000,0.000000,16.816880,48.013114,0
3070,48.262500,117.500000,0.000000,0.000000,0.000000,0
3080,48.262500,117.500000,0.000000,0.000000,0.000000,0
3090,48.262500,117.500000,0.000000,0.000000,0.000000,0
3100,48.262500,117.500000,0.000000,0.000000,0.000000,0
3110,48.262500,117.500000,0.000000,0.000000,0.000000,0
3120,48.262500,117.500000,0.000000,0.000000,0.000000,0
3130,48.262500,117.500000,0.000000,0.000000,0.000000,0
3140,48.150002,117.500000,0.000000,11.249828,180.000000,0
3150,48.150002,117.500000,0.000000,0.000000,0.000000,0
3160,48.037503,117.500000,0.000000,11.249828,180.000000,0
3170,48.037503,117.500000,0.000000,0.000000,0.000000,0
3180,48.037503,117.500000,0.000000,0.000000,0.000000,0
3190,48.037503,117.500000,0.000000,0.000000,0.000000,0
3200,47.812502,117.500000,0.000000,22.500172,180.000000,0
3210,47.812502,117.500000,0.000000,0.000000,0.000000,0
3220,47.700003,117.500000,0.000000,11.249828,180.000000,0
3230,47.700003,117.500000,0.000000,0.000000,0.000000,0
3240,47.700003,117.500000,0.000000,0.000000,0.000000,0
3250,47.700003,117.500000,0.000000,0.000000,0.000000,0
3260,47.700003,117.500000,0.000000,0.000000,0.000000,0
3270,47.587500,117.500000,0.082031,11.250343,180.000000,1
3280,47.587500,117.500000,0.082031,0.000000,0.000000,1
3290,47.587500,117.500000,0.082031,0.000000,0.000000,1
3300,47.587500,117.500000,0.082031,0.000000,0.000000,1
3310,47.587500,117.500000,0.082031,0.000000,0.000000,1
3320,47.587500,117.500000,0.082031,0.000000,0.000000,1
3330,47.587500,117.500000,0.082031,0.000000,0.000000,1
3340,47.587500,117.500000,0.082031,0.000000,0.000000,1
3350,47.587500,117.500000,0.082031,0.000000,0.000000,1
3360,47.587500,117.375000,0.261719,12.499952,-90.000000,1
3370,47.587500,117.375000,0.261719,0.000000,0.000000,1
3380,47.812502,117.249999,0.325195,25.739272,-29.054604,1
3390,48.037503,117.125000,0.343750,25.739202,-29.054326,1
3400,48.037503,117.125000,0.343750,0.000000,0.000000,1
3410,48.375003,117.000000,0.347656,35.990434,-20.323066,1
3420,48.375003,117.000000,0.347656,0.000000,0.000000,1
3430,48.712503,116.750000,0.352539,42.000772,-36.528908,1
3440,49.500002,116.625000,0.399414,79.735715,-9.019308,1
3450,49.500002,116.625000,0.399414,0.000000,0.000000,1
3460,50.062503,116.499999,0.407227,57.622341,-12.528863,1
3470,50.062503,116.499999,0.407227,0.000000,0.000000,1
3480,50.737503,116.375000,0.458008,68.647642,-10.491438,1
3490,51.637500,116.250000,0.482422,90.863563,-7.907163,1
3500,51.637500,116.250000,0.482422,0.000000,0.000000,1
3510,52.537502,116.250000,0.492188,90.000172,0.000000,1
3520,52.537502,116.250000,0.492188,0.000000,0.000000,1
3530,54.225002,116.250000,0.495117,168.750000,0.000000,1
3540,55.687500,116.124999,0.510742,146.783053,-4.885245,1
3550,55.687500,116.124999,0.510742,0.000000,0.000000,1
3560,57.150003,116.124999,0.541016,146.250343,0.000000,1
3570,57.150003,116.124999,0.541016,0.000000,0.000000,1
3580,58.162503,116.124999,0.550781,101.250000,0.000000,1
3590,59.175003,116.124999,0.553711,101.250000,0.000000,1
3600,59.175003,116.124999,0.553711,0.000000,0.000000,1
3610,59.850003,116.124999,0.555664,67.500000,0.000000,1
3620,59.850003,116.124999,0.555664,0.000000,0.000000,1
3630,60.637502,116.124999,0.555664,78.749828,0.000000,1
3640,61.312502,116.124999,0.555664,67.500000,0.000000,1
3650,61.312502,116.124999,0.555664,0.000000,0.000000,1
3660,61.875003,116.124999,0.555664,56.250172,0.000000,1
3670,61.875003,116.124999,0.555664,0.000000,0.000000,1
3680,62.550003,116.000000,0.552734,68.647642,-10.491438,1
3690,62.887503,116.000000,0.557617,33.750000,0.000000,1
3700,62.887503,116.000000,0.557617,0.000000,0.000000,1
3710,63.225003,116.000000,0.557617,33.750000,0.000000,1
3720,63.225003,116.000000,0.557617,0.000000,0.000000,1
3730,63.450000,116.000000,0.559570,22.499657,0.000000,1
3740,63.675002,116.000000,0.560547,22.500172,0.000000,1
3750,63.675002,116.000000,0.560547,0.000000,0.000000,1
3760,63.900003,116.000000,0.561523,22.500172,0.000000,1
3770,63.900003,116.000000,0.561523,0.000000,0.000000,1
3780,64.125000,116.000000,0.561523,22.499657,0.000000,1
3790,64.462500,116.000000,0.564453,33.750000,0.000000,1
3800,64.462500,116.000000,0.564453,0.000000,0.000000,1
3810,64.575003,116.000000,0.564453,11.250343,0.000000,1
3820,64.575003,116.000000,0.564453,0.000000,0.000000,1
3830,64.800000,116.000000,0.564453,22.499657,0.000000,1
3840,64.800000,116.000000,0.564453,0.000000,0.000000,1
3850,64.800000,116.000000,0.564453,0.000000,0.000000,1
3860,64.800000,116.000000,0.564453,0.000000,0.000000,1
3870,64.800000,116.000000,0.564453,0.000000,0.000000,1
3880,64.800000,116.000000,0.564453,0.000000,0.000000,1
3890,64.800000,116.000000,0.564453,0.000000,0.000000,1
3900,64.800000,116.000000,0.564453,0.000000,0.000000,1
3910,64.800000,116.000000,0.564453,0.000000,0.000000,1
3920,64.800000,116.000000,0.564453,0.000000,0.000000,1
3930,64.912503,116.000000,0.561523,11.250343,0.000000,1
3940,65.025002,116.000000,0.559570,11.249828,0.000000,1
3950,65.025002,116.000000,0.559570,0.000000,0.000000,1
3960,65.025002,116.000000,0.559570,0.000000,0.000000,1
3970,65.025002,116.000000,0.559570,0.000000,0.000000,1
3980,65.137500,116.000000,0.562500,11.249828,0.000000,1
3990,65.137500,115.875000,0.562500,12.499952,-90.000000,1
4000,65.137500,115.875000,0.562500,0.000000,0.000000,1
4010,65.137500,115.875000,0.562500,0.000000,0.000000,1
4020,65.137500,115.875000,0.562500,0.000000,0.000000,1
4030,65.250003,115.875000,0.565430,11.250343,0.000000,1
4040,65.250003,115.749999,0.567383,12.500095,-90.000000,1
4050,65.250003,115.749999,0.567383,0.000000,0.000000,1
4060,65.250003,115.625000,0.574219,12.499952,-90.000000,1
4070,65.250003,115.625000,0.574219,0.000000,0.000000,1
4080,65.250003,115.374999,0.579102,25.000048,-90.000000,1
4090,65.137500,114.875000,0.583008,51.250029,-102.680770,1
4100,65.137500,114.875000,0.583008,0.000000,0.000000,1
4110,64.912503,114.375000,0.588867,54.829096,-114.227439,1
4120,64.912503,114.375000,0.588867,0.000000,0.000000,1
4130,64.687502,113.874999,0.605469,54.829438,-114.227868,1
4140,64.012502,112.749999,0.615234,131.196418,-120.963757,1
4150,64.012502,112.749999,0.615234,0.000000,0.000000,1
4160,63.337502,111.750000,0.621094,120.649206,-124.019375,1
4170,63.337502,111.750000,0.621094,0.000000,0.000000,1
4180,62.550003,110.374998,0.621094,158.454529,-119.800856,1
4190,61.425000,108.624999,0.631836,208.041568,-122.735320,1
4200,61.425000,108.624999,0.631836,0.000000,0.000000,1
4210,60.637502,107.499999,0.631836,137.323652,-124.991962,1
4220,59.850003,106.374999,0.629883,137.323652,-124.991962,1
4230,59.850003,106.374999,0.629883,0.000000,0.000000,1
4240,59.287502,105.499998,0.629883,104.020904,-122.735277,1
4250,59.287502,105.499998,0.629883,0.000000,0.000000,1
4260,58.837503,105.000000,0.629883,67.267864,-131.987212,1
4270,58.837503,105.000000,0.629883,0.000000,0.000000,1
4280,58.387500,104.374998,0.629883,77.014964,-125.754012,1
4290,57.712500,103.500000,0.629883,110.510030,-127.647681,1
4300,57.712500,103.500000,0.629883,0.000000,0.000000,1
4310,57.262502,102.999999,0.631836,67.268076,-131.987049,1
4320,57.262502,102.999999,0.631836,0.000000,0.000000,1
4330,56.925002,102.499998,0.635742,60.324722,-124.019299,1
4340,56.362500,102.000000,0.640625,75.259968,-138.366656,1
4350,56.362500,102.000000,0.640625,0.000000,0.000000,1
4360,56.137503,101.749998,0.640625,33.633972,-131.986560,1
4370,56.137503,101.749998,0.640625,0.000000,0.000000,1
4380,56.025000,101.625000,0.653320,16.817118,-131.988517,1
4390,56.025000,101.625000,0.653320,0.000000,0.000000,1
4400,56.025000,101.625000,0.653320,0.000000,0.000000,1
4410,56.025000,101.625000,0.653320,0.000000,0.000000,1
4420,56.025000,101.625000,0.653320,0.000000,0.000000,1
4430,56.025000,101.625000,0.653320,0.000000,0.000000,1
4440,56.025000,101.625000,0.653320,0.000000,0.000000,1
4450,56.025000,101.625000,0.653320,0.000000,0.000000,1
4460,56.025000,101.625000,0.653320,0.000000,0.000000,1
4470,56.025000,101.625000,0.653320,0.000000,0.000000,1
4480,56.025000,101.749998,0.643555,12.499809,90.000000,1
4490,56.025000,101.874999,0.000000,12.500095,90.000000,0
4500,56.025000,101.874999,0.000000,0.000000,0.000000,0
4510,55.800003,102.249999,0.000000,43.731963,120.963371,0
4520,55.800003,102.249999,0.000000,0.000000,0.000000,0
4530,55.687500,102.499998,0.000000,27.414694,114.228481,0
4540,55.575002,103.125000,0.000000,63.504586,100.203791,0
4550,55.575002,103.125000,0.000000,0.000000,0.000000,0
4560,55.462503,103.374999,0.000000,27.414483,114.227500,0
4570,55.462503,103.374999,0.000000,0.000000,0.000000,0
4580,55.237502,103.374999,0.000000,22.500172,180.000000,0
4590,55.125003,103.374999,0.000000,11.249828,180.000000,0
4600,55.125003,103.374999,0.000000,0.000000,0.000000,0
4610,54.675000,103.624998,0.000000,51.478405,150.945674,0
4620,54.675000,103.624998,0.000000,0.000000,0.000000,0
4630,54.112503,102.999999,0.000000,84.084850,-131.987082,0
4640,53.325000,102.000000,0.000000,127.285496,-128.220580,0
4650,53.325000,102.000000,0.000000,0.000000,0.000000,0
4660,51.750003,100.875000,0.000000,193.552039,-144.462263,0
4670,51.750003,100.875000,0.000000,0.000000,0.000000,0
4680,51.187502,100.374999,0.000000,75.260158,-138.366493,0
4690,50.625000,99.874998,0.000000,75.260158,-138.366493,0
4700,50.625000,99.874998,0.000000,0.000000,0.000000,0
4710,50.062503,99.499998,0.000000,67.603801,-146.309771,0
4720,50.062503,99.499998,0.000000,0.000000,0.000000,0
4730,49.612500,99.375000,0.000000,46.704134,-164.476227,0
4740,48.937500,99.124998,0.000000,71.980966,-159.676721,0
4750,48.937500,99.124998,0.000000,0.000000,0.000000,0
4760,48.487502,99.000000,0.000000,46.703638,-164.476058,0
4770,48.487502,99.000000,0.000000,0.000000,0.000000,0
4780,48.150002,99.000000,0.000000,33.750000,180.000000,0
4790,47.812502,98.874999,0.000000,35.990483,-159.676721,0
4800,47.812502,98.874999,0.000000,0.000000,0.000000,0
4810,47.362503,98.625000,0.000000,51.477954,-150.945396,0
4820,47.362503,98.625000,0.000000,0.000000,0.000000,0
4830,47.025003,98.499999,0.000000,35.990483,-159.676721,0
4840,46.800002,98.499999,0.000000,22.500172,180.000000,0
4850,46.800002,98.499999,0.000000,0.000000,0.000000,0
4860,46.687503,98.374998,0.000000,16.816986,-131.986560,0
4870,46.687503,98.374998,0.000000,0.000000,0.000000,0
4880,46.350003,98.374998,0.000000,33.750000,180.000000,0
4890,46.125002,98.374998,0.000000,22.500172,180.000000,0
4900,46.125002,98.374998,0.000000,0.000000,0.000000,0
4910,46.012503,98.250000,0.000000,16.816773,-131.987212,0
4920,46.012503,98.250000,0.000000,0.000000,0.000000,0
4930,46.012503,98.250000,0.000000,0.000000,0.000000,0
4940,45.900000,98.250000,0.201172,11.250343,180.000000,1
4950,45.900000,98.250000,0.201172,0.000000,0.000000,1
4960,45.900000,98.250000,0.201172,0.000000,0.000000,1
4970,45.900000,98.250000,0.201172,0.000000,0.000000,1
4980,45.900000,98.250000,0.201172,0.000000,0.000000,1
4990,45.900000,98.250000,0.201172,0.000000,0.000000,1
5000,45.900000,98.250000,0.201172,0.000000,0.000000,1
5010,46.012503,98.250000,0.370117,11.250343,0.000000,1
5020,46.237500,98.374998,0.391602,25.738683,29.054604,1
5030,46.237500,98.374998,0.391602,0.000000,0.000000,1
5040,46.687503,98.499999,0.412109,46.704211,15.524111,1
5050,46.687503,98.499999,0.412109,0.000000,0.000000,1
5060,48.150002,98.874999,0.480469,150.981000,14.381411,1
5070,49.612500,99.499998,0.508789,159.044806,23.139454,1
5080,49.612500,99.499998,0.508789,0.000000,0.000000,1
5090,50.962500,99.999999,0.527344,143.961834,20.323172,1
5100,50.962500,99.999999,0.527344,0.000000,0.000000,1
5110,52.762503,100.500000,0.543945,186.815773,15.524111,1
5120,52.762503,100.500000,0.543945,0.000000,0.000000,1
5130,53.887502,100.749999,0.544922,115.244117,12.528780,1
5140,54.787503,100.999998,0.545898,93.407848,15.524026,1
5150,54.787503,100.999998,0.545898,0.000000,0.000000,1
5160,55.350000,101.124999,0.545898,57.621838,12.528974,1
5170,55.350000,101.124999,0.545898,0.000000,0.000000,1
5180,56.137503,101.250000,0.545898,79.736246,9.019351,1
5190,56.812503,101.250000,0.545898,67.500000,0.000000,1
5200,56.812503,101.250000,0.545898,0.000000,0.000000,1
5210,57.487503,101.250000,0.545898,67.500000,0.000000,1
5220,57.712500,101.250000,0.545898,22.499657,0.000000,1
5230,57.712500,101.250000,0.545898,0.000000,0.000000,1
5240,57.825003,101.124999,0.550781,16.817331,-48.012135,1
5250,57.825003,101.124999,0.550781,0.000000,0.000000,1
5260,57.825003,101.124999,0.550781,0.000000,0.000000,1
5270,57.825003,101.124999,0.550781,0.000000,0.000000,1
5280,57.825003,101.124999,0.550781,0.000000,0.000000,1
5290,57.825003,101.124999,0.550781,0.000000,0.000000,1
5300,57.825003,101.124999,0.550781,0.000000,0.000000,1
5310,57.712500,100.875000,0.547852,27.414694,-114.228481,1
5320,57.262502,100.624998,0.000000,51.478093,-150.945118,0
5330,57.262502,100.624998,0.000000,0.000000,0.000000,0
5340,56.025000,100.125000,0.000000,133.469419,-157.999405,0
5350,56.025000,100.125000,0.000000,0.000000,0.000000,0
5360,55.575002,100.125000,0.000000,44.999828,180.000000,0
5370,55.462503,100.249998,0.000000,16.816773,131.987212,0
5380,55.462503,100.249998,0.000000,0.000000,0.000000,0
5390,55.350000,100.500000,0.000000,27.414955,114.228236,0
5400,55.350000,100.500000,0.000000,0.000000,0.000000,0
5410,55.237502,101.250000,0.000000,75.839031,98.530637,0
5420,55.237502,101.250000,0.000000,0.000000,0.000000,0
5430,55.237502,102.499998,0.000000,124.999809,90.000000,0
5440,55.237502,102.750000,0.000000,25.000191,90.000000,0
5450,55.237502,102.750000,0.000000,0.000000,0.000000,0
5460,55.237502,102.750000,0.000000,0.000000,0.000000,0
5470,55.237502,102.750000,0.000000,0.000000,0.000000,0
5480,55.237502,102.750000,0.000000,0.000000,0.000000,0
5490,55.350000,102.874998,0.000000,16.816773,48.012788,0
5500,55.350000,102.874998,0.000000,0.000000,0.000000,0
5510,55.350000,102.999999,0.000000,12.500095,90.000000,0
5520,55.350000,102.999999,0.000000,0.000000,0.000000,0
5530,55.462503,102.750000,0.000000,27.414694,-65.771519,0
5540,55.237502,102.124998,0.000000,66.426889,-109.798960,0
5550,55.237502,102.124998,0.000000,0.000000,0.000000,0
5560,54.675000,100.374999,0.000000,183.817976,-107.818949,0
5570,52.875002,96.874998,0.000000,393.573379,-117.216083,0
5580,52.875002,96.874998,0.000000,0.000000,0.000000,0
5590,51.750003,95.250000,0.000000,197.642099,-124.695144,0
5600,51.750003,95.250000,0.000000,0.000000,0.000000,0
5610,50.850002,93.874998,0.000000,164.336038,-123.206584,0
5620,50.850002,93.874998,0.000000,0.000000,0.000000,0
5630,50.400003,92.874999,0.000000,109.658404,-114.227684,0
5640,50.062503,92.374998,0.000000,60.324722,-124.019299,0
5650,50.062503,92.374998,0.000000,0.000000,0.000000,0
5660,49.500002,91.749999,0.000000,84.085194,-131.987343,0
5670,49.050003,91.500000,0.000000,51.477954,-150.945396,0
5680,49.050003,91.500000,0.000000,0.000000,0.000000,0
5690,48.600000,91.374999,0.000000,46.704211,-164.475889,0
5700,48.600000,91.374999,0.000000,0.000000,0.000000,0
5710,48.375003,91.249998,0.000000,25.738822,-150.944839,0
5720,47.700003,91.125000,0.000000,68.647616,-169.508680,0
5730,47.700003,91.125000,0.000000,0.000000,0.000000,0
5740,47.475002,91.125000,0.000000,22.500172,180.000000,0
5750,47.475002,91.125000,0.000000,0.000000,0.000000,0
5760,47.362503,91.125000,0.000000,11.249828,180.000000,0
5770,47.362503,91.125000,0.000000,0.000000,0.000000,0
5780,47.137502,91.125000,0.000000,22.500172,180.000000,0
5790,47.025003,91.125000,0.000000,11.249828,180.000000,0
5800,47.025003,91.125000,0.000000,0.000000,0.000000,0
5810,46.687503,90.874998,0.000000,42.000858,-143.470936,0
5820,46.687503,90.874998,0.000000,0.000000,0.000000,0
5830,46.462502,90.750000,0.000000,25.739133,-150.945953,0
5840,46.350003,90.750000,0.000000,11.249828,180.000000,0
5850,46.350003,90.750000,0.000000,0.000000,0.000000,0
5860,46.125002,90.624999,0.000000,25.739272,-150.945396,0
5870,46.125002,90.624999,0.000000,0.000000,0.000000,0
5880,46.012503,90.624999,0.000000,11.249828,180.000000,0
5890,46.012503,90.624999,0.000000,0.000000,0.000000,0
5900,46.012503,90.624999,0.000000,0.000000,0.000000,0
5910,45.787502,90.750000,0.000000,25.739272,150.945396,0
5920,45.675003,90.750000,0.000000,11.249828,180.000000,0
5930,45.675003,90.750000,0.000000,0.000000,0.000000,0
5940,45.675003,90.750000,0.000000,0.000000,0.000000,0
5950,45.675003,90.750000,0.000000,0.000000,0.000000,0
5960,45.450002,90.624999,0.000000,25.739272,-150.945396,0
5970,45.450002,90.624999,0.000000,0.000000,0.000000,0
5980,45.337503,90.624999,0.000000,11.249828,180.000000,0
5990,45.337503,90.624999,0.000000,0.000000,0.000000,0
6000,45.337503,90.624999,0.208984,0.000000,0.000000,1
6010,45.337503,90.624999,0.208984,0.000000,0.000000,1
6020,45.337503,90.624999,0.208984,0.000000,0.000000,1
6030,45.337503,90.624999,0.208984,0.000000,0.000000,1
6040,45.337503,90.624999,0.208984,0.000000,0.000000,1
6050,45.337503,90.624999,0.208984,0.000000,0.000000,1
6060,45.562500,90.624999,0.362305,22.499657,0.000000,1
6070,45.562500,90.624999,0.362305,0.000000,0.000000,1
6080,46.012503,90.624999,0.394531,45.000343,0.000000,1
6090,46.575000,90.499998,0.438477,57.621838,-12.528974,1
6100,46.575000,90.499998,0.438477,0.000000,0.000000,1
6110,48.150002,90.750000,0.517578,159.471984,9.019380,1
6120,49.725003,91.125000,0.541992,161.902916,13.392484,1
6130,49.725003,91.125000,0.541992,0.000000,0.000000,1
6140,51.300000,91.500000,0.559570,161.902415,13.392526,1
6150,51.300000,91.500000,0.559570,0.000000,0.000000,1
6160,52.537502,91.875000,0.564453,129.307212,16.858377,1
6170,54.112503,92.374998,0.573242,165.246135,17.612497,1
6180,54.112503,92.374998,0.573242,0.000000,0.000000,1
6190,54.787503,92.625000,0.575195,71.980966,20.323279,1
6200,54.787503,92.625000,0.575195,0.000000,0.000000,1
6210,55.350000,92.749998,0.573242,57.621776,12.528697,1
6220,55.350000,92.749998,0.573242,0.000000,0.000000,1
6230,56.025000,92.874999,0.572266,68.647668,10.491555,1
6240,56.362500,93.000000,0.572266,35.990483,20.323279,1
6250,56.362500,93.000000,0.572266,0.000000,0.000000,1
6260,56.587502,93.124998,0.573242,25.739133,29.054047,1
6270,56.587502,93.124998,0.573242,0.000000,0.000000,1
6280,56.587502,93.124998,0.573242,0.000000,0.000000,1
6290,56.587502,93.124998,0.573242,0.000000,0.000000,1
6300,56.587502,93.124998,0.573242,0.000000,0.000000,1
6310,56.587502,93.124998,0.573242,0.000000,0.000000,1
6320,56.475003,93.249999,0.000000,16.816986,131.986560,0
6330,56.475003,93.249999,0.000000,0.000000,0.000000,0
6340,56.137503,93.499998,0.000000,42.000687,143.471249,0
6350,56.137503,93.499998,0.000000,0.000000,0.000000,0
6360,56.137503,93.624999,0.000000,12.500095,90.000000,0
6370,56.137503,93.624999,0.000000,0.000000,0.000000,0
6380,56.025000,94.125000,0.000000,51.250168,102.680735,0
6390,55.912502,94.249998,0.000000,16.816773,131.987212,0
6400,55.912502,94.249998,0.000000,0.000000,0.000000,0
6410,55.800003,94.374999,0.000000,16.816986,131.986560,0
6420,55.800003,94.374999,0.000000,0.000000,0.000000,0
6430,55.575002,94.500000,0.000000,25.739272,150.945396,0
6440,55.350000,94.624998,0.000000,25.739133,150.945953,0
6450,55.350000,94.624998,0.000000,0.000000,0.000000,0
6460,55.125003,94.624998,0.000000,22.499657,180.000000,0
6470,54.675000,94.624998,0.000000,45.000343,180.000000,0
6480,54.675000,94.624998,0.000000,0.000000,0.000000,0
6490,53.550002,94.500000,0.000000,113.192123,-173.659895,0
6500,53.550002,94.500000,0.000000,0.000000,0.000000,0
6510,52.200002,93.750000,0.000000,154.434452,-150.945396,0
6520,51.187502,92.625000,0.000000,151.353271,-131.987212,0
6530,51.187502,92.625000,0.000000,0.000000,0.000000,0
6540,50.737503,91.374999,0.000000,132.853334,-109.798793,0
6550,50.737503,91.374999,0.000000,0.000000,0.000000,0
6560,49.500002,90.124998,0.000000,175.895221,-134.712102,0
6570,46.912500,87.999999,0.000000,334.825120,-140.605274,0
6580,46.912500,87.999999,0.000000,0.000000,0.000000,0
6590,45.112502,86.499996,0.000000,234.307542,-140.194348,0
6600,45.112502,86.499996,0.000000,0.000000,0.000000,0
6610,44.437502,85.999998,0.000000,84.001375,-143.471249,0
6620,44.437502,85.999998,0.000000,0.000000,0.000000,0
6630,44.887500,86.250000,0.000000,51.478093,29.054882,0
6640,44.775002,86.250000,0.000000,11.249828,180.000000,0
6650,44.775002,86.250000,0.000000,0.000000,0.000000,0
6660,43.875000,85.749996,0.000000,102.956637,-150.945257,0
6670,43.200000,84.750000,0.000000,120.648969,-124.019451,0
6680,43.200000,84.750000,0.000000,0.000000,0.000000,0
6690,42.637501,84.124998,0.000000,84.085235,-131.987082,0
6700,42.637501,84.124998,0.000000,0.000000,0.000000,0
6710,42.300001,83.374998,0.000000,82.243921,-114.227745,0
6720,41.850000,81.624996,0.000000,180.693316,-104.420784,0
6730,41.850000,81.624996,0.000000,0.000000,0.000000,0
6740,41.625001,80.374998,0.000000,127.008655,-100.203951,0
6750,41.625001,80.374998,0.000000,0.000000,0.000000,0
6760,41.625001,79.875000,0.000000,49.999809,-90.000000,0
6770,41.625001,79.500000,0.000000,37.500000,-90.000000,0
6780,41.625001,79.500000,0.000000,0.000000,0.000000,0
6790,41.625001,79.249998,0.000000,25.000191,-90.000000,0
6800,41.625001,79.249998,0.000000,0.000000,0.000000,0
6810,41.625001,79.125000,0.000000,12.499809,-90.000000,0
6820,41.175000,78.750000,0.000000,58.576939,-140.194483,0
6830,41.175000,78.750000,0.000000,0.000000,0.000000,0
6840,40.725002,78.624996,0.000000,46.703791,-164.475382,0
6850,40.725002,78.624996,0.000000,0.000000,0.000000,0
6860,40.275001,78.499998,0.000000,46.703886,-164.476143,0
6870,39.712502,78.499998,0.000000,56.249914,180.000000,0
6880,39.712502,78.499998,0.000000,0.000000,0.000000,0
6890,39.262501,78.499998,0.000000,45.000086,180.000000,0
6900,39.262501,78.499998,0.000000,0.000000,0.000000,0
6910,38.700002,78.499998,0.000000,56.249914,180.000000,0
6920,38.362502,78.499998,0.000000,33.750000,180.000000,0
6930,38.362502,78.499998,0.000000,0.000000,0.000000,0
6940,37.912501,78.499998,0.000000,45.000086,180.000000,0
6950,37.912501,78.499998,0.000000,0.000000,0.000000,0
6960,37.912501,78.624996,0.000000,12.499809,90.000000,0
6970,37.912501,78.624996,0.000000,0.000000,0.000000,0
6980,37.912501,78.624996,0.000000,0.000000,0.000000,0
6990,37.687502,78.750000,0.000000,25.739186,150.944561,0
7000,37.687502,78.750000,0.000000,0.000000,0.000000,0
7010,37.687502,78.750000,0.000000,0.000000,0.000000,0
7020,37.687502,78.750000,0.000000,0.000000,0.000000,0
7030,37.687502,78.750000,0.000000,0.000000,0.000000,0
7040,37.687502,78.750000,0.000000,0.000000,0.000000,0
7050,37.575001,78.750000,0.000000,11.250086,180.000000,0
7060,37.575001,78.750000,0.000000,0.000000,0.000000,0
7070,37.575001,78.750000,0.000000,0.000000,0.000000,0
7080,37.575001,78.750000,0.000000,0.000000,0.000000,0
7090,37.575001,78.874998,0.000000,12.499809,90.000000,0
7100,37.575001,78.874998,0.000000,0.000000,0.000000,0
7110,37.575001,78.874998,0.000000,0.000000,0.000000,0
7120,37.462500,78.999996,0.000000,16.816946,131.987865,0
7130,37.462500,78.999996,0.000000,0.000000,0.000000,0
7140,37.350002,79.125000,0.000000,16.817199,131.985908,0
7150,37.350002,79.249998,0.000000,12.499809,90.000000,0
7160,37.350002,79.249998,0.000000,0.000000,0.000000,0
7170,37.350002,79.374996,0.000000,12.499809,90.000000,0
7180,37.350002,79.374996,0.000000,0.000000,0.000000,0
7190,37.350002,79.374996,0.000000,0.000000,0.000000,0
7200,37.350002,79.374996,0.000000,0.000000,0.000000,0
7210,37.350002,79.624998,0.000000,25.000191,90.000000,0
7220,37.350002,79.624998,0.000000,0.000000,0.000000,0
7230,37.350002,79.749996,0.000000,12.499809,90.000000,0
7240,37.350002,79.749996,0.000000,0.000000,0.000000,0
7250,37.350002,79.749996,0.000000,0.000000,0.000000,0
7260,37.350002,79.749996,0.000000,0.000000,0.000000,0
7270,37.350002,79.749996,0.000000,0.000000,0.000000,0
7280,37.350002,79.749996,0.000000,0.000000,0.000000,0
7290,37.350002,79.749996,0.000000,0.000000,0.000000,0
7300,37.350002,79.749996,0.000000,0.000000,0.000000,0
7310,37.350002,79.749996,0.000000,0.000000,0.000000,0
7320,37.350002,79.749996,0.000000,0.000000,0.000000,0
7330,37.350002,79.749996,0.000000,0.000000,0.000000,0
7340,37.350002,79.624998,0.000000,12.499809,-90.000000,0
7350,37.350002,79.624998,0.000000,0.000000,0.000000,0
7360,37.350002,79.624998,0.000000,0.000000,0.000000,0
7370,37.237501,79.500000,0.000000,16.816946,-131.987865,0
7380,37.237501,79.500000,0.178711,0.000000,0.000000,1
7390,37.237501,79.500000,0.178711,0.000000,0.000000,1
7400,37.237501,79.500000,0.178711,0.000000,0.000000,1
7410,37.237501,79.500000,0.178711,0.000000,0.000000,1
7420,37.237501,79.500000,0.178711,0.000000,0.000000,1
7430,37.237501,79.500000,0.178711,0.000000,0.000000,1
7440,37.012502,79.500000,0.327148,22.499914,180.000000,1
7450,37.012502,79.500000,0.327148,0.000000,0.000000,1
7460,36.787500,79.500000,0.324219,22.500172,180.000000,1
7470,36.562501,79.374996,0.324219,25.739186,-150.944561,1
7480,36.562501,79.374996,0.324219,0.000000,0.000000,1
7490,36.337502,79.249998,0.336914,25.738908,-150.945674,1
7500,36.337502,79.249998,0.336914,0.000000,0.000000,1
7510,36.112500,79.125000,0.336914,25.739133,-150.945953,1
7520,36.112500,79.125000,0.336914,0.000000,0.000000,1
7530,36.000002,78.999996,0.336914,16.817199,-131.985908,1
7540,35.887501,78.874998,0.348633,16.816946,-131.987865,1
7550,35.887501,78.874998,0.348633,0.000000,0.000000,1
7560,35.662502,78.750000,0.369141,25.738908,-150.945674,1
7570,35.550001,78.624996,0.388672,16.817371,-131.986560,1
7580,35.550001,78.624996,0.388672,0.000000,0.000000,1
7590,35.437500,78.624996,0.469727,11.250086,180.000000,1
7600,35.437500,78.624996,0.469727,0.000000,0.000000,1
7610,35.437500,78.624996,0.469727,0.000000,0.000000,1
7620,35.437500,78.624996,0.469727,0.000000,0.000000,1
7630,35.437500,78.624996,0.469727,0.000000,0.000000,1
7640,35.437500,78.624996,0.469727,0.000000,0.000000,1
7650,35.437500,78.624996,0.469727,0.000000,0.000000,1
7660,35.437500,78.624996,0.469727,0.000000,0.000000,1
7670,35.437500,78.624996,0.469727,0.000000,0.000000,1
7680,35.437500,78.624996,0.469727,0.000000,0.000000,1
7690,35.662502,78.624996,0.535156,22.500172,0.000000,1
7700,35.662502,78.624996,0.535156,0.000000,0.000000,1
7710,36.112500,78.624996,0.541016,44.999828,0.000000,1
7720,36.562501,78.624996,0.551758,45.000086,0.000000,1
7730,36.562501,78.624996,0.551758,0.000000,0.000000,1
7740,37.125000,78.750000,0.569336,57.622152,12.529196,1
7750,37.125000,78.750000,0.569336,0.000000,0.000000,1
7760,37.912501,78.999996,0.583984,82.622981,17.612308,1
7770,39.487500,79.374996,0.629883,161.902665,13.392505,1
7780,39.487500,79.374996,0.629883,0.000000,0.000000,1
7790,40.950001,79.875000,0.641602,154.561075,18.874673,1
7800,40.950001,79.875000,0.641602,0.000000,0.000000,1
7810,42.075002,80.250000,0.644531,118.585494,18.434936,1
7820,43.312503,80.749998,0.644531,133.469419,22.000595,1
7830,43.312503,80.749998,0.644531,0.000000,0.000000,1
7840,44.550000,81.124998,0.652344,129.306719,16.858443,1
7850,44.550000,81.124998,0.652344,0.000000,0.000000,1
7860,45.562500,81.375000,0.664063,104.290805,13.869788,1
7870,46.237500,81.624996,0.668945,71.980768,20.322852,1
7880,46.237500,81.624996,0.668945,0.000000,0.000000,1
7890,47.137502,81.874998,0.683594,93.407925,15.524196,1
7900,47.137502,81.874998,0.683594,0.000000,0.000000,1
7910,48.150002,82.125000,0.700195,104.290805,13.869788,1
7920,48.150002,82.125000,0.700195,0.000000,0.000000,1
7930,49.500002,82.500000,0.700195,140.111563,15.524111,1
7940,50.625000,82.875000,0.711914,118.585249,18.434975,1
7950,50.625000,82.875000,0.711914,0.000000,0.000000,1
7960,52.087503,83.374998,0.728516,154.561133,18.874442,1
7970,53.100003,83.749998,0.737305,107.971350,20.323137,1
7980,53.100003,83.749998,0.737305,0.000000,0.000000,1
7990,53.662500,84.000000,0.744141,61.555125,23.962781,1
8000,53.662500,84.000000,0.744141,0.000000,0.000000,1
8010,54.787503,84.375000,0.742188,118.585738,18.434896,1
8020,55.575002,84.624996,0.738281,82.622735,17.612362,1
8030,55.575002,84.624996,0.738281,0.000000,0.000000,1
8040,56.362500,84.750000,0.739258,79.735782,9.019612,1
8050,56.362500,84.750000,0.739258,0.000000,0.000000,1
8060,57.150003,84.999996,0.739258,82.623226,17.612254,1
8070,58.162503,85.374996,0.740234,107.971350,20.323137,1
8080,58.162503,85.374996,0.740234,0.000000,0.000000,1
8090,58.725000,85.624998,0.740234,61.555125,23.962781,1
8100,58.725000,85.624998,0.740234,0.000000,0.000000,1
8110,59.175003,85.875000,0.741211,51.478543,29.054604,1
8120,59.512503,85.875000,0.744141,33.750000,0.000000,1
8130,59.512503,85.875000,0.744141,0.000000,0.000000,1
8140,59.850003,85.999998,0.744141,35.990384,20.322852,1
8150,59.850003,85.999998,0.744141,0.000000,0.000000,1
8160,59.962502,85.999998,0.742188,11.249828,0.000000,1
8170,60.187503,86.124996,0.741211,25.739133,29.054047,1
8180,60.187503,86.124996,0.741211,0.000000,0.000000,1
8190,60.300002,86.124996,0.738281,11.249828,0.000000,1
8200,60.300002,86.124996,0.738281,0.000000,0.000000,1
8210,60.300002,86.124996,0.738281,0.000000,0.000000,1
8220,60.300002,86.124996,0.738281,0.000000,0.000000,1
8230,60.300002,86.124996,0.738281,0.000000,0.000000,1
8240,60.187503,86.250000,0.556641,16.817199,131.985908,1
8250,59.625002,86.625000,0.000000,67.604229,146.310013,0
8260,59.625002,86.625000,0.000000,0.000000,0.000000,0
8270,58.500003,87.375000,0.000000,135.208030,146.309892,0
8280,58.500003,87.375000,0.000000,0.000000,0.000000,0
8290,57.150003,88.125000,0.000000,154.434452,150.945396,0
8300,57.150003,88.125000,0.000000,0.000000,0.000000,0
8310,56.025000,88.500000,0.000000,118.585738,161.565104,0
8320,54.337500,88.500000,0.000000,168.750000,180.000000,0
8330,54.337500,88.500000,0.000000,0.000000,0.000000,0
8340,53.437503,88.500000,0.000000,89.999657,180.000000,0
8350,53.437503,88.500000,0.000000,0.000000,0.000000,0
8360,52.762503,88.500000,0.000000,67.500000,180.000000,0
8370,52.425003,88.500000,0.000000,33.750000,180.000000,0
8380,52.425003,88.500000,0.000000,0.000000,0.000000,0
8390,51.862502,88.374999,0.000000,57.622341,-167.471137,0
8400,51.862502,88.374999,0.000000,0.000000,0.000000,0
8410,51.525002,88.249998,0.000000,35.990483,-159.676721,0
8420,51.412503,88.249998,0.000000,11.249828,180.000000,0
8430,51.412503,88.249998,0.000000,0.000000,0.000000,0
8440,51.075003,88.249998,0.000000,33.750000,180.000000,0
8450,51.075003,88.249998,0.000000,0.000000,0.000000,0
8460,51.187502,88.249998,0.000000,11.249828,0.000000,0
8470,51.187502,88.249998,0.000000,0.000000,0.000000,0
8480,51.300000,88.249998,0.000000,11.249828,0.000000,0
8490,51.300000,88.249998,0.000000,0.000000,0.000000,0
8500,51.412503,88.374999,0.000000,16.817331,48.012135,0
8510,51.412503,88.374999,0.000000,0.000000,0.000000,0
8520,51.412503,88.374999,0.000000,0.000000,0.000000,0
8530,51.412503,88.374999,0.000000,0.000000,0.000000,0
8540,51.412503,88.374999,0.000000,0.000000,0.000000,0
8550,51.412503,88.374999,0.000000,0.000000,0.000000,0
8560,51.412503,88.374999,0.000000,0.000000,0.000000,0
8570,51.412503,88.374999,0.000000,0.000000,0.000000,0
8580,51.412503,88.374999,0.000000,0.000000,0.000000,0
8590,51.412503,88.374999,0.000000,0.000000,0.000000,0
8600,51.412503,88.374999,0.000000,0.000000,0.000000,0
8610,51.412503,88.374999,0.000000,0.000000,0.000000,0
8620,51.412503,88.374999,0.000000,0.000000,0.000000,0
8630,51.412503,88.374999,0.000000,0.000000,0.000000,0
8640,51.412503,88.374999,0.000000,0.000000,0.000000,0
8650,51.412503,88.374999,0.000000,0.000000,0.000000,0
8660,51.412503,88.374999,0.000000,0.000000,0.000000,0
8670,51.412503,88.374999,0.000000,0.000000,0.000000,0
8680,51.412503,88.624998,0.000000,24.999905,90.000000,0
8690,51.412503,88.624998,0.000000,0.000000,0.000000,0
8700,51.525002,88.624998,0.000000,11.249828,0.000000,0
8710,51.525002,88.749999,0.000000,12.500095,90.000000,0
8720,51.525002,88.749999,0.000000,0.000000,0.000000,0
8730,51.525002,88.749999,0.000000,0.000000,0.000000,0
8740,51.637500,88.749999,0.000000,11.249828,0.000000,0
8750,51.637500,88.749999,0.030273,0.000000,0.000000,1
8760,51.637500,88.749999,0.030273,0.000000,0.000000,1
8770,51.637500,88.749999,0.030273,0.000000,0.000000,1
8780,51.637500,88.749999,0.030273,0.000000,0.000000,1
8790,51.637500,88.749999,0.030273,0.000000,0.000000,1
8800,51.637500,88.749999,0.030273,0.000000,0.000000,1
8810,51.637500,88.749999,0.030273,0.000000,0.000000,1
8820,51.637500,88.749999,0.030273,0.000000,0.000000,1
8830,51.637500,88.749999,0.030273,0.000000,0.000000,1
8840,51.637500,88.749999,0.030273,0.000000,0.000000,1
8850,51.637500,88.749999,0.030273,0.000000,0.000000,1
8860,51.637500,88.749999,0.030273,0.000000,0.000000,1
8870,51.637500,88.749999,0.030273,0.000000,0.000000,1
8880,51.637500,88.749999,0.030273,0.000000,0.000000,1
8890,51.637500,88.749999,0.030273,0.000000,0.000000,1
8900,51.637500,88.749999,0.030273,0.000000,0.000000,1
8910,51.637500,88.749999,0.030273,0.000000,0.000000,1
8920,51.637500,88.749999,0.030273,0.000000,0.000000,1
8930,51.637500,88.749999,0.030273,0.000000,0.000000,1
8940,51.637500,88.749999,0.030273,0.000000,0.000000,1
8950,51.637500,88.749999,0.030273,0.000000,0.000000,1
8960,51.637500,88.749999,0.030273,0.000000,0.000000,1
8970,51.637500,88.749999,0.030273,0.000000,0.000000,1
8980,51.637500,88.749999,0.030273,0.000000,0.000000,1
8990,51.637500,88.749999,0.030273,0.000000,0.000000,1
9000,51.637500,88.749999,0.030273,0.000000,0.000000,1
9010,51.525002,88.749999,0.515625,11.249828,180.000000,1
9020,51.525002,88.624998,0.518555,12.500095,-90.000000,1
9030,51.525002,88.624998,0.518555,0.000000,0.000000,1
9040,51.412503,88.374999,0.521484,27.414483,-114.227500,1
9050,51.412503,88.374999,0.521484,0.000000,0.000000,1
9060,51.300000,88.125000,0.523438,27.414694,-114.228481,1
9070,51.075003,87.750000,0.523438,43.731963,-120.963371,1
9080,51.075003,87.750000,0.523438,0.000000,0.000000,1
9090,50.850002,87.249999,0.524414,54.829438,-114.227868,1
9100,50.850002,87.249999,0.524414,0.000000,0.000000,1
9110,50.737503,87.000000,0.526367,27.414483,-114.227500,1
9120,50.625000,86.625000,0.528320,39.151248,-106.699725,1
9130,50.625000,86.625000,0.528320,0.000000,0.000000,1
9140,50.287500,85.999998,0.525391,71.030531,-118.368973,1
9150,50.287500,85.999998,0.525391,0.000000,0.000000,1
9160,50.062503,85.500000,0.526367,54.828966,-114.227500,1
9170,49.837502,84.874998,0.527344,66.426889,-109.798960,1
9180,49.837502,84.874998,0.527344,0.000000,0.000000,1
9190,49.500002,84.249996,0.528320,71.030531,-118.368973,1
9200,49.500002,84.249996,0.528320,0.000000,0.000000,1
9210,49.162502,83.625000,0.528320,71.030028,-118.369193,1
9220,48.825002,82.999998,0.529297,71.030531,-118.368973,1
9230,48.825002,82.999998,0.529297,0.000000,0.000000,1
9240,48.262500,81.874998,0.532227,125.778901,-116.565121,1
9250,48.262500,81.874998,0.532227,0.000000,0.000000,1
9260,47.812502,81.000000,0.532227,98.393095,-117.216073,1
9270,47.250000,80.250000,0.535156,93.750103,-126.869982,1
9280,47.250000,80.250000,0.535156,0.000000,0.000000,1
9290,46.350003,78.624996,0.535156,185.758747,-118.979558,1
9300,46.350003,78.624996,0.535156,0.000000,0.000000,1
9310,45.450002,77.124996,0.535156,174.928645,-120.963805,1
9320,44.662503,75.750000,0.541992,158.454033,-119.800958,1
9330,44.662503,75.750000,0.541992,0.000000,0.000000,1
9340,44.100002,74.874996,0.542969,104.021145,-122.735192,1
9350,44.100002,74.874996,0.542969,0.000000,0.000000,1
9360,43.762502,74.250000,0.542969,71.030028,-118.369193,1
9370,43.312503,73.500000,0.544922,87.464190,-120.963660,1
9380,43.312503,73.500000,0.544922,0.000000,0.000000,1
9390,42.412502,72.249996,0.547852,154.029628,-125.753856,1
9400,42.412502,72.249996,0.547852,0.000000,0.000000,1
9410,41.962501,71.374998,0.550781,98.393213,-117.216207,1
9420,41.400002,70.875000,0.550781,75.259775,-138.366526,1
9430,41.400002,70.875000,0.550781,0.000000,0.000000,1
9440,40.950001,70.374996,0.550781,67.268461,-131.987049,1
9450,40.950001,70.374996,0.550781,0.000000,0.000000,1
9460,40.387502,69.999996,0.560547,67.604015,-146.309892,1
9470,40.162500,69.874998,0.605469,25.739133,-150.945953,1
9480,40.162500,69.874998,0.605469,0.000000,0.000000,1
9490,39.937501,69.874998,0.621094,22.499914,180.000000,1
9500,39.937501,69.874998,0.621094,0.000000,0.000000,1
9510,39.825000,69.750000,0.634766,16.816946,-131.987865,1
9520,39.712502,69.750000,0.640625,11.249828,180.000000,1
9530,39.712502,69.750000,0.640625,0.000000,0.000000,1
9540,39.600001,69.750000,0.650391,11.250086,180.000000,1
9550,39.600001,69.750000,0.650391,0.000000,0.000000,1
9560,39.600001,69.750000,0.650391,0.000000,0.000000,1
9570,39.600001,69.750000,0.650391,0.000000,0.000000,1
9580,39.600001,69.750000,0.650391,0.000000,0.000000,1
9590,39.600001,69.750000,0.650391,0.000000,0.000000,1
9600,39.600001,69.750000,0.650391,0.000000,0.000000,1
9610,39.600001,69.750000,0.650391,0.000000,0.000000,1
9620,39.712502,69.874998,0.000000,16.816946,48.012135,0
9630,39.712502,69.874998,0.000000,0.000000,0.000000,0
9640,39.712502,70.249998,0.000000,37.500000,90.000000,0
9650,39.712502,70.249998,0.000000,0.000000,0.000000,0
9660,39.712502,70.999998,0.000000,75.000000,90.000000,0
9670,39.937501,72.874998,0.000000,188.845164,83.157252,0
9680,39.937501,72.874998,0.000000,0.000000,0.000000,0
9690,40.725002,75.999996,0.000000,322.269618,75.855933,0
9700,40.725002,75.999996,0.000000,0.000000,0.000000,0
9710,41.400002,76.749996,0.000000,100.902180,48.012788,0
9720,41.400002,76.749996,0.000000,0.000000,0.000000,0
9730,41.400002,76.749996,0.000000,0.000000,0.000000,0
9740,41.400002,76.749996,0.000000,0.000000,0.000000,0
9750,41.400002,76.749996,0.000000,0.000000,0.000000,0
9760,41.400002,76.749996,0.000000,0.000000,0.000000,0
9770,41.400002,76.749996,0.000000,0.000000,0.000000,0
9780,41.400002,76.749996,0.000000,0.000000,0.000000,0
9790,41.400002,76.749996,0.000000,0.000000,0.000000,0
9800,41.400002,76.749996,0.000000,0.000000,0.000000,0
9810,41.400002,76.749996,0.000000,0.000000,0.000000,0
9820,41.400002,76.749996,0.000000,0.000000,0.000000,0
9830,41.400002,76.749996,0.000000,0.000000,0.000000,0
9840,41.400002,76.749996,0.000000,0.000000,0.000000,0
9850,52.087503,81.750000,0.000000,1179.926824,25.071911,0
9860,52.200002,81.750000,0.000000,11.249828,0.000000,0
9870,52.425003,81.499998,0.000000,33.634317,-48.012788,0
9880,52.425003,81.499998,0.000000,0.000000,0.000000,0
9890,52.875002,81.249996,0.000000,51.478093,-29.054882,0
9900,52.875002,81.249996,0.000000,0.000000,0.000000,0
9910,53.550002,80.749998,0.000000,84.001375,-36.528751,0
9920,53.550002,80.749998,0.000000,0.000000,0.000000,0
9930,54.450003,79.999998,0.000000,117.153877,-39.805517,0
9940,54.450003,79.374996,0.000000,62.500191,-90.000000,0
9950,54.450003,79.374996,0.000000,0.000000,0.000000,0
9960,54.787503,78.874998,0.000000,60.324484,-55.980549,0
9970,54.900002,78.750000,0.000000,16.816773,-48.012788,0
9980,54.900002,78.750000,0.000000,0.000000,0.000000,0
9990,55.012500,78.499998,0.000000,27.414744,-65.772745,0
10000,55.012500,78.499998,0.000000,0.000000,0.000000,0
10010,54.562502,78.249996,0.000000,51.478093,-150.945118,0
10020,54.112503,78.124998,0.000000,46.703638,-164.476058,0
10030,54.112503,78.124998,0.000000,0.000000,0.000000,0
10040,53.662500,78.124998,0.000000,45.000343,180.000000,0
10050,53.662500,78.124998,0.000000,0.000000,0.000000,0
10060,52.987500,78.000000,0.000000,68.647616,-169.508680,0
10070,52.650000,78.000000,0.000000,33.750000,180.000000,0
10080,52.650000,78.000000,0.000000,0.000000,0.000000,0
10090,52.425003,78.000000,0.000000,22.499657,180.000000,0
10100,52.425003,78.000000,0.000000,0.000000,0.000000,0
10110,52.087503,77.874996,0.000000,35.990583,-159.676294,0
10120,51.750003,77.874996,0.000000,33.750000,180.000000,0
10130,51.750003,77.874996,0.000000,0.000000,0.000000,0
10140,51.525002,77.874996,0.000000,22.500172,180.000000,0
10150,51.525002,77.874996,0.000000,0.000000,0.000000,0
10160,51.412503,77.874996,0.000000,11.249828,180.000000,0
10170,51.187502,77.874996,0.000000,22.500172,180.000000,0
10180,51.187502,77.874996,0.000000,0.000000,0.000000,0
10190,51.075003,77.874996,0.000000,11.249828,180.000000,0
10200,51.075003,77.874996,0.000000,0.000000,0.000000,0
10210,51.075003,77.874996,0.000000,0.000000,0.000000,0
10220,50.850002,77.874996,0.000000,22.500172,180.000000,0
10230,50.737503,78.000000,0.000000,16.817199,131.985908,0
10240,50.512502,78.000000,0.000000,22.500172,180.000000,0
10250,50.512502,78.000000,0.000000,0.000000,0.000000,0
10260,50.512502,78.124998,0.000000,12.499809,90.000000,0
10270,50.400003,78.124998,0.000000,11.249828,180.000000,0
10280,50.400003,78.124998,0.000000,0.000000,0.000000,0
10290,50.287500,78.249996,0.000000,16.817118,131.988517,0
10300,50.287500,78.249996,0.000000,0.000000,0.000000,0
10310,50.175002,78.375000,0.000000,16.817199,131.985908,0
10320,50.062503,78.375000,0.000000,11.249828,180.000000,0
10330,50.062503,78.375000,0.000000,0.000000,0.000000,0
10340,50.062503,78.375000,0.000000,0.000000,0.000000,0
10350,49.837502,78.375000,0.000000,22.500172,180.000000,0
10360,49.725003,78.499998,0.000000,16.816773,131.987212,0
10370,49.725003,78.499998,0.000000,0.000000,0.000000,0
10380,49.725003,78.499998,0.000000,0.000000,0.000000,0
10390,49.725003,78.499998,0.000000,0.000000,0.000000,0
10400,49.725003,78.624996,0.209961,12.499809,90.000000,1
10410,49.725003,78.624996,0.209961,0.000000,0.000000,1
10420,49.725003,78.624996,0.209961,0.000000,0.000000,1
10430,49.725003,78.624996,0.209961,0.000000,0.000000,1
10440,49.725003,78.624996,0.209961,0.000000,0.000000,1
10450,49.725003,78.624996,0.209961,0.000000,0.000000,1
10460,50.062503,78.375000,0.333984,42.000517,-36.528437,1
10470,50.512502,78.249996,0.352539,46.703791,-15.524618,1
10480,50.512502,78.249996,0.352539,0.000000,0.000000,1
10490,50.962500,78.000000,0.372070,51.477815,-29.054326,1
10500,50.962500,78.000000,0.372070,0.000000,0.000000,1
10510,51.412503,77.874996,0.432617,46.704287,-15.524449,1
10520,52.200002,77.625000,0.451172,82.622735,-17.612362,1
10530,52.200002,77.625000,0.451172,0.000000,0.000000,1
10540,52.762503,77.374998,0.497070,61.555596,-23.962586,1
10550,52.762503,77.374998,0.497070,0.000000,0.000000,1
10560,53.325000,76.999998,0.540039,67.603801,-33.690229,1
10570,54.000000,76.624998,0.560547,77.217226,-29.054604,1
10580,54.000000,76.624998,0.560547,0.000000,0.000000,1
10590,54.562502,76.125000,0.562500,75.259968,-41.633344,1
10600,54.562502,76.125000,0.562500,0.000000,0.000000,1
10610,55.462503,75.499998,0.581055,109.573285,-34.777862,1
10620,56.250002,74.874996,0.591797,100.537601,-38.437447,1
10630,56.250002,74.874996,0.591797,0.000000,0.000000,1
10640,56.925002,74.374998,0.630859,84.001375,-36.528751,1
10650,56.925002,74.374998,0.630859,0.000000,0.000000,1
10660,57.712500,73.875000,0.651367,93.281919,-32.412264,1
10670,58.612502,73.125000,0.655273,117.153877,-39.805517,1
10680,58.612502,73.125000,0.655273,0.000000,0.000000,1
10690,59.062500,72.874998,0.661133,51.478093,-29.054882,1
10700,59.062500,72.874998,0.661133,0.000000,0.000000,1
10710,59.625002,72.499998,0.669922,67.604229,-33.689987,1
10720,60.075000,72.249996,0.669922,51.478093,-29.054882,1
10730,60.075000,72.249996,0.669922,0.000000,0.000000,1
10740,60.862503,71.749998,0.669922,93.282354,-32.412095,1
10750,60.862503,71.749998,0.669922,0.000000,0.000000,1
10760,61.537503,71.499996,0.673828,71.980966,-20.323279,1
10770,62.100000,71.124996,0.673828,67.603801,-33.690229,1
10780,62.100000,71.124996,0.673828,0.000000,0.000000,1
10790,62.775000,70.875000,0.675781,71.980768,-20.322852,1
10800,62.775000,70.875000,0.675781,0.000000,0.000000,1
10810,63.337502,70.624998,0.675781,61.555596,-23.962586,1
10820,64.237503,70.125000,0.675781,102.956359,-29.054465,1
10830,64.237503,70.125000,0.675781,0.000000,0.000000,1
10840,64.800000,69.874998,0.675781,61.555125,-23.962781,1
10850,64.800000,69.874998,0.675781,0.000000,0.000000,1
10860,65.475000,69.624996,0.679688,71.980966,-20.323279,1
10870,66.037502,69.375000,0.699219,61.555363,-23.962100,1
10880,66.037502,69.375000,0.699219,0.000000,0.000000,1
10890,66.600003,69.124998,0.703125,61.555596,-23.962586,1
10900,66.600003,69.124998,0.703125,0.000000,0.000000,1
10910,67.275003,68.749998,0.708984,77.217226,-29.054604,1
10920,67.725002,68.625000,0.710938,46.703638,-15.523942,1
10930,67.725002,68.625000,0.710938,0.000000,0.000000,1
10940,68.062502,68.499996,0.712891,35.990583,-20.323706,1
10950,68.062502,68.499996,0.712891,0.000000,0.000000,1
10960,68.400002,68.374998,0.713867,35.990384,-20.322852,1
10970,68.962503,68.250000,0.716797,57.622279,-12.528586,1
10980,68.962503,68.250000,0.716797,0.000000,0.000000,1
10990,69.300003,68.250000,0.717773,33.750000,0.000000,1
11000,69.300003,68.250000,0.717773,0.000000,0.000000,1
11010,69.637503,68.124996,0.723633,35.990583,-20.323706,1
11020,69.975003,68.124996,0.733398,33.750000,0.000000,1
11030,69.975003,68.124996,0.733398,0.000000,0.000000,1
11040,70.312503,68.124996,0.737305,33.750000,0.000000,1
11050,70.312503,68.124996,0.737305,0.000000,0.000000,1
11060,70.537500,67.999998,0.737305,25.738683,-29.054604,1
11070,70.537500,67.999998,0.737305,0.000000,0.000000,1
11080,70.537500,67.999998,0.737305,0.000000,0.000000,1
11090,70.650003,67.999998,0.740234,11.250343,0.000000,1
11100,70.650003,67.999998,0.740234,0.000000,0.000000,1
11110,70.650003,67.999998,0.740234,0.000000,0.000000,1
11120,70.650003,68.250000,0.248047,25.000191,90.000000,1
11130,70.537500,68.499996,0.000000,27.414433,114.228727,0
11140,70.537500,68.499996,0.000000,0.000000,0.000000,0
11150,70.537500,68.499996,0.000000,0.000000,0.000000,0
11160,70.200000,69.000000,0.000000,60.324959,124.019147,0
11170,69.750002,70.249998,0.000000,132.853065,109.798835,0
11180,69.750002,70.249998,0.000000,0.000000,0.000000,0
11190,69.750002,73.624998,0.000000,337.500000,90.000000,0
11200,69.750002,73.624998,0.000000,0.000000,0.000000,0
11210,69.750002,75.624996,0.000000,199.999809,90.000000,0
11220,69.750002,75.624996,0.000000,0.000000,0.000000,0
11230,69.750002,75.624996,0.000000,0.000000,0.000000,0
11240,69.750002,75.624996,0.000000,0.000000,0.000000,0
11250,69.750002,75.624996,0.000000,0.000000,0.000000,0
11260,69.750002,75.624996,0.000000,0.000000,0.000000,0
11270,69.750002,75.624996,0.000000,0.000000,0.000000,0
11280,69.750002,75.624996,0.000000,0.000000,0.000000,0
11290,69.750002,75.624996,0.000000,0.000000,0.000000,0
11300,69.750002,75.624996,0.000000,0.000000,0.000000,0
11310,69.750002,75.624996,0.000000,0.000000,0.000000,0
11320,69.750002,75.624996,0.000000,0.000000,0.000000,0
11330,69.750002,75.624996,0.000000,0.000000,0.000000,0
11340,69.750002,75.624996,0.000000,0.000000,0.000000,0
11350,69.750002,75.624996,0.000000,0.000000,0.000000,0
11360,69.750002,75.624996,0.000000,0.000000,0.000000,0
11370,69.750002,75.624996,0.000000,0.000000,0.000000,0
11380,69.750002,75.624996,0.000000,0.000000,0.000000,0
11390,69.750002,75.624996,0.000000,0.000000,0.000000,0
11400,69.750002,75.624996,0.000000,0.000000,0.000000,0
11410,69.750002,75.624996,0.000000,0.000000,0.000000,0
11420,69.750002,75.624996,0.000000,0.000000,0.000000,0
11430,69.750002,75.624996,0.000000,0.000000,0.000000,0
11440,90.112500,104.374998,0.000000,3523.058254,54.691555,0
11450,90.112500,104.374998,0.000000,0.000000,0.000000,0
11460,90.337507,104.374998,0.000000,22.500687,0.000000,0
11470,90.337507,104.374998,0.000000,0.000000,0.000000,0
11480,90.337507,104.250000,0.000000,12.499809,-90.000000,0
11490,90.337507,104.250000,0.000000,0.000000,0.000000,0
11500,90.337507,104.250000,0.000000,0.000000,0.000000,0
11510,90.337507,104.250000,0.000000,0.000000,0.000000,0
11520,90.225003,104.124999,0.000000,16.817331,-131.987865,0
11530,90.225003,104.124999,0.000000,0.000000,0.000000,0
11540,90.112500,103.999998,0.000000,16.817331,-131.987865,0
11550,90.112500,103.999998,0.000000,0.000000,0.000000,0
11560,89.887503,103.875000,0.000000,25.738683,-150.945396,0
11570,89.662507,103.875000,0.000000,22.499657,180.000000,0
11580,89.662507,103.875000,0.000000,0.000000,0.000000,0
11590,89.325007,103.875000,0.000000,33.750000,180.000000,0
11600,89.325007,103.875000,0.000000,0.000000,0.000000,0
11610,89.212503,103.999998,0.000000,16.817118,131.988517,0
11620,88.875003,104.124999,0.000000,35.990483,159.676721,0
11630,88.875003,104.124999,0.000000,0.000000,0.000000,0
11640,88.650007,104.124999,0.000000,22.499657,180.000000,0
11650,88.650007,104.124999,0.000000,0.000000,0.000000,0
11660,88.537503,104.250000,0.000000,16.817331,131.987865,0
11670,88.537503,104.250000,0.000000,0.000000,0.000000,0
11680,88.425000,104.374998,0.000000,16.817118,131.988517,0
11690,88.312507,104.374998,0.000000,11.249313,180.000000,0
11700,88.312507,104.374998,0.000000,0.000000,0.000000,0
11710,88.312507,104.499999,0.000000,12.500095,90.000000,0
11720,88.200003,104.625000,0.000000,16.817331,131.987865,0
11730,88.200003,104.625000,0.000000,0.000000,0.000000,0
11740,88.087500,104.749998,0.000000,16.817118,131.988517,0
11750,88.087500,104.749998,0.000000,0.000000,0.000000,0
11760,87.975007,104.749998,0.000000,11.249313,180.000000,0
11770,87.862503,104.749998,0.000000,11.250343,180.000000,0
11780,87.862503,104.749998,0.000000,0.000000,0.000000,0
11790,87.862503,104.749998,0.000000,0.000000,0.000000,0
11800,87.862503,104.749998,0.000000,0.000000,0.000000,0
11810,87.862503,104.749998,0.000000,0.000000,0.000000,0
11820,87.862503,104.749998,0.000000,0.000000,0.000000,0
11830,87.862503,104.749998,0.000000,0.000000,0.000000,0
11840,87.862503,104.874999,0.000000,12.500095,90.000000,0
11850,87.862503,104.874999,0.000000,0.000000,0.000000,0
11860,87.975007,104.874999,0.000000,11.250343,0.000000,0
11870,87.975007,104.874999,0.000000,0.000000,0.000000,0
11880,87.975007,104.874999,0.000000,0.000000,0.000000,0
11890,87.975007,104.874999,0.000000,0.000000,0.000000,0
11900,87.975007,104.874999,0.000000,0.000000,0.000000,0
11910,87.975007,104.874999,0.000000,0.000000,0.000000,0
11920,87.975007,104.874999,0.000000,0.000000,0.000000,0
11930,87.975007,104.874999,0.000000,0.000000,0.000000,0
11940,87.975007,104.874999,0.000000,0.000000,0.000000,0
11950,87.975007,104.874999,0.000000,0.000000,0.000000,0
11960,87.975007,104.874999,0.000000,0.000000,0.000000,0
11970,87.862503,104.749998,0.000000,16.817331,-131.987865,0
11980,87.862503,104.749998,0.000000,0.000000,0.000000,0
11990,87.862503,104.749998,0.000000,0.000000,0.000000,0
12000,87.862503,104.749998,0.000000,0.000000,0.000000,0
12010,87.862503,104.749998,0.000000,0.000000,0.000000,0
12020,87.637507,104.749998,0.000000,22.499657,180.000000,0
12030,87.637507,104.749998,0.000000,0.000000,0.000000,0
12040,87.637507,104.749998,0.000000,0.000000,0.000000,0
12050,87.525003,104.749998,0.000000,11.250343,180.000000,0
12060,87.525003,104.749998,0.000000,0.000000,0.000000,0
12070,87.525003,104.749998,0.000000,0.000000,0.000000,0
12080,87.525003,104.749998,0.000000,0.000000,0.000000,0
12090,87.525003,104.874999,0.000000,12.500095,90.000000,0
12100,87.525003,104.874999,0.000000,0.000000,0.000000,0
12110,87.525003,104.874999,0.000000,0.000000,0.000000,0
12120,87.525003,104.874999,0.000000,0.000000,0.000000,0
12130,87.525003,104.874999,0.000000,0.000000,0.000000,0
12140,87.525003,105.124998,0.000000,24.999905,90.000000,0
12150,87.525003,105.124998,0.000000,0.000000,0.000000,0
12160,87.525003,105.124998,0.000000,0.000000,0.000000,0
12170,87.525003,105.124998,0.000000,0.000000,0.000000,0
12180,87.525003,105.124998,0.000000,0.000000,0.000000,0
12190,87.637507,105.249999,0.000000,16.817331,48.012135,0
12200,87.637507,105.249999,0.000000,0.000000,0.000000,0
12210,87.750000,105.375000,0.000000,16.816642,48.014744,0
12220,87.750000,105.499998,0.000000,12.499809,90.000000,0
12230,87.750000,105.499998,0.000000,0.000000,0.000000,0
12240,87.862503,105.624999,0.000000,16.817331,48.012135,0
12250,87.862503,105.624999,0.000000,0.000000,0.000000,0
12260,87.975007,105.874998,0.000000,27.414694,65.771519,0
12270,88.087500,105.999999,0.000000,16.816642,48.014744,0
12280,88.087500,105.999999,0.000000,0.000000,0.000000,0
12290,88.200003,106.249998,0.000000,27.414694,65.771519,0
12300,88.200003,106.249998,0.000000,0.000000,0.000000,0
12310,88.200003,106.374999,0.000000,12.500095,90.000000,0
12320,88.312507,106.624998,0.000000,27.414694,65.771519,0
12330,88.312507,106.624998,0.000000,0.000000,0.000000,0
12340,88.425000,106.749999,0.000000,16.816642,48.014744,0
12350,88.425000,106.749999,0.000000,0.000000,0.000000,0
12360,88.650007,107.250000,0.000000,54.829649,65.771641,0
12370,88.650007,107.499999,0.000000,24.999905,90.000000,0
12380,88.650007,107.499999,0.000000,0.000000,0.000000,0
12390,88.762500,107.749998,0.000000,27.414272,65.773482,0
12400,88.762500,107.749998,0.000000,0.000000,0.000000,0
12410,88.875003,107.874999,0.000000,16.817331,48.012135,0
12420,88.987507,108.249999,0.000000,39.151248,73.300275,0
12430,88.987507,108.249999,0.000000,0.000000,0.000000,0
12440,89.100000,108.499998,0.000000,27.414272,65.773482,0
12450,89.100000,108.499998,0.000000,0.000000,0.000000,0
12460,89.100000,108.624999,0.000000,12.500095,90.000000,0
12470,89.100000,108.624999,0.000000,0.000000,0.000000,0
12480,89.100000,108.624999,0.000000,0.000000,0.000000,0
12490,89.100000,108.624999,0.000000,0.000000,0.000000,0
12500,89.100000,108.624999,0.000000,0.000000,0.000000,0
12510,88.987507,108.750000,0.000000,16.816642,131.985256,0
12520,88.875003,108.750000,0.000000,11.250343,180.000000,0
12530,88.875003,108.750000,0.000000,0.000000,0.000000,0
12540,88.537503,108.624999,0.000000,35.990483,-159.676721,0
12550,88.537503,108.624999,0.000000,0.000000,0.000000,0
12560,88.200003,108.249999,0.000000,50.451090,-131.987212,0
12570,88.087500,108.124998,0.000000,16.817331,-131.987865,0
12580,88.087500,108.124998,0.000000,0.000000,0.000000,0
12590,87.862503,107.749998,0.000000,43.731963,-120.963371,0
12600,87.862503,107.749998,0.000000,0.000000,0.000000,0
12610,87.862503,107.374998,0.000000,37.500000,-90.000000,0
12620,87.862503,107.250000,0.000000,12.499809,-90.000000,0
12630,87.862503,107.250000,0.000000,0.000000,0.000000,0
12640,88.087500,107.124999,0.000000,25.738822,-29.055161,0
12650,88.087500,107.124999,0.000000,0.000000,0.000000,0
12660,88.425000,106.999998,0.000000,35.990483,-20.323279,0
12670,88.762500,106.999998,0.000000,33.750000,0.000000,0
12680,88.762500,106.999998,0.000000,0.000000,0.000000,0
12690,88.875003,106.875000,0.000000,16.817118,-48.011483,0
12700,88.875003,106.875000,0.000000,0.000000,0.000000,0
12710,88.875003,106.875000,0.000000,0.000000,0.000000,0
12720,88.875003,106.875000,0.000000,0.000000,0.000000,0
12730,88.875003,106.875000,0.000000,0.000000,0.000000,0
12740,88.875003,106.624998,0.000000,25.000191,-90.000000,0
12750,88.875003,106.624998,0.000000,0.000000,0.000000,0
12760,88.762500,106.749999,0.000000,16.817331,131.987865,0
12770,88.650007,106.749999,0.000000,11.249313,180.000000,0
12780,88.650007,106.749999,0.000000,0.000000,0.000000,0
12790,88.650007,106.749999,0.000000,0.000000,0.000000,0
12800,88.650007,106.999998,0.000000,24.999905,90.000000,0
12810,88.650007,107.124999,0.000000,12.500095,90.000000,0
12820,88.650007,107.124999,0.000000,0.000000,0.000000,0
12830,88.650007,107.374998,0.000000,24.999905,90.000000,0
12840,88.650007,107.499999,0.000000,12.500095,90.000000,0
12850,88.650007,107.499999,0.000000,0.000000,0.000000,0
12860,88.762500,107.625000,0.000000,16.816642,48.014744,0
12870,88.762500,107.749998,0.000000,12.499809,90.000000,0
12880,88.762500,107.749998,0.000000,0.000000,0.000000,0
12890,88.875003,107.874999,0.000000,16.817331,48.012135,0
12900,88.875003,107.874999,0.000000,0.000000,0.000000,0
12910,88.875003,107.874999,0.000000,0.000000,0.000000,0
12920,88.875003,107.874999,0.000000,0.000000,0.000000,0
12930,88.875003,107.874999,0.000000,0.000000,0.000000,0
12940,88.987507,108.124998,0.000000,27.414694,65.771519,0
12950,88.987507,108.124998,0.000000,0.000000,0.000000,0
12960,88.987507,108.249999,0.000000,12.500095,90.000000,0
12970,88.987507,108.249999,0.000000,0.000000,0.000000,0
12980,88.987507,108.249999,0.000000,0.000000,0.000000,0
12990,88.987507,108.249999,0.000000,0.000000,0.000000,0
13000,88.987507,108.249999,0.000000,0.000000,0.000000,0
13010,88.987507,108.249999,0.000000,0.000000,0.000000,0
13020,88.987507,108.249999,0.000000,0.000000,0.000000,0
13030,88.987507,108.249999,0.000000,0.000000,0.000000,0
13040,88.987507,108.249999,0.000000,0.000000,0.000000,0
13050,88.987507,108.249999,0.000000,0.000000,0.000000,0
13060,89.100000,108.375000,0.000000,16.816642,48.014744,0
13070,89.100000,108.375000,0.000000,0.000000,0.000000,0
13080,89.100000,108.375000,0.000000,0.000000,0.000000,0
13090,89.100000,108.375000,0.000000,0.000000,0.000000,0
13100,89.100000,108.375000,0.000000,0.000000,0.000000,0
13110,89.100000,108.375000,0.000000,0.000000,0.000000,0
13120,89.100000,108.249999,0.117188,12.500095,-90.000000,1
13130,89.100000,108.249999,0.117188,0.000000,0.000000,1
13140,89.100000,108.249999,0.117188,0.000000,0.000000,1
13150,89.100000,108.249999,0.117188,0.000000,0.000000,1
13160,89.100000,108.249999,0.117188,0.000000,0.000000,1
13170,89.100000,108.249999,0.117188,0.000000,0.000000,1
13180,89.100000,108.249999,0.117188,0.000000,0.000000,1
13190,89.100000,108.249999,0.117188,0.000000,0.000000,1
13200,89.100000,108.249999,0.117188,0.000000,0.000000,1
13210,89.100000,108.249999,0.117188,0.000000,0.000000,1
13220,88.987507,108.124998,0.290039,16.816642,-131.985256,1
13230,88.987507,108.124998,0.290039,0.000000,0.000000,1
13240,88.987507,108.000000,0.306641,12.499809,-90.000000,1
13250,88.987507,108.000000,0.306641,0.000000,0.000000,1
13260,88.875003,107.874999,0.316406,16.817331,-131.987865,1
13270,88.650007,107.499999,0.347656,43.731963,-120.963371,1
13280,88.650007,107.499999,0.347656,0.000000,0.000000,1
13290,88.425000,107.250000,0.353516,33.634449,-131.988191,1
13300,88.425000,107.250000,0.353516,0.000000,0.000000,1
13310,88.087500,106.875000,0.364258,50.451090,-131.987212,1
13320,87.525003,106.374999,0.378906,75.259773,-138.366233,1
13330,87.525003,106.374999,0.378906,0.000000,0.000000,1
13340,87.075000,105.999999,0.383789,58.577136,-140.194644,1
13350,87.075000,105.999999,0.383789,0.000000,0.000000,1
13360,86.625007,105.499998,0.392578,67.267732,-131.986723,1
13370,86.062500,105.000000,0.415039,75.260353,-138.366916,1
13380,86.062500,105.000000,0.415039,0.000000,0.000000,1
13390,85.162503,104.250000,0.442383,117.153481,-140.194321,1
13400,85.162503,104.250000,0.442383,0.000000,0.000000,1
13410,84.825003,103.875000,0.456055,50.451090,-131.987212,1
13420,83.587502,102.750000,0.462891,167.243400,-137.726351,1
13430,83.587502,102.750000,0.462891,0.000000,0.000000,1
13440,82.575002,102.000000,0.467773,126.002232,-143.471145,1
13450,82.575002,102.000000,0.467773,0.000000,0.000000,1
13460,81.675000,101.250000,0.477539,117.153877,-140.194483,1
13470,80.212502,100.249998,0.482422,177.169553,-145.637132,1
13480,80.212502,100.249998,0.482422,0.000000,0.000000,1
13490,79.312500,99.874998,0.507813,97.500158,-157.380174,1
13500,79.312500,99.874998,0.507813,0.000000,0.000000,1
13510,78.637500,99.499998,0.512695,77.217226,-150.945396,1
13520,78.300000,99.375000,0.516602,35.990384,-159.677148,1
13530,78.300000,99.375000,0.516602,0.000000,0.000000,1
13540,78.075003,99.375000,0.519531,22.499657,180.000000,1
13550,78.075003,99.375000,0.519531,0.000000,0.000000,1
13560,77.962500,99.375000,0.525391,11.250343,180.000000,1
13570,77.962500,99.375000,0.525391,0.000000,0.000000,1
13580,77.962500,99.375000,0.525391,0.000000,0.000000,1
13590,77.850002,99.375000,0.530273,11.249828,180.000000,1
13600,77.850002,99.375000,0.530273,0.000000,0.000000,1
13610,77.737503,99.375000,0.530273,11.249828,180.000000,1
13620,77.737503,99.375000,0.530273,0.000000,0.000000,1
13630,77.737503,99.375000,0.530273,0.000000,0.000000,1
13640,77.625000,99.375000,0.533203,11.250343,180.000000,1
13650,77.625000,99.375000,0.533203,0.000000,0.000000,1
13660,77.625000,99.375000,0.533203,0.000000,0.000000,1
13670,77.625000,99.375000,0.533203,0.000000,0.000000,1
13680,77.625000,99.375000,0.533203,0.000000,0.000000,1
13690,77.625000,99.375000,0.533203,0.000000,0.000000,1
13700,77.625000,99.375000,0.533203,0.000000,0.000000,1
13710,77.625000,99.375000,0.533203,0.000000,0.000000,1
13720,77.625000,99.375000,0.533203,0.000000,0.000000,1
13730,77.625000,99.375000,0.533203,0.000000,0.000000,1
13740,77.625000,99.375000,0.533203,0.000000,0.000000,1
13750,77.625000,99.375000,0.533203,0.000000,0.000000,1
13760,77.625000,99.375000,0.533203,0.000000,0.000000,1
13770,77.625000,99.375000,0.533203,0.000000,0.000000,1
13780,77.625000,99.375000,0.533203,0.000000,0.000000,1
13790,77.625000,99.375000,0.533203,0.000000,0.000000,1
13800,77.625000,99.375000,0.533203,0.000000,0.000000,1
13810,77.625000,99.375000,0.533203,0.000000,0.000000,1
13820,77.625000,99.375000,0.533203,0.000000,0.000000,1
13830,77.625000,99.375000,0.533203,0.000000,0.000000,1
13840,77.625000,99.375000,0.533203,0.000000,0.000000,1
13850,77.625000,99.375000,0.533203,0.000000,0.000000,1
13860,77.625000,99.375000,0.533203,0.000000,0.000000,1
13870,77.625000,99.375000,0.533203,0.000000,0.000000,1
13880,77.625000,99.375000,0.533203,0.000000,0.000000,1
13890,77.625000,99.375000,0.533203,0.000000,0.000000,1
13900,77.625000,99.375000,0.533203,0.000000,0.000000,1
13910,77.625000,99.375000,0.533203,0.000000,0.000000,1
13920,77.625000,99.375000,0.533203,0.000000,0.000000,1
13930,77.625000,99.375000,0.533203,0.000000,0.000000,1
13940,77.737503,99.249999,0.547852,16.817331,-48.012135,1
13950,77.737503,99.249999,0.547852,0.000000,0.000000,1
13960,77.850002,99.124998,0.551758,16.816986,-48.013440,1
13970,77.962500,98.874999,0.553711,27.414483,-65.772500,1
13980,77.962500,98.874999,0.553711,0.000000,0.000000,1
13990,78.187502,98.625000,0.555664,33.634104,-48.012461,1
14000,78.187502,98.625000,0.555664,0.000000,0.000000,1
14010,78.300000,98.374998,0.557617,27.414744,-65.772745,1
14020,78.525002,97.999998,0.557617,43.732228,-59.036051,1
14030,78.525002,97.999998,0.557617,0.000000,0.000000,1
14040,78.637500,97.749999,0.557617,27.414483,-65.772500,1
14050,78.637500,97.749999,0.557617,0.000000,0.000000,1
14060,78.750003,97.374999,0.557617,39.151248,-73.300275,1
14070,78.975000,96.874998,0.559570,54.829227,-65.772623,1
14080,78.975000,96.874998,0.559570,0.000000,0.000000,1
14090,79.312500,96.000000,0.576172,93.783149,-68.907619,1
14100,79.312500,96.000000,0.576172,0.000000,0.000000,1
14110,79.425003,95.250000,0.582031,75.839107,-81.468978,1
14120,79.650000,94.500000,0.606445,78.302200,-73.300996,1
14130,79.650000,94.500000,0.606445,0.000000,0.000000,1
14140,79.762503,93.624999,0.614258,88.220388,-82.673380,1
14150,79.762503,93.624999,0.614258,0.000000,0.000000,1
14160,79.875002,92.749998,0.623047,88.220323,-82.673712,1
14170,80.100003,90.999999,0.643555,176.440427,-82.673534,1
14180,80.100003,90.999999,0.643555,0.000000,0.000000,1
14190,80.212502,89.749998,0.655273,125.505309,-84.857317,1
14200,80.212502,89.749998,0.655273,0.000000,0.000000,1
14210,80.212502,87.999999,0.673828,174.999905,-90.000000,1
14220,80.325000,86.250000,0.694336,175.361128,-86.321815,1
14230,80.325000,86.250000,0.694336,0.000000,0.000000,1
14240,80.325000,84.249996,0.741211,200.000381,-90.000000,1
14250,80.325000,84.249996,0.741211,0.000000,0.000000,1
14260,80.325000,82.749996,0.746094,150.000000,-90.000000,1
14270,80.325000,81.499998,0.754883,124.999809,-90.000000,1
14280,80.325000,81.499998,0.754883,0.000000,0.000000,1
14290,80.325000,80.250000,0.755859,124.999809,-90.000000,1
14300,80.325000,80.250000,0.755859,0.000000,0.000000,1
14310,80.325000,79.125000,0.757813,112.500000,-90.000000,1
14320,80.212502,78.000000,0.761719,113.061084,-95.710507,1
14330,80.212502,78.000000,0.761719,0.000000,0.000000,1
14340,79.987500,77.124996,0.759766,90.346967,-104.420818,1
14350,79.987500,77.124996,0.759766,0.000000,0.000000,1
14360,79.875002,76.125000,0.761719,100.630425,-96.418714,1
14370,79.650000,75.249996,0.761719,90.346967,-104.420818,1
14380,79.650000,75.249996,0.761719,0.000000,0.000000,1
14390,79.425003,74.625000,0.763672,66.426176,-109.798709,1
14400,79.425003,74.625000,0.763672,0.000000,0.000000,1
14410,79.312500,73.999998,0.764648,63.504678,-100.204248,1
14420,79.312500,73.875000,0.764648,12.499809,-90.000000,1
14430,79.312500,73.875000,0.764648,0.000000,0.000000,1
14440,79.312500,73.875000,0.764648,0.000000,0.000000,1
14450,79.312500,73.875000,0.764648,0.000000,0.000000,1
14460,79.312500,73.875000,0.764648,0.000000,0.000000,1
14470,79.312500,73.875000,0.764648,0.000000,0.000000,1
14480,79.312500,73.875000,0.764648,0.000000,0.000000,1
14490,79.200002,73.875000,0.767578,11.249828,180.000000,1
14500,79.200002,73.875000,0.767578,0.000000,0.000000,1
14510,79.200002,73.875000,0.767578,0.000000,0.000000,1
14520,79.200002,73.875000,0.767578,0.000000,0.000000,1
14530,79.200002,73.875000,0.767578,0.000000,0.000000,1
14540,79.200002,73.875000,0.767578,0.000000,0.000000,1
14550,79.200002,73.875000,0.767578,0.000000,0.000000,1
14560,79.200002,74.124996,0.683594,24.999619,90.000000,1
14570,79.087503,74.625000,0.000000,51.250334,102.680103,0
14580,79.087503,74.625000,0.000000,0.000000,0.000000,0
14590,78.975000,76.374996,0.000000,175.360876,93.678359,0
14600,78.975000,76.374996,0.000000,0.000000,0.000000,0
14610,78.975000,78.249996,0.000000,187.500000,90.000000,0
14620,79.537502,81.375000,0.000000,317.522551,79.796008,0
14630,79.537502,81.375000,0.000000,0.000000,0.000000,0
14640,80.437503,83.625000,0.000000,242.332480,68.198553,0
14650,81.675000,85.875000,0.000000,256.785859,61.189273,0
14660,81.675000,85.875000,0.000000,0.000000,0.000000,0
14670,83.137503,87.874998,0.000000,247.768211,53.823772,0
14680,83.137503,87.874998,0.000000,0.000000,0.000000,0
14690,84.487503,89.374998,0.000000,201.804361,48.012788,0
14700,85.950002,90.874998,0.000000,209.497046,45.725258,0
14710,85.950002,90.874998,0.000000,0.000000,0.000000,0
14720,85.950002,91.374999,0.000000,50.000095,90.000000,0
14730,85.950002,91.374999,0.000000,0.000000,0.000000,0
14740,86.062500,91.875000,0.000000,51.250055,77.319827,0
14750,86.625007,92.499999,0.000000,84.085539,48.012396,0
14760,86.625007,92.499999,0.000000,0.000000,0.000000,0
14770,86.625007,92.499999,0.000000,0.000000,0.000000,0
14780,86.625007,92.499999,0.000000,0.000000,0.000000,0
14790,85.950002,92.625000,0.000000,68.648175,169.508523,0
14800,85.725000,92.625000,0.000000,22.500172,180.000000,0
14810,85.725000,92.625000,0.000000,0.000000,0.000000,0
14820,85.275002,92.499999,0.000000,46.703714,-164.475720,0
14830,85.275002,92.499999,0.000000,0.000000,0.000000,0
14840,84.825003,92.374998,0.000000,46.703714,-164.475720,0
14850,84.150003,92.374998,0.000000,67.500000,180.000000,0
14860,84.150003,92.374998,0.000000,0.000000,0.000000,0
14870,83.812503,92.374998,0.000000,33.750000,180.000000,0
14880,83.812503,92.374998,0.000000,0.000000,0.000000,0
14890,83.587502,92.374998,0.000000,22.500172,180.000000,0
14900,83.475003,92.374998,0.000000,11.249828,180.000000,0
14910,83.475003,92.374998,0.000000,0.000000,0.000000,0
14920,83.025000,92.374998,0.000000,45.000343,180.000000,0
14930,83.025000,92.374998,0.000000,0.000000,0.000000,0
14940,82.800003,92.374998,0.000000,22.499657,180.000000,0
14950,82.462503,92.374998,0.000000,33.750000,180.000000,0
14960,82.462503,92.374998,0.000000,0.000000,0.000000,0
14970,82.237502,92.250000,0.000000,25.739133,-150.945953,0
14980,82.237502,92.250000,0.000000,0.000000,0.000000,0
14990,82.125003,92.250000,0.000000,11.249828,180.000000,0
15000,81.787503,92.250000,0.000000,33.750000,180.000000,0
15010,81.787503,92.250000,0.000000,0.000000,0.000000,0
15020,81.787503,92.250000,0.000000,0.000000,0.000000,0
15030,81.562502,92.124999,0.000000,25.739272,-150.945396,0
15040,81.450003,92.124999,0.000000,11.249828,180.000000,0
15050,81.450003,91.999998,0.000000,12.500095,-90.000000,0
15060,81.450003,91.999998,0.000000,0.000000,0.000000,0
15070,81.225002,91.999998,0.000000,22.500172,180.000000,0
15080,81.225002,91.999998,0.000000,0.000000,0.000000,0
15090,81.112503,91.875000,0.000000,16.816773,-131.987212,0
15100,81.112503,91.875000,0.183594,0.000000,0.000000,1
15110,81.112503,91.875000,0.183594,0.000000,0.000000,1
15120,81.112503,91.875000,0.183594,0.000000,0.000000,1
15130,81.112503,91.875000,0.183594,0.000000,0.000000,1
15140,81.112503,91.875000,0.183594,0.000000,0.000000,1
15150,81.112503,91.875000,0.183594,0.000000,0.000000,1
15160,81.112503,91.875000,0.183594,0.000000,0.000000,1
15170,81.000000,91.875000,0.423828,11.250343,180.000000,1
15180,81.000000,91.875000,0.423828,0.000000,0.000000,1
15190,81.225002,91.875000,0.404297,22.500172,0.000000,1
15200,81.562502,91.875000,0.406250,33.750000,0.000000,1
15210,81.562502,91.875000,0.406250,0.000000,0.000000,1
15220,83.475003,92.124999,0.444336,192.877224,7.447382,1
15230,83.475003,92.124999,0.444336,0.000000,0.000000,1
15240,85.387500,92.499999,0.482422,194.891460,11.093742,1
15250,87.187503,92.749998,0.519531,181.728145,7.907118,1
15260,87.187503,92.749998,0.519531,0.000000,0.000000,1
15270,89.100000,93.124998,0.533203,194.891460,11.093742,1
15280,89.100000,93.124998,0.533203,0.000000,0.000000,1
15290,90.900003,93.375000,0.554688,181.728185,7.907207,1
15300,93.150000,93.624999,0.586914,226.384277,6.340177,1
15310,93.150000,93.624999,0.586914,0.000000,0.000000,1
15320,94.050007,93.750000,0.596680,90.864602,7.907163,1
15330,94.050007,93.750000,0.596680,0.000000,0.000000,1
15340,94.612503,93.750000,0.596680,56.249657,0.000000,1
15350,95.287503,93.874998,0.599609,68.647616,10.491320,1
15360,95.287503,93.874998,0.599609,0.000000,0.000000,1
15370,95.962503,93.874998,0.612305,67.500000,0.000000,1
15380,95.962503,93.874998,0.612305,0.000000,0.000000,1
15390,96.187500,93.874998,0.615234,22.499657,0.000000,1
15400,96.187500,93.874998,0.615234,0.000000,0.000000,1
15410,96.300003,93.874998,0.615234,11.250343,0.000000,1
15420,96.300003,93.874998,0.615234,0.000000,0.000000,1
15430,96.300003,93.874998,0.615234,0.000000,0.000000,1
15440,96.412507,93.874998,0.614258,11.250343,0.000000,1
15450,96.412507,93.874998,0.614258,0.000000,0.000000,1
15460,96.412507,93.874998,0.614258,0.000000,0.000000,1
15470,96.525000,93.874998,0.614258,11.249313,0.000000,1
15480,96.525000,93.874998,0.614258,0.000000,0.000000,1
15490,96.525000,93.874998,0.614258,0.000000,0.000000,1
15500,96.525000,93.874998,0.614258,0.000000,0.000000,1
15510,96.525000,93.874998,0.614258,0.000000,0.000000,1
15520,96.525000,93.874998,0.614258,0.000000,0.000000,1
15530,96.525000,93.874998,0.614258,0.000000,0.000000,1
15540,96.525000,93.874998,0.614258,0.000000,0.000000,1
15550,96.525000,93.874998,0.614258,0.000000,0.000000,1
15560,96.525000,93.874998,0.614258,0.000000,0.000000,1
15570,96.525000,93.874998,0.614258,0.000000,0.000000,1
15580,96.525000,93.874998,0.614258,0.000000,0.000000,1
15590,96.525000,93.874998,0.614258,0.000000,0.000000,1
15600,96.525000,93.874998,0.614258,0.000000,0.000000,1
15610,96.525000,93.874998,0.614258,0.000000,0.000000,1
15620,96.412507,93.874998,0.768555,11.249313,180.000000,1
15630,96.412507,93.874998,0.768555,0.000000,0.000000,1
15640,96.300003,93.874998,0.806641,11.250343,180.000000,1
15650,96.300003,93.874998,0.806641,0.000000,0.000000,1
15660,95.850000,93.750000,0.817383,46.704134,-164.476227,1
15670,94.725007,93.499998,0.788086,115.243677,-167.471026,1
15680,94.725007,93.499998,0.788086,0.000000,0.000000,1
15690,93.825000,93.000000,0.783203,102.956809,-150.945674,1
15700,93.825000,93.000000,0.783203,0.000000,0.000000,1
15710,92.812500,92.499999,0.783203,112.922859,-153.718546,1
15720,92.025007,91.999998,0.784180,93.281637,-147.587418,1
15730,92.025007,91.999998,0.784180,0.000000,0.000000,1
15740,91.237503,91.500000,0.783203,93.282354,-147.587905,1
15750,90.675007,90.999999,0.782227,75.259773,-138.366233,1
15760,90.675007,90.999999,0.782227,0.000000,0.000000,1
15770,90.112500,90.375000,0.780273,84.085539,-131.987604,1
15780,90.112500,90.375000,0.780273,0.000000,0.000000,1
15790,89.775000,89.874999,0.778320,60.324722,-124.019299,1
15800,89.775000,89.874999,0.778320,0.000000,0.000000,1
15810,89.550003,89.499999,0.775391,43.731963,-120.963371,1
15820,89.325007,89.124999,0.775391,43.731963,-120.963371,1
15830,89.325007,89.124999,0.775391,0.000000,0.000000,1
15840,89.100000,88.749999,0.774414,43.732492,-120.964528,1
15850,89.100000,88.624998,0.774414,12.500095,-90.000000,1
15860,89.100000,88.624998,0.774414,0.000000,0.000000,1
15870,89.100000,88.624998,0.774414,0.000000,0.000000,1
15880,89.100000,88.624998,0.774414,0.000000,0.000000,1
15890,89.100000,88.500000,0.774414,12.499809,-90.000000,1
15900,88.987507,88.500000,0.774414,11.249313,180.000000,1
15910,88.987507,88.500000,0.774414,0.000000,0.000000,1
15920,88.987507,88.249998,0.773438,25.000191,-90.000000,1
15930,88.987507,88.249998,0.773438,0.000000,0.000000,1
15940,88.875003,87.874998,0.772461,39.151248,-106.699725,1
15950,88.875003,87.874998,0.772461,0.000000,0.000000,1
15960,88.650007,87.375000,0.772461,54.828966,-114.227500,1
15970,88.537503,86.625000,0.771484,75.839107,-98.531022,1
15980,88.537503,86.625000,0.771484,0.000000,0.000000,1
15990,88.312507,84.499998,0.771484,213.688010,-96.043995,1
16000,88.312507,84.499998,0.771484,0.000000,0.000000,1
16010,88.312507,82.875000,0.778320,162.499809,-90.000000,1
16020,88.312507,81.375000,0.786133,150.000000,-90.000000,1
16030,88.312507,81.375000,0.786133,0.000000,0.000000,1
16040,88.312507,79.999998,0.786133,137.500191,-90.000000,1
16050,88.312507,79.999998,0.786133,0.000000,0.000000,1
16060,88.312507,78.624996,0.790039,137.500191,-90.000000,1
16070,88.200003,76.624998,0.790039,200.315985,-93.219596,1
16080,88.200003,76.624998,0.790039,0.000000,0.000000,1
16090,88.200003,75.624996,0.790039,100.000191,-90.000000,1
16100,88.200003,75.624996,0.790039,0.000000,0.000000,1
16110,88.200003,75.000000,0.799805,62.499619,-90.000000,1
16120,88.200003,74.499996,0.805664,50.000381,-90.000000,1
16130,88.200003,74.499996,0.805664,0.000000,0.000000,1
16140,88.200003,73.749996,0.805664,75.000000,-90.000000,1
16150,88.312507,73.374996,0.805664,39.151248,-73.300275,1
16160,88.312507,73.374996,0.805664,0.000000,0.000000,1
16170,88.312507,72.999996,0.804688,37.500000,-90.000000,1
16180,88.312507,72.999996,0.804688,0.000000,0.000000,1
16190,88.425000,72.999996,0.804688,11.249313,0.000000,1
16200,88.425000,72.874998,0.803711,12.499809,-90.000000,1
16210,88.425000,72.874998,0.803711,0.000000,0.000000,1
16220,88.425000,72.874998,0.803711,0.000000,0.000000,1
16230,88.425000,72.874998,0.803711,0.000000,0.000000,1
16240,88.425000,72.999996,0.789063,12.499809,90.000000,1
16250,88.425000,72.999996,0.789063,0.000000,0.000000,1
16260,88.425000,72.999996,0.789063,0.000000,0.000000,1
16270,88.425000,72.999996,0.789063,0.000000,0.000000,1
16280,88.425000,72.999996,0.789063,0.000000,0.000000,1
16290,88.425000,72.999996,0.789063,0.000000,0.000000,1
16300,88.425000,73.125000,0.790039,12.500381,90.000000,1
16310,88.425000,73.125000,0.790039,0.000000,0.000000,1
16320,88.537503,73.374996,0.785156,27.414433,65.771273,1
16330,88.537503,73.374996,0.785156,0.000000,0.000000,1
16340,88.762500,74.499996,0.781250,114.727872,78.690236,1
16350,89.325007,76.249998,0.745117,183.818406,72.180926,1
16360,89.325007,76.249998,0.745117,0.000000,0.000000,1
16370,89.662507,77.374998,0.625000,117.453448,73.300756,1
16380,89.887503,78.249996,0.000000,90.346285,75.579408,0
16390,89.887503,78.249996,0.000000,0.000000,0.000000,0
16400,89.887503,78.624996,0.000000,37.500000,90.000000,0
16410,89.887503,78.624996,0.000000,0.000000,0.000000,0
16420,89.887503,78.999996,0.000000,37.500000,90.000000,0
16430,89.887503,78.999996,0.000000,0.000000,0.000000,0
16440,90.000007,79.999998,0.000000,100.631051,83.581031,0
16450,90.337507,80.749998,0.000000,82.243921,65.772255,0
16460,90.337507,80.749998,0.000000,0.000000,0.000000,0
16470,90.450000,81.249996,0.000000,51.249663,77.320319,0
16480,90.450000,81.249996,0.000000,0.000000,0.000000,0
16490,90.675007,81.249996,0.000000,22.500687,0.000000,0
16500,90.675007,81.249996,0.000000,0.000000,0.000000,0
16510,90.787500,81.249996,0.000000,11.249313,0.000000,0
16520,91.125000,81.499998,0.000000,42.000858,36.529064,0
16530,91.125000,81.499998,0.000000,0.000000,0.000000,0
16540,91.237503,81.624996,0.000000,16.817118,48.011483,0
16550,91.237503,81.874998,0.000000,25.000191,90.000000,0
16560,91.237503,81.874998,0.000000,0.000000,0.000000,0
16570,91.237503,81.999996,0.000000,12.499809,90.000000,0
16580,91.237503,81.999996,0.000000,0.000000,0.000000,0
16590,91.237503,81.999996,0.000000,0.000000,0.000000,0
16600,91.237503,81.999996,0.000000,0.000000,0.000000,0
16610,91.237503,81.999996,0.000000,0.000000,0.000000,0
16620,91.237503,82.249998,0.000000,25.000191,90.000000,0
16630,91.237503,82.249998,0.000000,0.000000,0.000000,0
16640,91.125000,82.374996,0.000000,16.817118,131.988517,0
16650,91.125000,82.374996,0.000000,0.000000,0.000000,0
16660,91.125000,82.624998,0.000000,25.000191,90.000000,0
16670,91.012507,82.749996,0.000000,16.816429,131.985908,0
16680,91.012507,82.749996,0.000000,0.000000,0.000000,0
16690,90.900003,83.124996,0.000000,39.151248,106.699725,0
16700,90.900003,83.124996,0.000000,0.000000,0.000000,0
16710,90.787500,83.374998,0.000000,27.414955,114.228236,0
16720,90.675007,83.499996,0.000000,16.816429,131.985908,0
16730,90.675007,83.499996,0.000000,0.000000,0.000000,0
16740,90.562503,83.625000,0.000000,16.817543,131.987212,0
16750,90.450000,83.749998,0.000000,16.817118,131.988517,0
16760,90.450000,83.749998,0.000000,0.000000,0.000000,0
16770,90.337507,83.749998,0.000000,11.249313,180.000000,0
16780,90.337507,83.749998,0.000000,0.000000,0.000000,0
16790,90.337507,83.874996,0.000000,12.499809,90.000000,0
16800,90.337507,83.874996,0.000000,0.000000,0.000000,0
16810,90.225003,83.874996,0.000000,11.250343,180.000000,0
16820,90.225003,83.874996,0.000000,0.000000,0.000000,0
16830,90.225003,83.874996,0.000000,0.000000,0.000000,0
16840,90.225003,83.874996,0.000000,0.000000,0.000000,0
16850,90.000007,84.000000,0.000000,25.738960,150.944282,0
16860,90.000007,84.000000,0.000000,0.000000,0.000000,0
16870,90.000007,84.000000,0.000000,0.000000,0.000000,0
16880,90.000007,84.124998,0.000000,12.499809,90.000000,0
16890,90.000007,84.124998,0.000000,0.000000,0.000000,0
16900,90.000007,84.124998,0.000000,0.000000,0.000000,0
16910,90.000007,84.124998,0.000000,0.000000,0.000000,0
16920,89.887503,84.249996,0.000000,16.817118,131.988517,0
16930,89.887503,84.249996,0.000000,0.000000,0.000000,0
16940,89.887503,84.249996,0.000000,0.000000,0.000000,0
16950,89.887503,84.249996,0.000000,0.000000,0.000000,0
16960,89.887503,84.249996,0.000000,0.000000,0.000000,0
16970,89.775000,84.624996,0.000000,39.151248,106.699725,0
16980,89.775000,84.624996,0.000000,0.000000,0.000000,0
16990,89.775000,84.624996,0.000000,0.000000,0.000000,0
17000,89.775000,84.874998,0.000000,25.000191,90.000000,0
17010,89.662507,84.874998,0.000000,11.249313,180.000000,0
17020,89.662507,84.999996,0.000000,12.499809,90.000000,0
17030,89.662507,84.999996,0.000000,0.000000,0.000000,0
17040,89.662507,84.999996,0.000000,0.000000,0.000000,0
17050,89.550003,85.249998,0.000000,27.414955,114.228236,0
17060,89.550003,85.374996,0.000000,12.499809,90.000000,0
17070,89.550003,85.374996,0.000000,0.000000,0.000000,0
17080,89.437500,85.624998,0.000000,27.414955,114.228236,0
17090,89.325007,85.749996,0.000000,16.816429,131.985908,0
17100,89.212503,85.999998,0.000000,27.414955,114.228236,0
17110,89.212503,85.999998,0.000000,0.000000,0.000000,0
17120,89.100000,86.124996,0.000000,16.817118,131.988517,0
17130,89.100000,86.124996,0.000000,0.000000,0.000000,0
17140,88.875003,86.749998,0.000000,66.426714,109.798542,0
17150,88.650007,87.375000,0.000000,66.426714,109.798542,0
17160,88.650007,87.375000,0.000000,0.000000,0.000000,0
17170,88.425000,88.125000,0.000000,78.302496,106.699725,0
17180,88.425000,88.125000,0.000000,0.000000,0.000000,0
17190,88.425000,88.125000,0.000000,0.000000,0.000000,0
17200,88.425000,88.125000,0.000000,0.000000,0.000000,0
17210,88.425000,88.125000,0.000000,0.000000,0.000000,0
17220,88.425000,88.125000,0.000000,0.000000,0.000000,0
17230,88.425000,88.125000,0.000000,0.000000,0.000000,0
17240,88.425000,88.125000,0.000000,0.000000,0.000000,0
17250,88.425000,88.125000,0.000000,0.000000,0.000000,0
17260,88.425000,88.125000,0.000000,0.000000,0.000000,0
17270,88.425000,88.125000,0.000000,0.000000,0.000000,0
17280,88.425000,88.125000,0.000000,0.000000,0.000000,0
17290,88.425000,88.125000,0.000000,0.000000,0.000000,0
17300,88.425000,88.125000,0.000000,0.000000,0.000000,0
17310,88.425000,88.125000,0.000000,0.000000,0.000000,0
17320,88.425000,88.125000,0.000000,0.000000,0.000000,0
17330,88.425000,88.125000,0.000000,0.000000,0.000000,0
17340,88.425000,88.125000,0.000000,0.000000,0.000000,0
17350,88.425000,88.125000,0.000000,0.000000,0.000000,0
17360,88.425000,88.125000,0.000000,0.000000,0.000000,0
17370,88.425000,88.125000,0.000000,0.000000,0.000000,0
17380,88.425000,88.125000,0.000000,0.000000,0.000000,0
17390,88.425000,88.125000,0.000000,0.000000,0.000000,0
17400,88.425000,88.125000,0.000000,0.000000,0.000000,0
17410,88.425000,88.125000,0.000000,0.000000,0.000000,0
17420,88.425000,88.125000,0.000000,0.000000,0.000000,0
17430,88.425000,88.125000,0.000000,0.000000,0.000000,0
17440,88.425000,88.125000,0.000000,0.000000,0.000000,0
17450,88.425000,88.125000,0.000000,0.000000,0.000000,0
17460,88.425000,88.125000,0.000000,0.000000,0.000000,0
17470,88.425000,88.125000,0.000000,0.000000,0.000000,0
17480,88.425000,88.125000,0.000000,0.000000,0.000000,0
17490,88.425000,88.125000,0.000000,0.000000,0.000000,0
17500,88.425000,88.125000,0.000000,0.000000,0.000000,0
17510,88.425000,88.125000,0.000000,0.000000,0.000000,0
17520,88.425000,88.125000,0.000000,0.000000,0.000000,0
17530,88.425000,88.125000,0.000000,0.000000,0.000000,0
17540,88.425000,88.125000,0.000000,0.000000,0.000000,0
17550,88.425000,88.125000,0.000000,0.000000,0.000000,0
17560,88.425000,88.125000,0.000000,0.000000,0.000000,0
17570,88.425000,88.125000,0.000000,0.000000,0.000000,0
17580,88.425000,88.125000,0.000000,0.000000,0.000000,0
17590,105.075003,105.499998,0.000000,2406.477037,46.220657,0
17600,105.075003,105.499998,0.000000,0.000000,0.000000,0
17610,105.075003,105.375000,0.000000,12.499809,-90.000000,0
17620,104.962500,105.000000,0.000000,39.151248,-106.699725,0
17630,104.962500,105.000000,0.000000,0.000000,0.000000,0
17640,104.737503,104.625000,0.000000,43.731963,-120.963371,0
17650,104.625000,104.374998,0.000000,27.414955,-114.228236,0
17660,104.625000,104.374998,0.000000,0.000000,0.000000,0
17670,104.400003,103.875000,0.000000,54.828966,-114.227500,0
17680,104.400003,103.875000,0.000000,0.000000,0.000000,0
17690,104.062503,103.500000,0.000000,50.451090,-131.987212,0
17700,103.612500,103.125000,0.000000,58.577136,-140.194644,0
17710,103.612500,103.125000,0.000000,0.000000,0.000000,0
17720,103.162507,102.874998,0.000000,51.477643,-150.944839,0
17730,103.162507,102.874998,0.000000,0.000000,0.000000,0
17740,103.050003,102.750000,0.000000,16.817118,-131.988517,0
17750,102.600000,102.874998,0.000000,46.704134,164.476227,0
17760,102.600000,102.874998,0.000000,0.000000,0.000000,0
17770,102.375003,103.125000,0.000000,33.633972,131.986560,0
17780,102.375003,103.125000,0.000000,0.000000,0.000000,0
17790,102.262500,103.374999,0.000000,27.414694,114.228481,0
17800,102.150007,103.624998,0.000000,27.414272,114.226518,0
17810,102.150007,103.624998,0.000000,0.000000,0.000000,0
17820,102.037503,103.999998,0.000000,39.151248,106.699725,0
17830,102.037503,103.999998,0.000000,0.000000,0.000000,0
17840,101.925000,104.124999,0.000000,16.817331,131.987865,0
17850,101.925000,104.374998,0.000000,24.999905,90.000000,0
17860,101.925000,104.374998,0.000000,0.000000,0.000000,0
17870,101.812507,104.499999,0.000000,16.816642,131.985256,0
17880,101.812507,104.499999,0.000000,0.000000,0.000000,0
17890,101.812507,104.749998,0.000000,24.999905,90.000000,0
17900,101.925000,105.000000,0.000000,27.414532,65.773727,0
17910,101.925000,105.000000,0.000000,0.000000,0.000000,0
17920,101.925000,105.124998,0.000000,12.499809,90.000000,0
17930,101.925000,105.124998,0.000000,0.000000,0.000000,0
17940,101.925000,105.249999,0.000000,12.500095,90.000000,0
17950,101.925000,105.249999,0.000000,0.000000,0.000000,0
17960,101.925000,105.249999,0.000000,0.000000,0.000000,0
17970,101.925000,105.499998,0.000000,24.999905,90.000000,0
17980,101.925000,105.499998,0.000000,0.000000,0.000000,0
17990,101.925000,105.624999,0.166992,12.500095,90.000000,1
18000,101.925000,105.624999,0.166992,0.000000,0.000000,1
18010,101.925000,105.624999,0.166992,0.000000,0.000000,1
18020,101.925000,105.624999,0.166992,0.000000,0.000000,1
18030,101.925000,105.624999,0.166992,0.000000,0.000000,1
18040,101.925000,105.624999,0.166992,0.000000,0.000000,1
18050,101.925000,105.750000,0.376953,12.500095,90.000000,1
18060,101.925000,105.750000,0.376953,0.000000,0.000000,1
18070,101.925000,105.750000,0.376953,0.000000,0.000000,1
18080,101.925000,105.750000,0.376953,0.000000,0.000000,1
18090,101.925000,105.750000,0.376953,0.000000,0.000000,1
18100,101.925000,105.624999,0.458008,12.500095,-90.000000,1
18110,101.925000,105.624999,0.458008,0.000000,0.000000,1
18120,101.700003,105.124998,0.470703,54.829227,-114.227377,1
18130,101.700003,105.124998,0.470703,0.000000,0.000000,1
18140,101.475007,104.499999,0.475586,66.426445,-109.798626,1
18150,101.137507,103.875000,0.500977,71.030279,-118.369083,1
18160,101.137507,103.875000,0.500977,0.000000,0.000000,1
18170,100.912500,103.249998,0.519531,66.427063,-109.799378,1
18180,100.912500,103.249998,0.519531,0.000000,0.000000,1
18190,100.575000,102.499998,0.533203,82.243921,-114.227745,1
18200,100.237500,101.499999,0.535156,105.541667,-108.649555,1
18210,100.237500,101.499999,0.535156,0.000000,0.000000,1
18220,100.125007,100.749999,0.535156,75.838955,-98.530253,1
18230,100.125007,100.749999,0.535156,0.000000,0.000000,1
18240,99.900000,99.874998,0.535156,90.346818,-104.421180,1
18250,99.675003,99.000000,0.535156,90.346285,-104.420592,1
18260,99.675003,99.000000,0.535156,0.000000,0.000000,1
18270,99.337503,97.749999,0.537109,129.476200,-105.109564,1
18280,99.337503,97.749999,0.537109,0.000000,0.000000,1
18290,99.112507,96.874998,0.537109,90.346562,-104.420547,1
18300,98.887500,96.000000,0.537109,90.346541,-104.421225,1
18310,98.887500,96.000000,0.537109,0.000000,0.000000,1
18320,98.775007,95.124999,0.539063,88.220257,-97.325956,1
18330,98.775007,95.124999,0.539063,0.000000,0.000000,1
18340,98.550000,93.999999,0.539063,114.728074,-101.310269,1
18350,98.550000,93.249999,0.539063,75.000000,-90.000000,1
18360,98.550000,93.249999,0.539063,0.000000,0.000000,1
18370,98.550000,92.625000,0.539063,62.499905,-90.000000,1
18380,98.550000,92.625000,0.539063,0.000000,0.000000,1
18390,98.550000,91.875000,0.539063,75.000000,-90.000000,1
18400,98.550000,91.374999,0.539063,50.000095,-90.000000,1
18410,98.550000,91.374999,0.539063,0.000000,0.000000,1
18420,98.550000,90.999999,0.539063,37.500000,-90.000000,1
18430,98.550000,90.999999,0.539063,0.000000,0.000000,1
18440,98.550000,90.750000,0.539063,24.999905,-90.000000,1
18450,98.550000,90.750000,0.539063,0.000000,0.000000,1
18460,98.550000,90.750000,0.539063,0.000000,0.000000,1
18470,98.550000,90.750000,0.539063,0.000000,0.000000,1
18480,98.550000,90.750000,0.539063,0.000000,0.000000,1
18490,98.550000,90.750000,0.539063,0.000000,0.000000,1
18500,98.550000,90.750000,0.539063,0.000000,0.000000,1
18510,98.550000,90.750000,0.539063,0.000000,0.000000,1
18520,98.550000,90.999999,0.534180,24.999905,90.000000,1
18530,98.550000,90.999999,0.534180,0.000000,0.000000,1
18540,98.550000,91.624998,0.521484,62.499905,90.000000,1
18550,98.662503,92.250000,0.503906,63.504678,79.795752,1
18560,98.662503,92.250000,0.503906,0.000000,0.000000,1
18570,98.775007,93.124998,0.461914,88.220105,82.673356,1
18580,98.775007,93.124998,0.461914,0.000000,0.000000,1
18590,98.775007,94.374999,0.439453,125.000095,90.000000,1
18600,99.000003,95.124999,0.435547,78.302200,73.300996,1
18610,99.000003,95.124999,0.435547,0.000000,0.000000,1
18620,99.225000,96.000000,0.448242,90.346562,75.579453,1
18630,99.225000,96.000000,0.448242,0.000000,0.000000,1
18640,99.562500,96.999999,0.468750,105.541667,71.350445,1
18650,100.125007,98.124999,0.500000,125.779131,63.434669,1
18660,100.125007,98.124999,0.500000,0.000000,0.000000,1
18670,100.575000,98.749998,0.519531,77.014130,54.246486,1
18680,100.575000,98.749998,0.519531,0.000000,0.000000,1
18690,100.912500,99.249999,0.531250,60.324722,55.980701,1
18700,101.362503,99.874998,0.544922,77.014732,54.245864,1
18710,101.362503,99.874998,0.544922,0.000000,0.000000,1
18720,102.037503,100.374999,0.560547,84.001545,36.528908,1
18730,102.037503,100.374999,0.560547,0.000000,0.000000,1
18740,103.387503,101.124999,0.574219,154.434452,29.054604,1
18750,104.512507,101.625000,0.574219,123.111075,23.962465,1
18760,104.512507,101.625000,0.574219,0.000000,0.000000,1
18770,106.087503,102.124998,0.599609,165.245644,17.612551,1
18780,106.087503,102.124998,0.599609,0.000000,0.000000,1
18790,108.112503,102.499998,0.625977,205.942953,10.491477,1
18800,109.350000,102.750000,0.637695,126.249701,11.421302,1
18810,109.350000,102.750000,0.637695,0.000000,0.000000,1
18820,110.700000,102.874998,0.637695,135.577451,5.290001,1
18830,110.700000,102.874998,0.637695,0.000000,0.000000,1
18840,112.050000,102.999999,0.641602,135.577477,5.290121,1
18850,113.175003,103.125000,0.644531,113.192666,6.340221,1
18860,113.175003,103.125000,0.644531,0.000000,0.000000,1
18870,113.962507,103.125000,0.653320,78.750343,0.000000,1
18880,113.962507,103.125000,0.653320,0.000000,0.000000,1
18890,115.762500,103.125000,0.655273,179.999313,0.000000,1
18900,116.887503,102.999999,0.659180,113.192666,-6.340221,1
18910,116.887503,102.999999,0.659180,0.000000,0.000000,1
18920,118.012507,102.750000,0.661133,115.244620,-12.528724,1
18930,118.012507,102.750000,0.661133,0.000000,0.000000,1
18940,118.800000,102.624999,0.662109,79.735229,-9.019467,1
18950,119.362507,102.499998,0.677734,57.622844,-12.528752,1
18960,119.362507,102.499998,0.677734,0.000000,0.000000,1
18970,120.262503,102.375000,0.678711,90.863543,-7.907073,1
18980,120.262503,102.375000,0.678711,0.000000,0.000000,1
18990,120.712507,102.249999,0.679688,46.704211,-15.524111,1
19000,121.162500,102.124998,0.686523,46.703218,-15.524449,1
19010,121.162500,102.124998,0.686523,0.000000,0.000000,1
19020,121.500000,102.000000,0.692383,35.990384,-20.322852,1
19030,121.500000,102.000000,0.692383,0.000000,0.000000,1
19040,121.837500,101.874999,0.692383,35.990483,-20.323279,1
19050,121.950003,101.749998,0.692383,16.817331,-48.012135,1
19060,121.950003,101.749998,0.692383,0.000000,0.000000,1
19070,121.950003,101.749998,0.692383,0.000000,0.000000,1
19080,121.950003,101.749998,0.692383,0.000000,0.000000,1
19090,121.950003,101.749998,0.692383,0.000000,0.000000,1
19100,121.950003,101.749998,0.692383,0.000000,0.000000,1
19110,121.950003,101.749998,0.692383,0.000000,0.000000,1
19120,121.950003,101.749998,0.692383,0.000000,0.000000,1
19130,121.950003,101.749998,0.692383,0.000000,0.000000,1
19140,121.950003,101.749998,0.692383,0.000000,0.000000,1
19150,121.950003,101.625000,0.701172,12.499809,-90.000000,1
19160,121.950003,101.625000,0.701172,0.000000,0.000000,1
19170,121.950003,101.625000,0.701172,0.000000,0.000000,1
19180,121.950003,101.625000,0.701172,0.000000,0.000000,1
19190,121.950003,101.625000,0.701172,0.000000,0.000000,1
19200,121.950003,101.625000,0.701172,0.000000,0.000000,1
19210,121.950003,101.625000,0.701172,0.000000,0.000000,1
19220,121.950003,101.625000,0.701172,0.000000,0.000000,1
19230,121.950003,101.625000,0.701172,0.000000,0.000000,1
19240,121.950003,101.625000,0.701172,0.000000,0.000000,1
19250,121.950003,101.625000,0.701172,0.000000,0.000000,1
19260,121.950003,101.625000,0.701172,0.000000,0.000000,1
19270,121.950003,101.625000,0.701172,0.000000,0.000000,1
19280,121.950003,101.625000,0.701172,0.000000,0.000000,1
19290,121.950003,101.625000,0.701172,0.000000,0.000000,1
19300,121.950003,101.625000,0.701172,0.000000,0.000000,1
19310,121.950003,101.625000,0.701172,0.000000,0.000000,1
19320,121.950003,101.625000,0.701172,0.000000,0.000000,1
19330,121.950003,101.625000,0.701172,0.000000,0.000000,1
19340,121.950003,101.625000,0.701172,0.000000,0.000000,1
19350,121.950003,101.625000,0.701172,0.000000,0.000000,1
19360,121.950003,101.625000,0.701172,0.000000,0.000000,1
19370,121.950003,101.625000,0.701172,0.000000,0.000000,1
19380,121.950003,101.625000,0.701172,0.000000,0.000000,1
19390,121.950003,101.625000,0.701172,0.000000,0.000000,1
19400,121.950003,101.625000,0.701172,0.000000,0.000000,1
19410,121.950003,101.625000,0.701172,0.000000,0.000000,1
19420,121.950003,101.625000,0.701172,0.000000,0.000000,1
19430,121.950003,101.625000,0.701172,0.000000,0.000000,1
19440,121.950003,101.625000,0.701172,0.000000,0.000000,1
19450,121.950003,101.499999,0.708984,12.500095,-90.000000,1
19460,121.950003,101.499999,0.708984,0.000000,0.000000,1
19470,121.950003,101.374998,0.711914,12.500095,-90.000000,1
19480,121.950003,101.374998,0.711914,0.000000,0.000000,1
19490,121.950003,101.250000,0.714844,12.499809,-90.000000,1
19500,121.950003,101.124999,0.716797,12.500095,-90.000000,1
19510,121.950003,101.124999,0.716797,0.000000,0.000000,1
19520,121.950003,100.875000,0.716797,24.999905,-90.000000,1
19530,121.950003,100.875000,0.716797,0.000000,0.000000,1
19540,121.950003,100.624998,0.724609,25.000191,-90.000000,1
19550,121.612503,99.874998,0.731445,82.243921,-114.227745,1
19560,121.612503,99.874998,0.731445,0.000000,0.000000,1
19570,121.162500,99.124998,0.739258,87.464455,-120.963949,1
19580,121.162500,99.124998,0.739258,0.000000,0.000000,1
19590,120.262503,97.875000,0.747070,154.028863,-125.753825,1
19600,118.800000,96.375000,0.752930,209.497406,-134.274843,1
19610,118.800000,96.375000,0.752930,0.000000,0.000000,1
19620,117.450000,95.124999,0.754883,183.983760,-137.202576,1
19630,117.450000,95.124999,0.754883,0.000000,0.000000,1
19640,116.775000,94.500000,0.759766,91.991783,-137.202642,1
19650,115.875003,93.750000,0.760742,117.153481,-140.194321,1
19660,115.875003,93.750000,0.760742,0.000000,0.000000,1
19670,115.425000,93.249999,0.743164,67.268421,-131.987376,1
19680,115.425000,93.249999,0.743164,0.000000,0.000000,1
19690,114.975007,93.000000,0.618164,51.477504,-150.945118,1
19700,114.750000,92.874999,0.000000,25.739722,-150.945953,0
19710,114.750000,92.874999,0.000000,0.000000,0.000000,0
19720,114.750000,93.124998,0.000000,24.999905,90.000000,0
19730,114.750000,93.124998,0.000000,0.000000,0.000000,0
19740,114.750000,93.249999,0.000000,12.500095,90.000000,0
19750,114.750000,93.624999,0.000000,37.500000,90.000000,0
19760,114.750000,93.624999,0.000000,0.000000,0.000000,0
19770,114.862503,93.874998,0.000000,27.414694,65.771519,0
19780,114.862503,93.874998,0.000000,0.000000,0.000000,0
19790,114.975007,93.999999,0.000000,16.817331,48.012135,0
19800,115.087500,93.999999,0.000000,11.249313,0.000000,0
19810,115.087500,93.999999,0.000000,0.000000,0.000000,0
19820,115.087500,94.374999,0.000000,37.500000,90.000000,0
19830,115.087500,94.374999,0.000000,0.000000,0.000000,0
19840,115.087500,94.624998,0.000000,24.999905,90.000000,0
19850,115.087500,94.624998,0.000000,0.000000,0.000000,0
19860,114.975007,94.749999,0.000000,16.816642,131.985256,0
19870,114.862503,94.875000,0.000000,16.817331,131.987865,0
19880,114.862503,94.875000,0.000000,0.000000,0.000000,0
19890,114.637507,94.999998,0.000000,25.738683,150.945396,0
19900,114.300007,94.999998,0.000000,33.750000,180.000000,0
19910,114.300007,94.999998,0.000000,0.000000,0.000000,0
19920,114.187503,95.124999,0.000000,16.817331,131.987865,0
19930,114.187503,95.124999,0.000000,0.000000,0.000000,0
19940,113.850003,95.124999,0.000000,33.750000,180.000000,0
19950,113.512503,95.250000,0.000000,35.990483,159.676721,0
19960,113.512503,95.250000,0.000000,0.000000,0.000000,0
19970,113.175003,95.250000,0.000000,33.750000,180.000000,0
19980,113.175003,95.250000,0.000000,0.000000,0.000000,0
19990,112.950007,95.250000,0.000000,22.499657,180.000000,0
20000,112.837503,95.250000,0.000000,11.250343,180.000000,0
20010,112.837503,95.250000,0.000000,0.000000,0.000000,0
20020,112.500003,95.250000,0.000000,33.750000,180.000000,0
20030,112.500003,95.250000,0.000000,0.000000,0.000000,0
20040,112.275007,95.250000,0.000000,22.499657,180.000000,0
20050,112.162503,95.374998,0.000000,16.817118,131.988517,0
20060,112.162503,95.374998,0.000000,0.000000,0.000000,0
20070,112.162503,95.374998,0.000000,0.000000,0.000000,0
20080,112.162503,95.374998,0.000000,0.000000,0.000000,0
20090,112.162503,95.374998,0.000000,0.000000,0.000000,0
20100,111.825003,95.374998,0.000000,33.750000,180.000000,0
20110,111.825003,95.374998,0.000000,0.000000,0.000000,0
20120,111.825003,95.374998,0.000000,0.000000,0.000000,0
20130,111.825003,95.374998,0.000000,0.000000,0.000000,0
20140,111.825003,95.374998,0.000000,0.000000,0.000000,0
20150,111.600007,95.374998,0.000000,22.499657,180.000000,0
20160,111.600007,95.374998,0.000000,0.000000,0.000000,0
20170,111.487503,95.499999,0.000000,16.817331,131.987865,0
20180,111.487503,95.499999,0.000000,0.000000,0.000000,0
20190,111.262507,95.749998,0.000000,33.633760,131.986886,0
20200,111.262507,95.749998,0.000000,0.000000,0.000000,0
20210,111.150003,95.874999,0.000000,16.817331,131.987865,0
20220,111.150003,95.874999,0.000000,0.000000,0.000000,0
20230,110.925007,96.124998,0.000000,33.633760,131.986886,0
20240,110.925007,96.249999,0.000000,12.500095,90.000000,0
20250,110.812503,96.375000,0.000000,16.817331,131.987865,0
20260,110.812503,96.375000,0.000000,0.000000,0.000000,0
20270,110.700000,96.499998,0.000000,16.817118,131.988517,0
20280,110.700000,96.499998,0.000000,0.000000,0.000000,0
20290,110.587507,96.624999,0.000000,16.816642,131.985256,0
20300,110.475003,96.874998,0.000000,27.414694,114.228481,0
20310,110.475003,96.874998,0.000000,0.000000,0.000000,0
20320,110.250007,97.249998,0.000000,43.731963,120.963371,0
20330,110.250007,97.249998,0.000000,0.000000,0.000000,0
20340,110.137503,97.374999,0.000000,16.817331,131.987865,0
20350,109.912507,97.624998,0.000000,33.633760,131.986886,0
20360,109.912507,97.624998,0.000000,0.000000,0.000000,0
20370,109.800003,97.749999,0.000000,16.817331,131.987865,0
20380,109.800003,97.749999,0.000000,0.000000,0.000000,0
20390,109.800003,97.999998,0.000000,24.999905,90.000000,0
20400,109.800003,98.124999,0.000000,12.500095,90.000000,0
20410,109.800003,98.124999,0.000000,0.000000,0.000000,0
20420,109.800003,98.124999,0.000000,0.000000,0.000000,0
20430,109.800003,98.124999,0.000000,0.000000,0.000000,0
20440,109.800003,98.124999,0.000000,0.000000,0.000000,0
20450,109.800003,98.374998,0.000000,24.999905,90.000000,0
20460,109.800003,98.374998,0.000000,0.000000,0.000000,0
20470,109.800003,98.499999,0.000000,12.500095,90.000000,0
20480,109.800003,98.499999,0.000000,0.000000,0.000000,0
20490,109.687500,98.749998,0.000000,27.414694,114.228481,0
20500,109.575007,98.874999,0.000000,16.816642,131.985256,0
20510,109.575007,98.874999,0.000000,0.000000,0.000000,0
20520,109.575007,99.124998,0.000000,24.999905,90.000000,0
20530,109.575007,99.124998,0.000000,0.000000,0.000000,0
20540,109.462503,99.124998,0.000000,11.250343,180.000000,0
20550,109.462503,99.249999,0.000000,12.500095,90.000000,0
20560,109.462503,99.249999,0.000000,0.000000,0.000000,0
20570,109.462503,99.249999,0.000000,0.000000,0.000000,0
20580,109.462503,99.249999,0.000000,0.000000,0.000000,0
20590,109.462503,99.249999,0.000000,0.000000,0.000000,0
20600,109.462503,99.499998,0.000000,24.999905,90.000000,0
20610,109.462503,99.499998,0.000000,0.000000,0.000000,0
20620,109.462503,99.499998,0.000000,0.000000,0.000000,0
20630,109.575007,99.499998,0.000000,11.250343,0.000000,0
20640,109.575007,99.375000,0.000000,12.499809,-90.000000,0
20650,109.575007,99.375000,0.000000,0.000000,0.000000,0
20660,109.575007,99.375000,0.000000,0.000000,0.000000,0
20670,109.687500,98.874999,0.000000,51.249942,-77.320389,0
20680,109.687500,98.874999,0.000000,0.000000,0.000000,0
20690,109.687500,98.625000,0.000000,24.999905,-90.000000,0
20700,109.800003,97.125000,0.000000,150.421309,-85.710716,0
20710,109.800003,97.125000,0.000000,0.000000,0.000000,0
20720,110.025000,95.874999,0.000000,127.008891,-79.796186,0
20730,110.025000,95.874999,0.000000,0.000000,0.000000,0
20740,110.250007,94.875000,0.000000,102.500058,-77.319230,0
20750,110.362500,94.500000,0.000000,39.150952,-73.301718,0
20760,110.362500,94.500000,0.000000,0.000000,0.000000,0
20770,110.700000,94.125000,0.000000,50.451090,-48.012788,0
20780,110.700000,94.125000,0.000000,0.000000,0.000000,0
20790,110.925007,93.750000,0.000000,43.732492,-59.035472,0
20800,111.037500,93.750000,0.000000,11.249313,0.000000,0
20810,111.037500,93.750000,0.000000,0.000000,0.000000,0
20820,111.037500,93.375000,0.000000,37.500000,-90.000000,0
20830,111.037500,93.375000,0.000000,0.000000,0.000000,0
20840,111.037500,93.375000,0.000000,0.000000,0.000000,0
20850,111.037500,93.624999,0.000000,24.999905,90.000000,0
20860,111.037500,93.999999,0.000000,37.500000,90.000000,0
20870,111.037500,94.249998,0.000000,24.999905,90.000000,0
20880,111.037500,94.249998,0.000000,0.000000,0.000000,0
20890,111.037500,94.374999,0.000000,12.500095,90.000000,0
20900,111.037500,94.749999,0.000000,37.500000,90.000000,0
20910,111.037500,94.749999,0.000000,0.000000,0.000000,0
20920,111.037500,94.999998,0.000000,24.999905,90.000000,0
20930,111.037500,94.999998,0.000000,0.000000,0.000000,0
20940,111.150003,95.374998,0.000000,39.151248,73.300275,0
20950,111.150003,95.499999,0.000000,12.500095,90.000000,0
20960,111.150003,95.499999,0.000000,0.000000,0.000000,0
20970,111.150003,95.874999,0.000000,37.500000,90.000000,0
20980,111.150003,95.874999,0.000000,0.000000,0.000000,0
20990,111.150003,95.874999,0.000000,0.000000,0.000000,0
21000,111.150003,96.124998,0.000000,24.999905,90.000000,0
21010,111.150003,96.249999,0.000000,12.500095,90.000000,0
21020,111.150003,96.249999,0.000000,0.000000,0.000000,0
21030,111.150003,96.499998,0.000000,24.999905,90.000000,0
21040,111.150003,96.499998,0.000000,0.000000,0.000000,0
21050,111.150003,96.624999,0.000000,12.500095,90.000000,0
21060,111.150003,96.874998,0.000000,24.999905,90.000000,0
21070,111.150003,96.999999,0.000000,12.500095,90.000000,0
21080,111.150003,96.999999,0.000000,0.000000,0.000000,0
21090,111.150003,97.249998,0.000000,24.999905,90.000000,0
21100,111.150003,97.374999,0.000000,12.500095,90.000000,0
21110,111.150003,97.374999,0.000000,0.000000,0.000000,0
21120,111.262507,97.500000,0.000000,16.817331,48.012135,0
21130,111.262507,97.500000,0.000000,0.000000,0.000000,0
21140,111.262507,97.624998,0.000000,12.499809,90.000000,0
21150,111.375000,97.624998,0.000000,11.249313,0.000000,0
21160,111.375000,97.749999,0.178711,12.500095,90.000000,1
21170,111.375000,97.749999,0.178711,0.000000,0.000000,1
21180,111.375000,97.749999,0.178711,0.000000,0.000000,1
21190,111.375000,97.749999,0.178711,0.000000,0.000000,1
21200,111.375000,97.749999,0.178711,0.000000,0.000000,1
21210,111.375000,97.749999,0.178711,0.000000,0.000000,1
21220,111.375000,97.749999,0.178711,0.000000,0.000000,1
21230,111.375000,97.749999,0.178711,0.000000,0.000000,1
21240,111.487503,97.749999,0.401367,11.250343,0.000000,1
21250,111.487503,97.749999,0.401367,0.000000,0.000000,1
21260,111.487503,97.749999,0.401367,0.000000,0.000000,1
21270,111.487503,97.749999,0.401367,0.000000,0.000000,1
21280,111.487503,97.749999,0.401367,0.000000,0.000000,1
21290,111.487503,97.624998,0.395508,12.500095,-90.000000,1
21300,111.375000,97.374999,0.490234,27.414694,-114.228481,1
21310,111.375000,97.374999,0.490234,0.000000,0.000000,1
21320,111.375000,96.999999,0.514648,37.500000,-90.000000,1
21330,111.375000,96.999999,0.514648,0.000000,0.000000,1
21340,111.150003,96.375000,0.532227,66.426445,-109.798626,1
21350,111.037500,95.874999,0.547852,51.250168,-102.680735,1
21360,111.037500,95.874999,0.547852,0.000000,0.000000,1
21370,110.700000,95.250000,0.553711,71.030279,-118.369083,1
21380,110.700000,95.250000,0.553711,0.000000,0.000000,1
21390,110.250007,94.125000,0.558594,121.165953,-111.801108,1
21400,109.912507,93.249999,0.571289,93.783416,-111.092319,1
21410,109.912507,93.249999,0.571289,0.000000,0.000000,1
21420,109.575007,92.374998,0.591797,93.783416,-111.092319,1
21430,109.575007,92.374998,0.591797,0.000000,0.000000,1
21440,109.125003,91.500000,0.608398,98.393331,-117.216340,1
21450,108.787503,90.624999,0.623047,93.783416,-111.092319,1
21460,108.787503,90.624999,0.623047,0.000000,0.000000,1
21470,108.225007,89.374998,0.630859,137.073147,-114.227598,1
21480,107.775003,88.125000,0.640625,132.853239,-109.799044,1
21490,107.775003,88.125000,0.640625,0.000000,0.000000,1
21500,107.100003,86.625000,0.648438,164.487841,-114.227745,1
21510,107.100003,86.625000,0.648438,0.000000,0.000000,1
21520,106.425003,85.249998,0.654297,153.174908,-116.146810,1
21530,106.425003,85.249998,0.654297,0.000000,0.000000,1
21540,105.637500,83.499996,0.668945,191.902797,-114.227815,1
21550,105.075003,82.249998,0.672852,137.072886,-114.227647,1
21560,105.075003,82.249998,0.672852,0.000000,0.000000,1
21570,104.625000,81.375000,0.674805,98.393331,-117.216340,1
21580,104.625000,81.375000,0.674805,0.000000,0.000000,1
21590,103.950000,80.374998,0.678711,120.649443,-124.019299,1
21600,103.050003,79.125000,0.686523,154.028863,-125.753825,1
21610,103.050003,79.125000,0.686523,0.000000,0.000000,1
21620,102.150007,78.124998,0.701172,134.536153,-131.987049,1
21630,102.150007,78.124998,0.701172,0.000000,0.000000,1
21640,101.587500,77.499996,0.707031,84.085751,-131.987473,1
21650,100.912500,76.749996,0.713867,100.902180,-131.987212,1
21660,100.912500,76.749996,0.713867,0.000000,0.000000,1
21670,100.237500,76.125000,0.715820,91.991588,-137.202772,1
21680,100.237500,76.125000,0.715820,0.000000,0.000000,1
21690,99.562500,75.499998,0.717773,91.991977,-137.202511,1
21700,98.887500,74.874996,0.722656,91.991977,-137.202511,1
21710,98.887500,74.874996,0.722656,0.000000,0.000000,1
21720,98.662503,74.749998,0.736328,25.738683,-150.945396,1
21730,98.662503,74.749998,0.736328,0.000000,0.000000,1
21740,98.550000,74.749998,0.771484,11.250343,180.000000,1
21750,98.550000,74.749998,0.771484,0.000000,0.000000,1
21760,98.550000,74.749998,0.771484,0.000000,0.000000,1
21770,98.550000,74.749998,0.771484,0.000000,0.000000,1
21780,98.550000,74.749998,0.771484,0.000000,0.000000,1
21790,98.550000,74.749998,0.771484,0.000000,0.000000,1
21800,98.550000,74.749998,0.771484,0.000000,0.000000,1
21810,98.550000,74.749998,0.771484,0.000000,0.000000,1
21820,98.550000,74.749998,0.771484,0.000000,0.000000,1
21830,98.550000,74.749998,0.771484,0.000000,0.000000,1
21840,98.550000,74.749998,0.771484,0.000000,0.000000,1
21850,98.662503,75.124998,0.000000,39.151248,73.300275,0
21860,98.662503,75.124998,0.000000,0.000000,0.000000,0
21870,98.887500,76.125000,0.000000,102.500111,77.319827,0
21880,98.887500,76.125000,0.000000,0.000000,0.000000,0
21890,99.450007,77.625000,0.000000,160.200311,69.443725,0
21900,100.125007,78.999996,0.000000,153.174394,63.853096,0
21910,100.125007,78.999996,0.000000,0.000000,0.000000,0
21920,100.687503,79.875000,0.000000,104.020866,57.265046,0
21930,100.687503,79.875000,0.000000,0.000000,0.000000,0
21940,101.475007,80.625000,0.000000,108.750249,43.602694,0
21950,102.037503,80.874996,0.000000,61.554893,23.962294,0
21960,102.037503,80.874996,0.000000,0.000000,0.000000,0
21970,102.712503,81.499998,0.000000,91.991977,42.797489,0
21980,102.712503,81.499998,0.000000,0.000000,0.000000,0
21990,103.162507,81.750000,0.000000,51.478543,29.054604,0
22000,103.162507,81.874998,0.000000,12.499809,90.000000,0
22010,103.162507,81.874998,0.000000,0.000000,0.000000,0
22020,103.275000,81.999996,0.000000,16.816429,48.014092,0
22030,103.275000,81.999996,0.000000,0.000000,0.000000,0
22040,103.050003,82.125000,0.000000,25.738960,150.944282,0
22050,102.712503,82.125000,0.000000,33.750000,180.000000,0
22060,102.712503,82.125000,0.000000,0.000000,0.000000,0
22070,102.487507,82.125000,0.000000,22.499657,180.000000,0
22080,102.487507,82.125000,0.000000,0.000000,0.000000,0
22090,102.150007,82.249998,0.000000,35.990384,159.677148,0
22100,102.037503,82.374996,0.000000,16.817118,131.988517,0
22110,102.037503,82.374996,0.000000,0.000000,0.000000,0
22120,102.037503,82.374996,0.000000,0.000000,0.000000,0
22130,101.925000,82.624998,0.000000,27.414955,114.228236,0
22140,101.925000,82.624998,0.000000,0.000000,0.000000,0
22150,101.925000,82.624998,0.000000,0.000000,0.000000,0
22160,102.037503,82.624998,0.155273,11.250343,0.000000,1
22170,102.037503,82.624998,0.155273,0.000000,0.000000,1
22180,102.037503,82.624998,0.155273,0.000000,0.000000,1
22190,102.037503,82.624998,0.155273,0.000000,0.000000,1
22200,102.037503,82.624998,0.155273,0.000000,0.000000,1
22210,102.037503,82.624998,0.155273,0.000000,0.000000,1
22220,103.162507,82.624998,0.387695,112.500343,0.000000,1
22230,103.162507,82.624998,0.387695,0.000000,0.000000,1
22240,103.837507,82.624998,0.435547,67.500000,0.000000,1
22250,104.625000,82.374996,0.492188,82.622418,-17.612848,1
22260,104.625000,82.374996,0.492188,0.000000,0.000000,1
22270,105.412503,82.125000,0.510742,82.623226,-17.612254,1
22280,105.412503,82.125000,0.510742,0.000000,0.000000,1
22290,106.200007,81.874998,0.528320,82.623399,-17.612632,1
22300,107.437503,81.124998,0.568359,144.703067,-31.218473,1
22310,107.437503,81.124998,0.568359,0.000000,0.000000,1
22320,108.337500,80.499996,0.621094,109.572862,-34.778016,1
22330,108.337500,80.499996,0.621094,0.000000,0.000000,1
22340,109.125003,79.875000,0.648438,100.537649,-38.437010,1
22350,110.025000,79.125000,0.650391,117.153481,-39.805679,1
22360,110.025000,79.125000,0.650391,0.000000,0.000000,1
22370,110.812503,78.375000,0.651367,108.750249,-43.602694,1
22380,110.812503,78.375000,0.651367,0.000000,0.000000,1
22390,112.050000,77.374998,0.668945,159.103789,-38.941143,1
22400,112.725000,76.749996,0.683594,91.991977,-42.797489,1
22410,112.725000,76.749996,0.683594,0.000000,0.000000,1
22420,113.512503,75.999996,0.706055,108.750249,-43.602694,1
22430,113.512503,75.999996,0.706055,0.000000,0.000000,1
22440,114.412500,75.249996,0.724609,117.153481,-39.805679,1
22450,115.200003,74.625000,0.731445,100.537649,-38.437010,1
22460,115.200003,74.625000,0.731445,0.000000,0.000000,1
22470,116.437500,73.374996,0.740234,175.895062,-45.288083,1
22480,116.437500,73.374996,0.740234,0.000000,0.000000,1
22490,117.225003,72.624996,0.744141,108.750249,-43.602694,1
22500,118.012507,71.749998,0.750000,117.719298,-48.012601,1
22510,118.012507,71.749998,0.750000,0.000000,0.000000,1
22520,118.687507,70.875000,0.755859,110.510030,-52.352319,1
22530,118.687507,70.875000,0.755859,0.000000,0.000000,1
22540,119.587503,69.874998,0.760742,134.536153,-48.012951,1
22550,119.925003,69.499998,0.777344,50.451090,-48.012788,1
22560,119.925003,69.499998,0.777344,0.000000,0.000000,1
22570,120.150000,69.124998,0.775391,43.731963,-59.036629,1
22580,120.150000,69.124998,0.775391,0.000000,0.000000,1
22590,120.375007,69.000000,0.775391,25.739583,-29.053491,1
22600,120.487500,68.874996,0.775391,16.816854,-48.015396,1
22610,120.487500,68.874996,0.775391,0.000000,0.000000,1
22620,120.487500,68.874996,0.775391,0.000000,0.000000,1
22630,120.487500,68.874996,0.775391,0.000000,0.000000,1
22640,120.487500,68.874996,0.775391,0.000000,0.000000,1
22650,120.487500,68.874996,0.775391,0.000000,0.000000,1
22660,120.487500,68.874996,0.775391,0.000000,0.000000,1
22670,120.487500,68.874996,0.775391,0.000000,0.000000,1
22680,120.487500,68.874996,0.775391,0.000000,0.000000,1
22690,120.150000,69.624996,0.000000,82.243921,114.227745,0
22700,120.150000,69.624996,0.000000,0.000000,0.000000,0
22710,120.150000,69.624996,0.000000,0.000000,0.000000,0
22720,120.037507,69.999996,0.000000,39.150952,106.698282,0
22730,120.037507,69.999996,0.000000,0.000000,0.000000,0
22740,119.700007,70.875000,0.000000,93.783683,111.092256,0
22750,119.025007,72.624996,0.000000,187.566299,111.092381,0
22760,119.025007,72.624996,0.000000,0.000000,0.000000,0
22770,117.900003,76.624998,0.000000,415.519530,105.708676,0
22780,118.012507,78.624996,0.000000,200.315985,86.780404,0
22790,118.012507,78.624996,0.000000,0.000000,0.000000,0
22800,118.125000,80.250000,0.000000,162.889291,86.039938,0
22810,118.125000,80.250000,0.000000,0.000000,0.000000,0
22820,118.012507,81.874998,0.000000,162.888720,93.960076,0
22830,117.562503,84.624996,0.000000,278.657363,99.293385,0
22840,117.562503,84.624996,0.000000,0.000000,0.000000,0
22850,117.112500,86.625000,0.000000,205.000448,102.680454,0
22860,117.112500,86.625000,0.000000,0.000000,0.000000,0
22870,116.662507,88.374999,0.000000,180.692847,104.420570,0
22880,116.662507,88.374999,0.000000,0.000000,0.000000,0
22890,116.100000,89.874999,0.000000,160.200311,110.556275,0
22900,115.875003,91.125000,0.000000,127.008891,100.203814,0
22910,115.875003,91.125000,0.000000,0.000000,0.000000,0
22920,115.425000,92.250000,0.000000,121.166336,111.801560,0
22930,115.425000,92.250000,0.000000,0.000000,0.000000,0
22940,115.087500,91.999998,0.000000,42.000858,-143.470936,0
22950,114.862503,91.999998,0.000000,22.499657,180.000000,0
22960,114.862503,91.999998,0.000000,0.000000,0.000000,0
22970,114.637507,92.749998,0.000000,78.302200,106.699004,0
22980,114.300007,94.249998,0.000000,153.750000,102.680383,0
22990,114.300007,94.249998,0.000000,0.000000,0.000000,0
23000,114.300007,95.250000,0.000000,100.000191,90.000000,0
23010,114.300007,95.250000,0.000000,0.000000,0.000000,0
23020,114.300007,96.499998,0.000000,124.999809,90.000000,0
23030,114.300007,96.499998,0.000000,0.000000,0.000000,0
23040,114.300007,96.499998,0.000000,0.000000,0.000000,0
23050,114.300007,96.499998,0.000000,0.000000,0.000000,0
23060,114.300007,96.499998,0.000000,0.000000,0.000000,0
23070,114.300007,96.499998,0.000000,0.000000,0.000000,0
23080,114.300007,96.499998,0.000000,0.000000,0.000000,0
23090,114.300007,96.499998,0.000000,0.000000,0.000000,0
23100,114.300007,96.499998,0.000000,0.000000,0.000000,0
23110,114.300007,96.499998,0.000000,0.000000,0.000000,0
23120,114.300007,96.499998,0.000000,0.000000,0.000000,0
23130,114.300007,96.499998,0.000000,0.000000,0.000000,0
23140,114.300007,96.499998,0.000000,0.000000,0.000000,0
23150,114.300007,96.499998,0.000000,0.000000,0.000000,0
23160,114.300007,96.499998,0.000000,0.000000,0.000000,0
23170,114.300007,96.499998,0.000000,0.000000,0.000000,0
23180,114.300007,96.499998,0.000000,0.000000,0.000000,0
23190,114.300007,96.499998,0.000000,0.000000,0.000000,0
23200,114.300007,96.499998,0.000000,0.000000,0.000000,0
23210,114.300007,96.499998,0.000000,0.000000,0.000000,0
23220,114.300007,96.499998,0.000000,0.000000,0.000000,0
23230,114.300007,96.499998,0.000000,0.000000,0.000000,0
23240,114.300007,96.499998,0.000000,0.000000,0.000000,0
23250,114.300007,96.499998,0.000000,0.000000,0.000000,0
23260,114.300007,96.499998,0.000000,0.000000,0.000000,0
23270,114.300007,96.499998,0.000000,0.000000,0.000000,0
23280,114.300007,96.499998,0.000000,0.000000,0.000000,0
23290,114.300007,96.499998,0.000000,0.000000,0.000000,0
23300,114.300007,96.499998,0.000000,0.000000,0.000000,0
23310,114.300007,96.499998,0.000000,0.000000,0.000000,0
23320,114.300007,96.499998,0.000000,0.000000,0.000000,0
23330,114.300007,96.499998,0.000000,0.000000,0.000000,0
23340,114.300007,96.499998,0.000000,0.000000,0.000000,0
23350,114.300007,96.499998,0.000000,0.000000,0.000000,0
23360,114.300007,96.499998,0.000000,0.000000,0.000000,0
23370,114.300007,96.499998,0.000000,0.000000,0.000000,0
23380,114.300007,96.499998,0.000000,0.000000,0.000000,0
23390,114.300007,96.499998,0.000000,0.000000,0.000000,0
23400,114.300007,96.499998,0.000000,0.000000,0.000000,0
23410,114.300007,96.499998,0.000000,0.000000,0.000000,0
23420,114.300007,96.499998,0.000000,0.000000,0.000000,0
23430,114.300007,96.499998,0.000000,0.000000,0.000000,0
23440,114.300007,96.499998,0.000000,0.000000,0.000000,0
23450,114.300007,96.499998,0.000000,0.000000,0.000000,0
23460,114.300007,96.499998,0.000000,0.000000,0.000000,0
23470,114.300007,96.499998,0.000000,0.000000,0.000000,0
23480,114.300007,96.499998,0.000000,0.000000,0.000000,0
23490,114.300007,96.499998,0.000000,0.000000,0.000000,0
23500,114.300007,96.499998,0.000000,0.000000,0.000000,0
23510,114.300007,96.499998,0.000000,0.000000,0.000000,0
23520,114.300007,96.499998,0.000000,0.000000,0.000000,0
23530,114.300007,96.499998,0.000000,0.000000,0.000000,0
23540,114.300007,96.499998,0.000000,0.000000,0.000000,0
23550,114.300007,96.499998,0.000000,0.000000,0.000000,0
23560,114.300007,96.499998,0.000000,0.000000,0.000000,0
23570,114.300007,96.499998,0.000000,0.000000,0.000000,0
23580,114.300007,96.499998,0.000000,0.000000,0.000000,0
23590,114.300007,96.499998,0.000000,0.000000,0.000000,0
23600,114.300007,96.499998,0.000000,0.000000,0.000000,0
23610,114.300007,96.499998,0.000000,0.000000,0.000000,0
23620,114.300007,96.499998,0.000000,0.000000,0.000000,0
23630,114.300007,96.499998,0.000000,0.000000,0.000000,0
23640,114.300007,96.499998,0.000000,0.000000,0.000000,0
23650,114.300007,96.499998,0.000000,0.000000,0.000000,0
23660,114.300007,96.499998,0.000000,0.000000,0.000000,0
23670,114.300007,96.499998,0.000000,0.000000,0.000000,0
23680,114.300007,96.499998,0.000000,0.000000,0.000000,0
23690,114.300007,96.499998,0.000000,0.000000,0.000000,0
23700,114.300007,96.499998,0.000000,0.000000,0.000000,0
23710,114.300007,96.499998,0.000000,0.000000,0.000000,0
23720,114.300007,96.499998,0.000000,0.000000,0.000000,0
23730,114.300007,96.499998,0.000000,0.000000,0.000000,0
23740,114.300007,96.499998,0.000000,0.000000,0.000000,0
23750,114.300007,96.499998,0.000000,0.000000,0.000000,0
23760,114.300007,96.499998,0.000000,0.000000,0.000000,0
23770,114.300007,96.499998,0.000000,0.000000,0.000000,0
23780,114.300007,96.499998,0.000000,0.000000,0.000000,0
23790,114.300007,96.499998,0.000000,0.000000,0.000000,0
23800,114.300007,96.499998,0.000000,0.000000,0.000000,0
23810,114.300007,96.499998,0.000000,0.000000,0.000000,0
23820,114.300007,96.499998,0.000000,0.000000,0.000000,0
23830,114.300007,96.499998,0.000000,0.000000,0.000000,0
23840,114.300007,96.499998,0.000000,0.000000,0.000000,0
23850,114.300007,96.499998,0.000000,0.000000,0.000000,0
23860,114.300007,96.499998,0.000000,0.000000,0.000000,0
23870,114.300007,96.499998,0.000000,0.000000,0.000000,0
23880,114.300007,96.499998,0.000000,0.000000,0.000000,0
23890,114.300007,96.499998,0.000000,0.000000,0.000000,0
23900,135.675000,107.625000,0.000000,2409.680474,27.495539,0
23910,135.675000,107.625000,0.000000,0.000000,0.000000,0
23920,135.675000,107.625000,0.000000,0.000000,0.000000,0
23930,135.787503,107.749998,0.000000,16.817118,48.011483,0
23940,135.900007,107.749998,0.000000,11.250343,0.000000,0
23950,136.012500,107.749998,0.000000,11.249313,0.000000,0
23960,136.012500,107.749998,0.000000,0.000000,0.000000,0
23970,136.012500,107.874999,0.000000,12.500095,90.000000,0
23980,136.012500,107.874999,0.000000,0.000000,0.000000,0
23990,136.237507,108.000000,0.000000,25.739722,29.054047,0
24000,136.575007,108.249999,0.000000,42.000687,36.528751,0
24010,136.575007,108.249999,0.000000,0.000000,0.000000,0
24020,136.687500,108.624999,0.000000,39.150952,73.301718,0
24030,136.687500,108.624999,0.000000,0.000000,0.000000,0
24040,136.687500,108.874998,0.000000,24.999905,90.000000,0
24050,136.687500,108.999999,0.000000,12.500095,90.000000,0
24060,136.687500,108.999999,0.000000,0.000000,0.000000,0
24070,136.462503,109.125000,0.000000,25.738822,150.944839,0
24080,136.125003,109.125000,0.000000,33.750000,180.000000,0
24090,136.125003,109.125000,0.000000,0.000000,0.000000,0
24100,136.012500,109.249998,0.000000,16.817118,131.988517,0
24110,136.012500,109.249998,0.000000,0.000000,0.000000,0
24120,135.787503,109.249998,0.000000,22.499657,180.000000,0
24130,135.787503,109.249998,0.000000,0.000000,0.000000,0
24140,135.787503,109.374999,0.000000,12.500095,90.000000,0
24150,135.787503,109.374999,0.000000,0.000000,0.000000,0
24160,135.787503,109.374999,0.000000,0.000000,0.000000,0
24170,135.787503,109.374999,0.000000,0.000000,0.000000,0
24180,135.787503,109.374999,0.000000,0.000000,0.000000,0
24190,135.787503,109.374999,0.000000,0.000000,0.000000,0
24200,135.787503,109.374999,0.000000,0.000000,0.000000,0
24210,135.787503,109.374999,0.000000,0.000000,0.000000,0
24220,135.787503,109.374999,0.000000,0.000000,0.000000,0
24230,135.562507,109.374999,0.000000,22.499657,180.000000,0
24240,135.562507,109.374999,0.000000,0.000000,0.000000,0
24250,135.562507,109.374999,0.000000,0.000000,0.000000,0
24260,135.562507,109.374999,0.000000,0.000000,0.000000,0
24270,135.562507,109.374999,0.000000,0.000000,0.000000,0
24280,135.562507,109.624998,0.000000,24.999905,90.000000,0
24290,135.450003,109.624998,0.000000,11.250343,180.000000,0
24300,135.450003,109.624998,0.000000,0.000000,0.000000,0
24310,135.450003,109.624998,0.000000,0.000000,0.000000,0
24320,135.450003,109.624998,0.000000,0.000000,0.000000,0
24330,135.450003,109.749999,0.000000,12.500095,90.000000,0
24340,135.450003,109.749999,0.000000,0.000000,0.000000,0
24350,135.450003,109.749999,0.000000,0.000000,0.000000,0
24360,135.450003,109.749999,0.000000,0.000000,0.000000,0
24370,135.450003,109.749999,0.000000,0.000000,0.000000,0
24380,135.450003,109.749999,0.000000,0.000000,0.000000,0
24390,135.450003,109.749999,0.000000,0.000000,0.000000,0
24400,135.450003,109.749999,0.000000,0.000000,0.000000,0
24410,135.450003,109.749999,0.000000,0.000000,0.000000,0
24420,135.450003,109.749999,0.000000,0.000000,0.000000,0
24430,135.450003,109.749999,0.000000,0.000000,0.000000,0
24440,135.450003,109.749999,0.000000,0.000000,0.000000,0
24450,135.450003,109.875000,0.097656,12.500095,90.000000,1
24460,135.450003,109.875000,0.097656,0.000000,0.000000,1
24470,135.450003,109.875000,0.097656,0.000000,0.000000,1
24480,135.450003,109.875000,0.097656,0.000000,0.000000,1
24490,135.450003,109.875000,0.097656,0.000000,0.000000,1
24500,135.450003,109.875000,0.097656,0.000000,0.000000,1
24510,135.450003,109.875000,0.097656,0.000000,0.000000,1
24520,135.450003,109.875000,0.097656,0.000000,0.000000,1
24530,135.450003,109.875000,0.097656,0.000000,0.000000,1
24540,135.450003,109.875000,0.097656,0.000000,0.000000,1
24550,135.450003,109.875000,0.097656,0.000000,0.000000,1
24560,135.450003,109.875000,0.097656,0.000000,0.000000,1
24570,135.450003,109.875000,0.097656,0.000000,0.000000,1
24580,135.450003,109.875000,0.097656,0.000000,0.000000,1
24590,135.450003,109.749999,0.415039,12.500095,-90.000000,1
24600,135.337500,109.624998,0.422852,16.817331,-131.987865,1
24610,135.337500,109.624998,0.422852,0.000000,0.000000,1
24620,135.337500,109.500000,0.423828,12.499809,-90.000000,1
24630,135.337500,109.500000,0.423828,0.000000,0.000000,1
24640,135.225007,109.374999,0.444336,16.816642,-131.985256,1
24650,135.225007,109.249998,0.451172,12.500095,-90.000000,1
24660,135.225007,109.249998,0.451172,0.000000,0.000000,1
24670,135.112503,108.999999,0.455078,27.414694,-114.228481,1
24680,135.000000,108.750000,0.475586,27.414694,-114.228481,1
24690,135.000000,108.750000,0.475586,0.000000,0.000000,1
24700,135.000000,108.499998,0.486328,25.000191,-90.000000,1
24710,135.000000,108.499998,0.486328,0.000000,0.000000,1
24720,134.887507,108.249999,0.497070,27.414272,-114.226518,1
24730,134.775003,107.749998,0.518555,51.250168,-102.680735,1
24740,134.775003,107.749998,0.518555,0.000000,0.000000,1
24750,134.550007,107.124999,0.525391,66.426445,-109.798626,1
24760,134.550007,107.124999,0.525391,0.000000,0.000000,1
24770,134.325000,106.624998,0.533203,54.829649,-114.228359,1
24780,134.325000,106.624998,0.533203,0.000000,0.000000,1
24790,134.100003,106.125000,0.537109,54.828966,-114.227500,1
24800,133.875007,105.624999,0.548828,54.829227,-114.227377,1
24810,133.875007,105.624999,0.548828,0.000000,0.000000,1
24820,133.650000,105.124998,0.550781,54.829649,-114.228359,1
24830,133.087503,104.250000,0.554688,104.020385,-122.735124,1
24840,133.087503,104.250000,0.554688,0.000000,0.000000,1
24850,132.750003,103.624998,0.569336,71.030531,-118.368973,1
24860,132.750003,103.624998,0.569336,0.000000,0.000000,1
24870,132.300000,102.999999,0.576172,77.014732,-125.754136,1
24880,132.300000,102.999999,0.576172,0.000000,0.000000,1
24890,131.737503,102.000000,0.598633,114.734497,-119.357627,1
24900,131.287500,101.250000,0.610352,87.464455,-120.963949,1
24910,131.287500,101.250000,0.610352,0.000000,0.000000,1
24920,130.837507,100.624998,0.617188,77.014363,-125.753390,1
24930,130.837507,100.624998,0.617188,0.000000,0.000000,1
24940,130.387503,99.750000,0.619141,98.393331,-117.216340,1
24950,129.825007,98.874999,0.622070,104.020626,-122.735039,1
24960,129.825007,98.874999,0.622070,0.000000,0.000000,1
24970,128.925000,97.374999,0.624023,174.928910,-120.963949,1
24980,127.462507,95.250000,0.637695,257.963314,-124.537007,1
24990,127.462507,95.250000,0.637695,0.000000,0.000000,1
25000,126.787507,94.374999,0.643555,110.510256,-127.647590,1
25010,126.787507,94.374999,0.643555,0.000000,0.000000,1
25020,126.112507,93.750000,0.647461,91.991783,-137.202642,1
25030,126.112507,93.750000,0.647461,0.000000,0.000000,1
25040,125.437507,92.874999,0.652344,110.510256,-127.647590,1
25050,124.650003,92.124999,0.665039,108.750249,-136.397306,1
25060,124.650003,92.124999,0.665039,0.000000,0.000000,1
25070,124.425007,91.999998,0.687500,25.738822,-150.944839,1
25080,124.425007,91.999998,0.687500,0.000000,0.000000,1
25090,124.425007,91.875000,0.693359,12.499809,-90.000000,1
25100,124.425007,91.875000,0.693359,0.000000,0.000000,1
25110,124.425007,91.875000,0.693359,0.000000,0.000000,1
25120,124.537500,92.250000,0.607422,39.150952,73.301718,1
25130,124.762507,93.375000,0.000000,114.728074,78.689731,0
25140,124.762507,93.375000,0.000000,0.000000,0.000000,0
25150,125.100007,94.624998,0.000000,129.475924,74.890403,0
25160,125.100007,94.624998,0.000000,0.000000,0.000000,0
25170,126.000003,96.375000,0.000000,196.786699,62.784003,0
25180,127.462507,97.999998,0.000000,218.621479,48.012687,0
25190,127.462507,97.999998,0.000000,0.000000,0.000000,0
25200,129.825007,100.500000,0.000000,343.968251,46.619779,0
25210,129.825007,100.500000,0.000000,0.000000,0.000000,0
25220,131.737503,102.000000,0.000000,243.056436,38.107627,0
25230,134.100003,103.500000,0.000000,279.846498,32.412307,0
25240,134.100003,103.500000,0.000000,0.000000,0.000000,0
25250,136.462503,104.625000,0.000000,261.668325,25.463345,0
25260,136.462503,104.625000,0.000000,0.000000,0.000000,0
25270,139.050000,104.874999,0.000000,259.954573,5.518680,0
25280,139.050000,104.874999,0.000000,0.000000,0.000000,0
25290,138.712500,104.749998,0.000000,35.990483,-159.676721,0
25300,138.487503,105.000000,0.000000,33.633972,131.986560,0
25310,138.487503,105.000000,0.000000,0.000000,0.000000,0
25320,139.050000,105.375000,0.000000,67.603801,33.690229,0
25330,139.050000,105.375000,0.000000,0.000000,0.000000,0
25340,139.725000,105.499998,0.000000,68.647616,10.491320,0
25350,139.725000,105.375000,0.000000,12.499809,-90.000000,0
25360,139.725000,105.375000,0.000000,0.000000,0.000000,0
25370,139.387500,105.000000,0.000000,50.451090,-131.987212,0
25380,139.387500,105.000000,0.000000,0.000000,0.000000,0
25390,138.825003,104.749998,0.000000,61.555125,-156.037219,0
25400,138.487503,104.499999,0.000000,42.000687,-143.471249,0
25410,138.487503,104.499999,0.000000,0.000000,0.000000,0
25420,138.375000,104.374998,0.000000,16.817331,-131.987865,0
25430,138.150003,104.374998,0.000000,22.499657,180.000000,0
25440,138.150003,104.374998,0.000000,0.000000,0.000000,0
25450,137.925007,104.499999,0.000000,25.738822,150.944839,0
25460,137.925007,104.499999,0.000000,0.000000,0.000000,0
25470,137.812503,104.625000,0.000000,16.817331,131.987865,0
25480,137.812503,104.625000,0.000000,0.000000,0.000000,0
25490,137.475003,104.749998,0.000000,35.990384,159.677148,0
25500,137.250007,104.874999,0.000000,25.738822,150.944839,0
25510,137.250007,104.874999,0.000000,0.000000,0.000000,0
25520,137.137503,105.000000,0.000000,16.817331,131.987865,0
25530,136.912507,105.000000,0.000000,22.499657,180.000000,0
25540,136.912507,105.000000,0.000000,0.000000,0.000000,0
25550,136.800003,105.000000,0.000000,11.250343,180.000000,0
25560,136.800003,105.000000,0.000000,0.000000,0.000000,0
25570,136.575007,105.000000,0.000000,22.499657,180.000000,0
25580,136.575007,105.000000,0.000000,0.000000,0.000000,0
25590,136.462503,105.000000,0.000000,11.250343,180.000000,0
25600,136.462503,105.000000,0.000000,0.000000,0.000000,0
25610,136.462503,105.000000,0.000000,0.000000,0.000000,0
25620,136.462503,105.000000,0.000000,0.000000,0.000000,0
25630,136.462503,105.000000,0.000000,0.000000,0.000000,0
25640,136.462503,105.000000,0.000000,0.000000,0.000000,0
25650,136.350000,105.000000,0.227539,11.250343,180.000000,1
25660,136.350000,105.000000,0.227539,0.000000,0.000000,1
25670,136.350000,105.000000,0.227539,0.000000,0.000000,1
25680,136.350000,105.000000,0.227539,0.000000,0.000000,1
25690,136.350000,105.000000,0.227539,0.000000,0.000000,1
25700,136.350000,105.000000,0.227539,0.000000,0.000000,1
25710,136.350000,105.000000,0.227539,0.000000,0.000000,1
25720,136.912507,105.124998,0.505859,57.622782,12.528474,1
25730,137.475003,105.249999,0.530273,57.621838,12.528974,1
25740,137.475003,105.249999,0.530273,0.000000,0.000000,1
25750,139.387500,105.249999,0.559570,191.249657,0.000000,1
25760,139.387500,105.249999,0.559570,0.000000,0.000000,1
25770,141.300007,105.249999,0.569336,191.250687,0.000000,1
25780,143.212503,105.000000,0.606445,192.876713,-7.447402,1
25790,143.212503,105.000000,0.606445,0.000000,0.000000,1
25800,145.237503,104.625000,0.624023,205.942953,-10.491477,1
25810,145.237503,104.625000,0.624023,0.000000,0.000000,1
25820,146.025007,104.499999,0.624023,79.736246,-9.019351,1
25830,146.025007,104.499999,0.624023,0.000000,0.000000,1
25840,146.587503,104.250000,0.626953,61.555009,-23.962538,1
25850,147.037507,103.999998,0.626953,51.478543,-29.054604,1
25860,147.037507,103.999998,0.626953,0.000000,0.000000,1
25870,147.375007,103.875000,0.623047,35.990384,-20.322852,1
25880,147.375007,103.749999,0.620117,12.500095,-90.000000,1
25890,147.375007,103.749999,0.620117,0.000000,0.000000,1
25900,146.362507,103.249998,0.581055,112.922859,-153.718546,1
25910,146.362507,103.249998,0.581055,0.000000,0.000000,1
25920,144.562503,102.499998,0.000000,195.000317,-157.380174,0
25930,144.562503,102.499998,0.000000,0.000000,0.000000,0
25940,144.225003,102.375000,0.000000,35.990384,-159.677148,0
25950,143.887503,102.375000,0.000000,33.750000,180.000000,0
25960,143.887503,102.375000,0.000000,0.000000,0.000000,0
25970,143.550003,102.499998,0.000000,35.990384,159.677148,0
25980,143.550003,102.499998,0.000000,0.000000,0.000000,0
25990,143.550003,102.874998,0.000000,37.500000,90.000000,0
26000,143.550003,102.874998,0.000000,0.000000,0.000000,0
26010,143.437500,102.999999,0.000000,16.817331,131.987865,0
26020,143.437500,102.999999,0.000000,0.000000,0.000000,0
26030,143.437500,102.999999,0.000000,0.000000,0.000000,0
26040,143.437500,102.999999,0.000000,0.000000,0.000000,0
26050,143.325007,103.249998,0.000000,27.414272,114.226518,0
26060,143.325007,103.249998,0.000000,0.000000,0.000000,0
26070,143.212503,103.249998,0.000000,11.250343,180.000000,0
26080,143.212503,103.249998,0.000000,0.000000,0.000000,0
26090,143.100000,103.125000,0.000000,16.817118,-131.988517,0
26100,142.762500,102.750000,0.000000,50.451090,-131.987212,0
26110,142.762500,102.750000,0.000000,0.000000,0.000000,0
26120,141.750000,101.625000,0.000000,151.353271,-131.987212,0
26130,140.737500,100.249998,0.000000,170.756742,-126.366542,0
26140,140.737500,100.249998,0.000000,0.000000,0.000000,0
26150,139.500003,99.249999,0.000000,159.103609,-141.058937,0
26160,139.500003,99.249999,0.000000,0.000000,0.000000,0
26170,138.600007,98.374998,0.000000,125.523722,-135.806789,0
26180,137.925007,97.749999,0.000000,91.991783,-137.202642,0
26190,137.925007,97.749999,0.000000,0.000000,0.000000,0
26200,137.025000,97.125000,0.000000,109.573545,-145.222414,0
26210,137.025000,97.125000,0.000000,0.000000,0.000000,0
26220,136.462503,96.874998,0.000000,61.555125,-156.037219,0
26230,136.012500,96.624999,0.000000,51.478405,-150.945674,0
26240,136.012500,96.624999,0.000000,0.000000,0.000000,0
26250,135.562507,96.499998,0.000000,46.703218,-164.475551,0
26260,135.562507,96.499998,0.000000,0.000000,0.000000,0
26270,134.887507,96.375000,0.000000,68.647616,-169.508680,0
26280,134.550007,96.375000,0.000000,33.750000,180.000000,0
26290,134.550007,96.375000,0.000000,0.000000,0.000000,0
26300,134.100003,96.249999,0.000000,46.704211,-164.475889,0
26310,134.100003,96.249999,0.000000,0.000000,0.000000,0
26320,133.762503,96.249999,0.000000,33.750000,180.000000,0
26330,133.537507,96.249999,0.000000,22.499657,180.000000,0
26340,133.537507,96.249999,0.000000,0.000000,0.000000,0
26350,133.425003,96.249999,0.000000,11.250343,180.000000,0
26360,133.425003,96.249999,0.000000,0.000000,0.000000,0
26370,133.087503,96.249999,0.000000,33.750000,180.000000,0
26380,133.087503,96.249999,0.000000,0.000000,0.000000,0
26390,132.862507,96.249999,0.000000,22.499657,180.000000,0
26400,132.750003,96.249999,0.000000,11.250343,180.000000,0
26410,132.750003,96.249999,0.000000,0.000000,0.000000,0
26420,132.750003,96.249999,0.000000,0.000000,0.000000,0
26430,132.525007,96.249999,0.000000,22.499657,180.000000,0
26440,132.412503,96.249999,0.000000,11.250343,180.000000,0
26450,132.412503,96.249999,0.000000,0.000000,0.000000,0
26460,132.412503,96.249999,0.000000,0.000000,0.000000,0
26470,132.412503,96.249999,0.000000,0.000000,0.000000,0
26480,132.187507,96.249999,0.000000,22.499657,180.000000,0
26490,132.187507,96.249999,0.000000,0.000000,0.000000,0
26500,132.075003,96.249999,0.000000,11.250343,180.000000,0
26510,132.075003,96.249999,0.000000,0.000000,0.000000,0
26520,131.850007,96.249999,0.000000,22.499657,180.000000,0
26530,131.737503,96.249999,0.212891,11.250343,180.000000,1
26540,131.737503,96.249999,0.212891,0.000000,0.000000,1
26550,131.737503,96.249999,0.212891,0.000000,0.000000,1
26560,131.737503,96.249999,0.212891,0.000000,0.000000,1
26570,131.737503,96.249999,0.212891,0.000000,0.000000,1
26580,131.737503,96.249999,0.212891,0.000000,0.000000,1
26590,131.737503,96.249999,0.212891,0.000000,0.000000,1
26600,132.750003,96.624999,0.411133,107.971350,20.323137,1
26610,132.750003,96.624999,0.411133,0.000000,0.000000,1
26620,134.100003,96.874998,0.452148,137.295285,10.491438,1
26630,134.100003,96.874998,0.452148,0.000000,0.000000,1
26640,136.012500,97.249998,0.521484,194.891460,11.093742,1
26650,137.925007,97.500000,0.541016,192.877771,7.447447,1
26660,137.925007,97.500000,0.541016,0.000000,0.000000,1
26670,140.850003,97.749999,0.545898,293.566082,4.885190,1
26680,142.650007,97.749999,0.572266,180.000343,0.000000,1
26690,142.650007,97.749999,0.572266,0.000000,0.000000,1
26700,143.887503,97.749999,0.596680,123.749657,0.000000,1
26710,143.887503,97.749999,0.596680,0.000000,0.000000,1
26720,144.675007,97.749999,0.608398,78.750343,0.000000,1
26730,145.012507,97.624998,0.614258,35.990483,-20.323279,1
26740,145.012507,97.624998,0.614258,0.000000,0.000000,1
26750,145.350007,97.624998,0.614258,33.750000,0.000000,1
26760,145.350007,97.624998,0.614258,0.000000,0.000000,1
26770,145.350007,97.624998,0.614258,0.000000,0.000000,1
26780,145.237503,97.500000,0.508789,16.817118,-131.988517,1
26790,144.900003,97.374999,0.000000,35.990483,-159.676721,0
26800,144.900003,97.374999,0.000000,0.000000,0.000000,0
26810,144.900003,97.374999,0.000000,0.000000,0.000000,0
26820,144.225003,97.249998,0.000000,68.647668,-169.508445,0
26830,143.662507,97.125000,0.000000,57.621776,-167.471303,0
26840,143.662507,97.125000,0.000000,0.000000,0.000000,0
26850,142.875003,96.750000,0.000000,87.223085,-154.536752,0
26860,142.875003,96.750000,0.000000,0.000000,0.000000,0
26870,141.975007,96.499998,0.000000,93.407429,-164.475720,0
26880,140.062500,95.250000,0.000000,228.477083,-146.831713,0
26890,140.062500,95.250000,0.000000,0.000000,0.000000,0
26900,138.487503,94.125000,0.000000,193.552039,-144.462263,0
26910,138.487503,94.125000,0.000000,0.000000,0.000000,0
26920,137.137503,93.124998,0.000000,168.003090,-143.471092,0
26930,136.575007,92.625000,0.000000,75.259583,-138.366396,0
26940,136.575007,92.625000,0.000000,0.000000,0.000000,0
26950,136.012500,92.250000,0.000000,67.604658,-146.310255,0
26960,136.012500,92.250000,0.000000,0.000000,0.000000,0
26970,134.887507,91.500000,0.000000,135.207602,-146.309771,0
26980,134.100003,90.874998,0.000000,100.538005,-141.562735,0
26990,134.100003,90.874998,0.000000,0.000000,0.000000,0
27000,133.312500,90.499998,0.000000,87.223085,-154.536752,0
27010,133.312500,90.499998,0.000000,0.000000,0.000000,0
27020,132.637500,90.000000,0.000000,84.001375,-143.471249,0
27030,131.850007,89.499999,0.000000,93.281637,-147.587418,0
27040,131.850007,89.499999,0.000000,0.000000,0.000000,0
27050,131.400003,89.250000,0.000000,51.478405,-150.945674,0
27060,131.400003,89.250000,0.000000,0.000000,0.000000,0
27070,131.062503,89.124999,0.000000,35.990483,-159.676721,0
27080,131.062503,88.999998,0.000000,12.500095,-90.000000,0
27090,131.062503,88.999998,0.000000,0.000000,0.000000,0
27100,130.950000,88.875000,0.000000,16.817118,-131.988517,0
27110,130.950000,88.875000,0.000000,0.000000,0.000000,0
27120,130.837507,88.875000,0.000000,11.249313,180.000000,0
27130,130.725003,88.875000,0.000000,11.250343,180.000000,0
27140,130.725003,88.875000,0.000000,0.000000,0.000000,0
27150,130.725003,88.875000,0.000000,0.000000,0.000000,0
27160,130.725003,88.875000,0.000000,0.000000,0.000000,0
27170,130.725003,88.875000,0.000000,0.000000,0.000000,0
27180,130.950000,88.875000,0.000000,22.499657,0.000000,0
27190,130.950000,88.875000,0.000000,0.000000,0.000000,0
27200,131.175007,89.124999,0.000000,33.634449,48.011809,0
27210,131.175007,89.124999,0.000000,0.000000,0.000000,0
27220,131.512507,89.250000,0.000000,35.990483,20.323279,0
27230,131.850007,89.374998,0.000000,35.990384,20.322852,0
27240,131.850007,89.374998,0.000000,0.000000,0.000000,0
27250,131.962500,89.499999,0.000000,16.816642,48.014744,0
27260,131.962500,89.499999,0.000000,0.000000,0.000000,0
27270,132.300000,89.625000,0.000000,35.990483,20.323279,0
27280,132.300000,89.625000,0.000000,0.000000,0.000000,0
27290,132.300000,89.625000,0.000000,0.000000,0.000000,0
27300,132.300000,89.625000,0.000000,0.000000,0.000000,0
27310,132.300000,89.625000,0.000000,0.000000,0.000000,0
27320,132.300000,89.625000,0.000000,0.000000,0.000000,0
27330,132.300000,89.625000,0.000000,0.000000,0.000000,0
27340,132.300000,89.625000,0.000000,0.000000,0.000000,0
27350,132.300000,89.625000,0.000000,0.000000,0.000000,0
27360,132.300000,89.625000,0.000000,0.000000,0.000000,0
27370,132.300000,89.625000,0.000000,0.000000,0.000000,0
27380,132.300000,89.625000,0.000000,0.000000,0.000000,0
27390,132.187507,89.374998,0.000000,27.414532,-114.226273,0
27400,132.075003,89.374998,0.000000,11.250343,180.000000,0
27410,132.075003,89.374998,0.000000,0.000000,0.000000,0
27420,131.850007,89.374998,0.000000,22.499657,180.000000,0
27430,131.850007,89.374998,0.000000,0.000000,0.000000,0
27440,131.850007,89.250000,0.000000,12.499809,-90.000000,0
27450,131.737503,89.250000,0.000000,11.250343,180.000000,0
27460,131.737503,89.250000,0.000000,0.000000,0.000000,0
27470,131.737503,89.250000,0.000000,0.000000,0.000000,0
27480,131.737503,89.250000,0.000000,0.000000,0.000000,0
27490,131.737503,89.250000,0.000000,0.000000,0.000000,0
27500,131.512507,89.124999,0.000000,25.738822,-150.944839,0
27510,131.512507,89.124999,0.000000,0.000000,0.000000,0
27520,131.400003,88.999998,0.000000,16.817331,-131.987865,0
27530,131.175007,88.999998,0.000000,22.499657,180.000000,0
27540,131.175007,88.999998,0.000000,0.000000,0.000000,0
27550,130.950000,88.875000,0.000000,25.739583,-150.946509,0
27560,130.950000,88.875000,0.000000,0.000000,0.000000,0
27570,130.162507,88.624998,0.000000,82.622418,-162.387152,0
27580,129.487507,88.374999,0.119141,71.980867,-159.676934,1
27590,129.487507,88.374999,0.119141,0.000000,0.000000,1
27600,129.487507,88.374999,0.119141,0.000000,0.000000,1
27610,129.487507,88.374999,0.119141,0.000000,0.000000,1
27620,128.700003,87.999999,0.235352,87.223085,-154.536752,1
27630,128.475007,87.750000,0.313477,33.633760,-131.986886,1
27640,128.475007,87.750000,0.313477,0.000000,0.000000,1
27650,128.475007,87.750000,0.313477,0.000000,0.000000,1
27660,128.475007,87.750000,0.313477,0.000000,0.000000,1
27670,128.587500,87.750000,0.357422,11.249313,0.000000,1
27680,129.262500,87.874998,0.365234,68.647616,10.491320,1
27690,129.262500,87.874998,0.365234,0.000000,0.000000,1
27700,130.612500,88.249998,0.387695,140.111563,15.524111,1
27710,130.612500,88.249998,0.387695,0.000000,0.000000,1
27720,133.762503,89.250000,0.527344,330.492442,17.612591,1
27730,136.125003,90.000000,0.582031,247.869043,17.612578,1
27740,136.125003,90.000000,0.582031,0.000000,0.000000,1
27750,138.600007,90.750000,0.642578,258.614423,16.858377,1
27760,138.600007,90.750000,0.642578,0.000000,0.000000,1
27770,140.850003,91.374999,0.669922,233.518915,15.524111,1
27780,142.537503,91.749999,0.676758,172.866459,12.528808,1
27790,142.537503,91.749999,0.676758,0.000000,0.000000,1
27800,143.662507,91.999998,0.686523,115.244620,12.528724,1
27810,143.662507,91.999998,0.686523,0.000000,0.000000,1
27820,144.112500,91.999998,0.686523,44.999313,0.000000,1
27830,144.562503,91.999998,0.686523,45.000343,0.000000,1
27840,144.562503,91.999998,0.686523,0.000000,0.000000,1
27850,144.562503,91.999998,0.686523,0.000000,0.000000,1
27860,144.562503,91.999998,0.686523,0.000000,0.000000,1
27870,144.562503,91.999998,0.686523,0.000000,0.000000,1
27880,144.225003,91.875000,0.000000,35.990384,-159.677148,0
27890,144.225003,91.875000,0.000000,0.000000,0.000000,0
27900,143.887503,91.749999,0.000000,35.990483,-159.676721,0
27910,143.887503,91.749999,0.000000,0.000000,0.000000,0
27920,143.550003,91.749999,0.000000,33.750000,180.000000,0
27930,143.212503,91.749999,0.000000,33.750000,180.000000,0
27940,143.212503,91.749999,0.000000,0.000000,0.000000,0
27950,142.425000,91.749999,0.000000,78.750343,180.000000,0
27960,142.425000,91.749999,0.000000,0.000000,0.000000,0
27970,141.750000,91.749999,0.000000,67.500000,180.000000,0
27980,140.850003,91.749999,0.000000,89.999657,180.000000,0
27990,140.850003,91.749999,0.000000,0.000000,0.000000,0
28000,140.062500,91.749999,0.000000,78.750343,180.000000,0
28010,140.062500,91.749999,0.000000,0.000000,0.000000,0
28020,138.937507,91.875000,0.000000,113.191642,173.659722,0
28030,138.375000,91.875000,0.000000,56.250687,180.000000,0
28040,138.375000,91.875000,0.000000,0.000000,0.000000,0
28050,138.037500,92.124999,0.000000,42.000687,143.471249,0
28060,138.037500,92.124999,0.000000,0.000000,0.000000,0
28070,137.925007,92.499999,0.000000,39.150952,106.698282,0
28080,137.700000,92.749998,0.000000,33.634449,131.988191,0
28090,137.700000,92.749998,0.000000,0.000000,0.000000,0
28100,137.587507,93.249999,0.000000,51.249942,102.679611,0
28110,137.587507,93.249999,0.000000,0.000000,0.000000,0
28120,137.475003,93.499998,0.000000,27.414694,114.228481,0
28130,137.475003,93.624999,0.000000,12.500095,90.000000,0
28140,137.475003,93.624999,0.000000,0.000000,0.000000,0
28150,137.362500,93.874998,0.000000,27.414694,114.228481,0
28160,137.362500,93.874998,0.000000,0.000000,0.000000,0
28170,137.250007,93.874998,0.000000,11.249313,180.000000,0
28180,137.137503,93.874998,0.000000,11.250343,180.000000,0
28190,137.137503,93.874998,0.000000,0.000000,0.000000,0
28200,137.137503,93.874998,0.000000,0.000000,0.000000,0
28210,137.137503,93.874998,0.000000,0.000000,0.000000,0
28220,137.137503,93.874998,0.000000,0.000000,0.000000,0
28230,137.137503,93.874998,0.000000,0.000000,0.000000,0
28240,136.912507,93.874998,0.000000,22.499657,180.000000,0
28250,136.912507,93.750000,0.000000,12.499809,-90.000000,0
28260,136.912507,93.750000,0.000000,0.000000,0.000000,0
28270,136.912507,93.750000,0.000000,0.000000,0.000000,0
28280,136.912507,93.750000,0.000000,0.000000,0.000000,0
28290,136.912507,93.750000,0.000000,0.000000,0.000000,0
28300,136.912507,93.750000,0.000000,0.000000,0.000000,0
28310,136.912507,93.750000,0.000000,0.000000,0.000000,0
28320,136.912507,93.750000,0.000000,0.000000,0.000000,0
28330,136.912507,93.750000,0.000000,0.000000,0.000000,0
28340,136.912507,93.499998,0.000000,25.000191,-90.000000,0
28350,136.800003,93.499998,0.149414,11.250343,180.000000,1
28360,136.800003,93.499998,0.149414,0.000000,0.000000,1
28370,136.800003,93.499998,0.149414,0.000000,0.000000,1
28380,136.800003,93.499998,0.149414,0.000000,0.000000,1
28390,136.800003,93.499998,0.149414,0.000000,0.000000,1
28400,136.800003,93.499998,0.149414,0.000000,0.000000,1
28410,136.800003,93.499998,0.149414,0.000000,0.000000,1
28420,136.800003,93.499998,0.149414,0.000000,0.000000,1
28430,136.687500,93.375000,0.313477,16.817118,-131.988517,1
28440,136.687500,93.375000,0.313477,0.000000,0.000000,1
28450,136.575007,93.124998,0.322266,27.414532,-114.226273,1
28460,136.575007,93.124998,0.322266,0.000000,0.000000,1
28470,136.350000,92.625000,0.340820,54.829388,-114.228481,1
28480,136.012500,91.125000,0.397461,153.750000,-102.680383,1
28490,136.012500,91.125000,0.397461,0.000000,0.000000,1
28500,135.787503,89.374998,0.432617,176.440645,-97.326288,1
28510,135.787503,89.374998,0.432617,0.000000,0.000000,1
28520,135.675000,87.499998,0.466797,187.837217,-93.433735,1
28530,135.337500,85.624998,0.512695,190.513287,-100.203974,1
28540,135.337500,85.624998,0.512695,0.000000,0.000000,1
28550,134.887507,82.624998,0.555664,303.356124,-98.530637,1
28560,134.887507,82.624998,0.555664,0.000000,0.000000,1
28570,134.550007,80.874996,0.572266,178.224940,-100.915871,1
28580,134.325000,79.500000,0.592773,139.328482,-99.293613,1
28590,134.325000,79.500000,0.592773,0.000000,0.000000,1
28600,134.212507,78.624996,0.604492,88.220541,-97.325933,1
28610,134.212507,78.624996,0.604492,0.000000,0.000000,1
28620,134.212507,78.249996,0.611328,37.500000,-90.000000,1
28630,134.212507,77.499996,0.632813,75.000000,-90.000000,1
28640,134.212507,77.499996,0.632813,0.000000,0.000000,1
28650,134.212507,77.124996,0.647461,37.500000,-90.000000,1
28660,134.212507,77.124996,0.647461,0.000000,0.000000,1
28670,134.325000,76.875000,0.664063,27.414011,-65.773236,1
28680,134.325000,76.749996,0.669922,12.500381,-90.000000,1
28690,134.325000,76.749996,0.669922,0.000000,0.000000,1
28700,134.437503,76.749996,0.667969,11.250343,0.000000,1
28710,134.437503,76.749996,0.667969,0.000000,0.000000,1
28720,134.437503,76.749996,0.667969,0.000000,0.000000,1
28730,134.437503,76.749996,0.667969,0.000000,0.000000,1
28740,134.437503,76.749996,0.667969,0.000000,0.000000,1
28750,134.550007,76.749996,0.647461,11.250343,0.000000,1
28760,134.550007,76.749996,0.647461,0.000000,0.000000,1
28770,134.662500,76.875000,0.649414,16.816854,48.015396,1
28780,135.450003,78.000000,0.658203,137.323948,55.007862,1
28790,135.450003,78.000000,0.658203,0.000000,0.000000,1
28800,136.687500,80.124996,0.653320,245.906619,59.785516,1
28810,136.687500,80.124996,0.653320,0.000000,0.000000,1
28820,138.375000,82.749996,0.651367,312.062193,57.264774,1
28830,140.175003,85.249998,0.643555,308.058791,54.246082,1
28840,140.175003,85.249998,0.643555,0.000000,0.000000,1
28850,142.087500,87.499998,0.640625,295.298884,49.635514,1
28860,142.087500,87.499998,0.640625,0.000000,0.000000,1
28870,144.112500,89.874999,0.583008,312.109829,49.548054,1
28880,144.900003,90.874998,0.266602,127.285496,51.779420,1
28890,145.012507,91.125000,0.000000,27.414955,65.771764,0
28900,145.012507,91.125000,0.000000,0.000000,0.000000,0
28910,145.012507,91.125000,0.000000,0.000000,0.000000,0
28920,144.900003,91.125000,0.000000,11.250343,180.000000,0
28930,144.562503,90.999999,0.000000,35.990483,-159.676721,0
28940,144.562503,90.999999,0.000000,0.000000,0.000000,0
28950,144.112500,90.874998,0.000000,46.704211,-164.475889,0
28960,144.112500,90.874998,0.000000,0.000000,0.000000,0
28970,143.662507,90.624999,0.000000,51.477504,-150.945118,0
28980,143.212503,90.499998,0.000000,46.704211,-164.475889,0
28990,143.212503,90.499998,0.000000,0.000000,0.000000,0
29000,142.987507,90.499998,0.000000,22.499657,180.000000,0
29010,142.987507,90.499998,0.000000,0.000000,0.000000,0
29020,142.987507,90.499998,0.000000,0.000000,0.000000,0
29030,142.987507,90.624999,0.000000,12.500095,90.000000,0
29040,142.987507,90.874998,0.000000,24.999905,90.000000,0
29050,142.987507,91.500000,0.000000,62.500191,90.000000,0
29060,142.987507,91.500000,0.000000,0.000000,0.000000,0
29070,143.662507,93.499998,0.000000,211.083334,71.350445,0
29080,145.125000,96.249999,0.000000,311.470567,61.995262,0
29090,145.125000,96.249999,0.000000,0.000000,0.000000,0
29100,148.725007,98.625000,0.000000,431.285045,33.413684,0
29110,148.725007,98.625000,0.000000,0.000000,0.000000,0
29120,150.975003,100.125000,0.000000,270.416060,33.690108,0
29130,153.112507,101.625000,0.000000,261.130636,35.059384,0
29140,153.112507,101.625000,0.000000,0.000000,0.000000,0
29150,155.250000,102.750000,0.000000,241.547136,27.758616,0
29160,155.250000,102.750000,0.000000,0.000000,0.000000,0
29170,158.062503,103.875000,0.000000,302.915839,21.801385,0
29180,158.400003,103.749999,0.000000,35.990483,-20.323279,0
29190,158.400003,103.749999,0.000000,0.000000,0.000000,0
29200,158.175007,103.749999,0.000000,22.499657,180.000000,0
29210,158.175007,103.749999,0.000000,0.000000,0.000000,0
29220,158.287500,103.749999,0.000000,11.249313,0.000000,0
29230,158.850007,104.124999,0.000000,67.604658,33.689745,0
29240,158.850007,104.124999,0.000000,0.000000,0.000000,0
29250,158.175007,104.124999,0.000000,67.500000,180.000000,0
29260,158.175007,104.124999,0.000000,0.000000,0.000000,0
29270,156.825007,103.999998,0.000000,135.577477,-174.709879,0
29280,155.812507,103.875000,0.000000,102.018664,-172.962166,0
29290,155.812507,103.875000,0.000000,0.000000,0.000000,0
29300,155.137507,103.624998,0.000000,71.980966,-159.676721,0
29310,155.137507,103.624998,0.000000,0.000000,0.000000,0
29320,154.012503,103.500000,0.000000,113.192634,-173.659923,0
29330,153.450007,103.500000,0.000000,56.249657,180.000000,0
29340,153.450007,103.500000,0.000000,0.000000,0.000000,0
29350,153.337503,103.500000,0.000000,11.250343,180.000000,0
29360,153.337503,103.500000,0.000000,0.000000,0.000000,0
29370,153.112507,103.624998,0.000000,25.738683,150.945396,0
29380,152.887500,103.749999,0.000000,25.739722,150.945953,0
29390,152.887500,103.749999,0.000000,0.000000,0.000000,0
29400,152.662503,103.749999,0.000000,22.499657,180.000000,0
29410,152.662503,103.749999,0.000000,0.000000,0.000000,0
29420,152.437507,103.749999,0.000000,22.499657,180.000000,0
29430,152.437507,103.749999,0.000000,0.000000,0.000000,0
29440,152.325003,103.624998,0.000000,16.817331,-131.987865,0
29450,152.325003,103.624998,0.000000,0.000000,0.000000,0
29460,152.325003,103.624998,0.000000,0.000000,0.000000,0
29470,152.100007,103.624998,0.000000,22.499657,180.000000,0
29480,151.987503,103.624998,0.000000,11.250343,180.000000,0
29490,151.987503,103.624998,0.000000,0.000000,0.000000,0
29500,151.987503,103.624998,0.000000,0.000000,0.000000,0
29510,151.987503,103.624998,0.000000,0.000000,0.000000,0
29520,151.762507,103.624998,0.000000,22.499657,180.000000,0
29530,151.762507,103.749999,0.000000,12.500095,90.000000,0
29540,151.762507,103.749999,0.000000,0.000000,0.000000,0
29550,151.650003,103.749999,0.000000,11.250343,180.000000,0
29560,151.650003,103.749999,0.000000,0.000000,0.000000,0
29570,151.650003,103.749999,0.000000,0.000000,0.000000,0
29580,151.650003,103.749999,0.000000,0.000000,0.000000,0
29590,151.650003,103.749999,0.000000,0.000000,0.000000,0
29600,151.650003,103.749999,0.000000,0.000000,0.000000,0
29610,151.537500,103.875000,0.178711,16.817331,131.987865,1
29620,151.537500,103.875000,0.178711,0.000000,0.000000,1
29630,151.537500,103.875000,0.178711,0.000000,0.000000,1
29640,151.537500,103.875000,0.178711,0.000000,0.000000,1
29650,151.537500,103.875000,0.178711,0.000000,0.000000,1
29660,151.537500,103.875000,0.178711,0.000000,0.000000,1
29670,151.537500,103.875000,0.178711,0.000000,0.000000,1
29680,151.537500,103.374999,0.288086,50.000095,-90.000000,1
29690,151.537500,103.374999,0.288086,0.000000,0.000000,1
29700,151.425007,103.125000,0.343750,27.414272,-114.226518,1
29710,151.425007,103.125000,0.343750,0.000000,0.000000,1
29720,151.425007,102.624999,0.373047,50.000095,-90.000000,1
29730,151.312503,102.000000,0.424805,63.504396,-100.204294,1
29740,151.312503,102.000000,0.424805,0.000000,0.000000,1
29750,151.200000,101.250000,0.454102,75.839107,-98.531022,1
29760,151.200000,101.250000,0.454102,0.000000,0.000000,1
29770,151.087507,99.999999,0.466797,125.505262,-95.142448,1
29780,150.637503,97.500000,0.495117,254.017683,-100.204054,1
29790,150.637503,97.500000,0.495117,0.000000,0.000000,1
29800,150.187500,95.874999,0.536133,168.615871,-105.478742,1
29810,150.187500,95.874999,0.536133,0.000000,0.000000,1
29820,149.737507,93.999999,0.583008,192.824242,-103.495535,1
29830,149.175000,91.999998,0.604492,207.759904,-105.708813,1
29840,149.175000,91.999998,0.604492,0.000000,0.000000,1
29850,148.387507,88.624998,0.596680,346.565584,-103.133912,1
29860,148.387507,88.624998,0.596680,0.000000,0.000000,1
29870,147.712507,86.374998,0.596680,234.906896,-106.699244,1
29880,147.150000,84.499998,0.604492,195.755944,-106.699437,1
29890,147.150000,84.499998,0.604492,0.000000,0.000000,1
29900,146.475000,82.749996,0.615234,187.566833,-111.092319,1
29910,146.475000,82.749996,0.615234,0.000000,0.000000,1
29920,146.025007,81.750000,0.626953,109.657931,-114.227500,1
29930,145.800000,81.124998,0.663086,66.427063,-109.799378,1
29940,145.800000,81.124998,0.663086,0.000000,0.000000,1
29950,145.687507,80.874996,0.666992,27.414532,-114.226273,1
29960,145.687507,80.874996,0.666992,0.000000,0.000000,1
29970,145.687507,80.749998,0.666992,12.499809,-90.000000,1
29980,145.687507,80.749998,0.666992,0.000000,0.000000,1
29990,145.687507,80.749998,0.666992,0.000000,0.000000,1
30000,145.687507,80.749998,0.666992,0.000000,0.000000,1
30010,145.687507,80.749998,0.666992,0.000000,0.000000,1
30020,145.687507,80.749998,0.666992,0.000000,0.000000,1
30030,145.687507,80.749998,0.666992,0.000000,0.000000,1
30040,145.687507,80.749998,0.666992,0.000000,0.000000,1
30050,145.687507,80.749998,0.666992,0.000000,0.000000,1
30060,145.687507,80.749998,0.666992,0.000000,0.000000,1
30070,145.687507,80.749998,0.666992,0.000000,0.000000,1
30080,145.687507,81.000000,0.710938,25.000191,90.000000,1
30090,145.687507,81.000000,0.710938,0.000000,0.000000,1
30100,145.800000,81.750000,0.692383,75.838955,81.469747,1
30110,145.912503,82.749996,0.000000,100.630482,83.580995,0
30120,145.912503,82.749996,0.000000,0.000000,0.000000,0
30130,145.912503,85.749996,0.000000,300.000000,90.000000,0
30140,145.912503,85.749996,0.000000,0.000000,0.000000,0
30150,146.475000,90.000000,0.000000,428.706599,82.460607,0
30160,146.475000,90.000000,0.000000,0.000000,0.000000,0
30170,147.375007,92.625000,0.000000,277.500223,71.075221,0
30180,148.500000,95.124999,0.000000,274.146034,65.772377,0
30190,148.500000,95.124999,0.000000,0.000000,0.000000,0
30200,149.850000,97.500000,0.000000,273.187290,60.385198,0
30210,149.850000,97.500000,0.000000,0.000000,0.000000,0
30220,151.200000,99.874998,0.000000,273.187041,60.385169,0
30230,152.550000,102.750000,0.000000,317.618261,64.846897,0
30240,152.550000,102.750000,0.000000,0.000000,0.000000,0
30250,152.775007,103.999998,0.000000,127.008792,79.795706,0
30260,152.775007,103.999998,0.000000,0.000000,0.000000,0
30270,152.662503,103.749999,0.000000,27.414694,-114.228481,0
30280,152.662503,103.749999,0.000000,0.000000,0.000000,0
30290,152.662503,103.749999,0.000000,0.000000,0.000000,0
30300,153.112507,104.625000,0.000000,98.393585,62.783736,0
30310,153.112507,104.625000,0.000000,0.000000,0.000000,0
30320,153.450007,105.499998,0.000000,93.783149,68.907619,0
30330,153.562500,106.374999,0.000000,88.220257,82.674044,0
30340,153.562500,106.374999,0.000000,0.000000,0.000000,0
30350,153.562500,107.374998,0.000000,99.999905,90.000000,0
30360,153.562500,107.374998,0.000000,0.000000,0.000000,0
30370,153.562500,108.249999,0.000000,87.500095,90.000000,0
30380,153.337503,108.874998,0.000000,66.426445,109.798626,0
30390,153.337503,108.874998,0.000000,0.000000,0.000000,0
30400,153.112507,108.999999,0.000000,25.738822,150.944839,0
30410,153.112507,108.999999,0.000000,0.000000,0.000000,0
30420,152.775007,109.125000,0.000000,35.990483,159.676721,0
30430,152.437507,109.249998,0.000000,35.990384,159.677148,0
30440,152.437507,109.249998,0.000000,0.000000,0.000000,0
30450,151.987503,109.249998,0.000000,45.000343,180.000000,0
30460,151.987503,109.249998,0.000000,0.000000,0.000000,0
30470,151.537500,109.125000,0.000000,46.704134,-164.476227,0
30480,151.312503,108.999999,0.000000,25.738822,-150.944839,0
30490,151.312503,108.999999,0.000000,0.000000,0.000000,0
30500,151.087507,108.999999,0.000000,22.499657,180.000000,0
30510,151.087507,108.999999,0.000000,0.000000,0.000000,0
30520,150.975003,108.999999,0.000000,11.250343,180.000000,0
30530,150.975003,108.999999,0.000000,0.000000,0.000000,0
30540,150.975003,108.999999,0.000000,0.000000,0.000000,0
30550,150.862500,109.125000,0.244141,16.817331,131.987865,1
30560,150.862500,109.125000,0.244141,0.000000,0.000000,1
30570,150.862500,109.125000,0.244141,0.000000,0.000000,1
30580,150.862500,109.125000,0.244141,0.000000,0.000000,1
30590,150.862500,109.125000,0.244141,0.000000,0.000000,1
30600,150.862500,109.125000,0.244141,0.000000,0.000000,1
30610,150.862500,109.125000,0.244141,0.000000,0.000000,1
30620,151.087507,109.249998,0.479492,25.739583,29.053491,1
30630,151.650003,109.624998,0.488281,67.603801,33.690229,1
30640,151.650003,109.624998,0.488281,0.000000,0.000000,1
30650,153.112507,110.250000,0.498047,159.045392,23.139476,1
30660,153.112507,110.250000,0.498047,0.000000,0.000000,1
30670,155.137507,110.874999,0.503906,211.925666,17.152397,1
30680,157.162507,111.375000,0.535156,208.581542,13.869712,1
30690,157.162507,111.375000,0.535156,0.000000,0.000000,1
30700,160.200007,111.875000,0.544922,307.837713,9.347569,1
30710,160.200007,111.875000,0.544922,0.000000,0.000000,1
30720,161.887507,111.999999,0.547852,169.212326,4.236379,1
30730,163.462503,111.999999,0.552734,157.499657,0.000000,1
30740,163.462503,111.999999,0.552734,0.000000,0.000000,1
30750,165.487503,111.875000,0.553711,202.885433,-3.532281,1
30760,165.487503,111.875000,0.553711,0.000000,0.000000,1
30770,166.387500,111.750000,0.553711,90.863563,-7.907163,1
30780,166.837503,111.500000,0.553711,51.478474,-29.054465,1
30790,166.837503,111.500000,0.553711,0.000000,0.000000,1
30800,167.287507,111.000000,0.550781,67.268314,-48.012543,1
30810,167.287507,111.000000,0.550781,0.000000,0.000000,1
30820,167.737500,110.374998,0.551758,77.014363,-54.246610,1
30830,167.962507,109.749999,0.552734,66.426794,-70.200539,1
30840,167.962507,109.749999,0.552734,0.000000,0.000000,1
30850,168.187503,108.375000,0.554688,139.328598,-80.706824,1
30860,168.187503,108.375000,0.554688,0.000000,0.000000,1
30870,168.300007,106.999998,0.573242,137.959678,-85.322446,1
30880,168.300007,105.624999,0.590820,137.499905,-90.000000,1
30890,168.300007,105.624999,0.590820,0.000000,0.000000,1
30900,168.300007,104.499999,0.608398,112.500000,-90.000000,1
30910,168.300007,104.499999,0.608398,0.000000,0.000000,1
30920,168.300007,102.624999,0.618164,187.500000,-90.000000,1
30930,168.300007,101.374998,0.624023,125.000095,-90.000000,1
30940,168.300007,101.374998,0.624023,0.000000,0.000000,1
30950,168.187503,99.874998,0.634766,150.421309,-94.289284,1
30960,168.187503,99.874998,0.634766,0.000000,0.000000,1
30970,168.187503,98.374998,0.645508,150.000000,-90.000000,1
30980,167.962507,96.874998,0.660156,151.678062,-98.530637,1
30990,167.962507,96.874998,0.660156,0.000000,0.000000,1
31000,167.625007,94.624998,0.674805,227.517170,-98.530766,1
31010,167.625007,94.624998,0.674805,0.000000,0.000000,1
31020,167.400000,93.249999,0.681641,139.328765,-99.293594,1
31030,167.287507,91.749999,0.681641,150.421232,-94.288893,1
31040,167.287507,91.749999,0.681641,0.000000,0.000000,1
31050,167.062500,90.375000,0.681641,139.328765,-99.293594,1
31060,167.062500,90.375000,0.681641,0.000000,0.000000,1
31070,166.837503,88.249998,0.680664,213.688010,-96.043995,1
31080,166.612507,86.874996,0.687500,139.328881,-99.293157,1
31090,166.612507,86.874996,0.687500,0.000000,0.000000,1
31100,166.500003,85.374996,0.692383,150.421309,-94.289284,1
31110,166.500003,85.374996,0.692383,0.000000,0.000000,1
31120,166.275007,84.000000,0.691406,139.328316,-99.293195,1
31130,166.050000,82.749996,0.690430,127.009355,-100.204248,1
31140,166.050000,82.749996,0.690430,0.000000,0.000000,1
31150,165.712500,80.874996,0.688477,190.513287,-100.203974,1
31160,165.712500,80.874996,0.688477,0.000000,0.000000,1
31170,165.375000,79.749996,0.685547,117.453448,-106.699244,1
31180,165.262507,78.874998,0.687500,88.219973,-97.325980,1
31190,165.262507,78.874998,0.687500,0.000000,0.000000,1
31200,165.037500,78.375000,0.689453,54.829388,-114.228481,1
31210,165.037500,78.375000,0.689453,0.000000,0.000000,1
31220,164.812503,77.124996,0.684570,127.009173,-100.203791,1
31230,164.587507,76.249998,0.676758,90.346285,-104.420592,1
31240,164.587507,76.249998,0.676758,0.000000,0.000000,1
31250,164.362500,75.375000,0.674805,90.346541,-104.421225,1
31260,164.250007,74.499996,0.674805,88.220541,-97.325933,1
31270,164.250007,74.499996,0.674805,0.000000,0.000000,1
31280,164.025000,73.749996,0.674805,78.302496,-106.699725,1
31290,164.025000,73.749996,0.674805,0.000000,0.000000,1
31300,163.575007,72.624996,0.681641,121.165953,-111.801108,1
31310,163.575007,72.624996,0.681641,0.000000,0.000000,1
31320,163.350000,72.000000,0.686523,66.426525,-109.799545,1
31330,163.012500,71.499996,0.689453,60.324959,-124.019147,1
31340,163.012500,71.499996,0.689453,0.000000,0.000000,1
31350,162.787503,70.999998,0.691406,54.828966,-114.227500,1
31360,162.562507,70.624998,0.698242,43.731963,-120.963371,1
31370,162.562507,70.624998,0.698242,0.000000,0.000000,1
31380,162.450003,70.500000,0.711914,16.817118,-131.988517,1
31390,162.450003,70.500000,0.711914,0.000000,0.000000,1
31400,162.225007,70.500000,0.714844,22.499657,180.000000,1
31410,162.225007,70.500000,0.714844,0.000000,0.000000,1
31420,162.112503,70.875000,0.717773,39.151248,106.699725,1
31430,160.987500,72.999996,0.000000,240.442124,117.897386,0
31440,160.987500,72.999996,0.000000,0.000000,0.000000,0
31450,159.187507,76.500000,0.000000,393.573398,117.215997,0
31460,159.187507,76.500000,0.000000,0.000000,0.000000,0
31470,157.837507,79.749996,0.000000,351.922935,112.557270,0
31480,157.050003,82.500000,0.000000,286.053887,105.979832,0
31490,157.050003,82.500000,0.000000,0.000000,0.000000,0
31500,157.162507,84.375000,0.000000,187.837217,86.566265,0
31510,157.162507,84.375000,0.000000,0.000000,0.000000,0
31520,156.487507,86.374998,0.000000,211.083334,108.649555,0
31530,156.150007,88.125000,0.000000,178.224940,100.915871,0
31540,156.150007,88.125000,0.000000,0.000000,0.000000,0
31550,156.037503,90.499998,0.000000,237.766124,92.712068,0
31560,156.037503,90.499998,0.000000,0.000000,0.000000,0
31570,155.925000,92.625000,0.000000,212.797794,93.030566,0
31580,155.812507,94.500000,0.000000,187.837156,93.433421,0
31590,155.812507,94.500000,0.000000,0.000000,0.000000,0
31600,155.587500,94.875000,0.000000,43.732492,120.964528,0
31610,155.587500,94.875000,0.000000,0.000000,0.000000,0
31620,155.362503,94.624998,0.000000,33.633972,-131.986560,0
31630,155.362503,94.875000,0.000000,25.000191,90.000000,0
31640,155.362503,94.875000,0.000000,0.000000,0.000000,0
31650,155.475007,96.000000,0.000000,113.061135,84.289234,0
31660,155.475007,96.000000,0.000000,0.000000,0.000000,0
31670,155.362503,96.375000,0.000000,39.151248,106.699725,0
31680,155.137507,96.624999,0.000000,33.633760,131.986886,0
31690,155.137507,96.624999,0.000000,0.000000,0.000000,0
31700,155.025003,96.624999,0.000000,11.250343,180.000000,0
31710,155.025003,96.624999,0.000000,0.000000,0.000000,0
31720,154.687503,96.874998,0.000000,42.000687,143.471249,0
31730,154.350003,96.750000,0.000000,35.990384,-159.677148,0
31740,154.350003,96.750000,0.000000,0.000000,0.000000,0
31750,154.125007,96.624999,0.000000,25.738822,-150.944839,0
31760,154.125007,96.624999,0.000000,0.000000,0.000000,0
31770,153.787507,96.624999,0.000000,33.750000,180.000000,0
31780,153.562500,96.874998,0.000000,33.634449,131.988191,0
31790,153.562500,96.874998,0.000000,0.000000,0.000000,0
31800,153.450007,96.999999,0.000000,16.816642,131.985256,0
31810,153.450007,96.999999,0.000000,0.000000,0.000000,0
31820,153.225000,97.374999,0.157227,43.732492,120.964528,1
31830,153.225000,97.374999,0.157227,0.000000,0.000000,1
31840,153.225000,97.374999,0.157227,0.000000,0.000000,1
31850,153.225000,97.374999,0.157227,0.000000,0.000000,1
31860,153.225000,97.374999,0.157227,0.000000,0.000000,1
31870,153.225000,97.374999,0.157227,0.000000,0.000000,1
31880,153.225000,97.374999,0.157227,0.000000,0.000000,1
31890,153.225000,97.374999,0.157227,0.000000,0.000000,1
31900,153.000003,97.500000,0.383789,25.738822,150.944839,1
31910,153.000003,97.624998,0.457031,12.499809,90.000000,1
31920,153.000003,97.624998,0.457031,0.000000,0.000000,1
31930,152.887500,97.624998,0.473633,11.250343,180.000000,1
31940,152.887500,97.624998,0.473633,0.000000,0.000000,1
31950,152.887500,97.624998,0.473633,0.000000,0.000000,1
31960,152.887500,97.624998,0.473633,0.000000,0.000000,1
31970,152.887500,97.624998,0.473633,0.000000,0.000000,1
31980,152.775007,97.624998,0.509766,11.249313,180.000000,1
31990,152.775007,97.624998,0.509766,0.000000,0.000000,1
32000,152.662503,97.624998,0.514648,11.250343,180.000000,1
32010,152.662503,97.624998,0.514648,0.000000,0.000000,1
32020,152.662503,97.624998,0.514648,0.000000,0.000000,1
32030,152.662503,97.749999,0.524414,12.500095,90.000000,1
32040,152.662503,97.749999,0.524414,0.000000,0.000000,1
32050,152.662503,97.749999,0.524414,0.000000,0.000000,1
32060,152.887500,97.875000,0.538086,25.738822,29.055161,1
32070,152.887500,97.875000,0.538086,0.000000,0.000000,1
32080,153.900000,98.124999,0.559570,104.290737,13.869636,1
32090,153.900000,98.124999,0.559570,0.000000,0.000000,1
32100,156.037503,98.499999,0.620117,217.014883,9.950611,1
32110,156.037503,98.499999,0.620117,0.000000,0.000000,1
32120,158.625000,98.749998,0.676758,259.954573,5.518680,1
32130,162.112503,98.749998,0.724609,348.750343,0.000000,1
32140,162.112503,98.749998,0.724609,0.000000,0.000000,1
32150,164.137503,98.625000,0.728516,202.885424,-3.532241,1
32160,164.137503,98.625000,0.728516,0.000000,0.000000,1
32170,165.375000,98.250000,0.725586,129.306719,-16.858443,1
32180,165.712500,97.999998,0.671875,42.000858,-36.529064,1
32190,165.825003,97.749999,0.000000,27.414694,-65.771519,0
32200,165.825003,97.749999,0.000000,0.000000,0.000000,0
32210,165.825003,97.749999,0.000000,0.000000,0.000000,0
32220,164.025000,97.374999,0.000000,183.865096,-168.231733,0
32230,163.350000,97.249998,0.000000,68.647668,-169.508445,0
32240,163.350000,97.249998,0.000000,0.000000,0.000000,0
32250,163.462503,97.125000,0.000000,16.817118,-48.011483,0
32260,163.462503,97.125000,0.000000,0.000000,0.000000,0
32270,163.012500,96.999999,0.000000,46.704211,-164.475889,0
32280,162.450003,96.750000,0.000000,61.555009,-156.037462,0
32290,162.450003,96.750000,0.000000,0.000000,0.000000,0
32300,161.550007,96.124998,0.000000,109.572862,-145.221984,0
32310,161.550007,96.124998,0.000000,0.000000,0.000000,0
32320,160.537507,95.250000,0.000000,133.819950,-139.166567,0
32330,159.525007,93.999999,0.000000,160.862010,-129.007451,0
32340,159.525007,93.999999,0.000000,0.000000,0.000000,0
32350,158.400003,93.249999,0.000000,135.208458,-146.310013,0
32360,157.162507,92.499999,0.000000,144.703067,-148.781527,0
32370,157.162507,92.499999,0.000000,0.000000,0.000000,0
32380,156.375003,92.374998,0.000000,79.736246,-170.980649,0
32390,156.375003,92.374998,0.000000,0.000000,0.000000,0
32400,155.812507,92.250000,0.000000,57.621776,-167.471303,0
32410,155.812507,92.250000,0.000000,0.000000,0.000000,0
32420,155.362503,92.250000,0.000000,45.000343,180.000000,0
32430,155.025003,92.250000,0.000000,33.750000,180.000000,0
32440,155.025003,92.250000,0.000000,0.000000,0.000000,0
32450,154.800007,92.374998,0.000000,25.738683,150.945396,0
32460,154.800007,92.374998,0.000000,0.000000,0.000000,0
32470,154.687503,92.499999,0.000000,16.817331,131.987865,0
32480,154.687503,92.499999,0.000000,0.000000,0.000000,0
32490,154.687503,92.749998,0.000000,24.999905,90.000000,0
32500,154.687503,92.874999,0.000000,12.500095,90.000000,0
32510,154.687503,92.874999,0.000000,0.000000,0.000000,0
32520,154.687503,92.874999,0.000000,0.000000,0.000000,0
32530,154.800007,93.000000,0.000000,16.817331,48.012135,0
32540,154.800007,93.124998,0.000000,12.499809,90.000000,0
32550,154.912500,93.124998,0.000000,11.249313,0.000000,0
32560,154.912500,93.124998,0.000000,0.000000,0.000000,0
32570,155.025003,93.249999,0.000000,16.817331,48.012135,0
32580,155.250000,93.249999,0.000000,22.499657,0.000000,0
32590,155.250000,93.249999,0.359375,0.000000,0.000000,1
32600,155.250000,93.249999,0.359375,0.000000,0.000000,1
32610,155.250000,93.249999,0.359375,0.000000,0.000000,1
32620,155.250000,93.249999,0.359375,0.000000,0.000000,1
32630,155.250000,93.249999,0.359375,0.000000,0.000000,1
32640,155.250000,93.249999,0.359375,0.000000,0.000000,1
32650,154.462507,93.000000,0.560547,82.622331,-162.387341,1
32660,154.462507,93.000000,0.560547,0.000000,0.000000,1
32670,153.337503,92.374998,0.553711,128.695770,-150.945396,1
32680,152.662503,91.749999,0.561523,91.991783,-137.202642,1
32690,152.662503,91.749999,0.561523,0.000000,0.000000,1
32700,152.212500,91.374999,0.574219,58.577136,-140.194644,1
32710,152.212500,91.374999,0.574219,0.000000,0.000000,1
32720,151.987503,91.125000,0.590820,33.633760,-131.986886,1
32730,152.212500,90.999999,0.584961,25.738822,-29.055161,1
32740,152.212500,90.999999,0.584961,0.000000,0.000000,1
32750,153.900000,90.999999,0.641602,168.750000,0.000000,1
32760,153.900000,90.999999,0.641602,0.000000,0.000000,1
32770,156.037503,91.125000,0.677734,214.115533,3.346839,1
32780,158.287500,91.500000,0.735352,228.103256,9.462336,1
32790,158.287500,91.500000,0.735352,0.000000,0.000000,1
32800,160.425003,91.875000,0.768555,217.014883,9.950611,1
32810,160.425003,91.875000,0.768555,0.000000,0.000000,1
32820,163.125003,92.124999,0.793945,271.154928,5.290061,1
32830,164.362500,92.124999,0.796875,123.749657,0.000000,1
32840,164.362500,92.124999,0.796875,0.000000,0.000000,1
32850,165.150003,92.124999,0.750977,78.750343,0.000000,1
32860,165.150003,92.124999,0.750977,0.000000,0.000000,1
